Date,Open,High,Low,Close,Adj Close,Volume
2006-01-03,57.250000,59.099998,57.060001,59.080002,38.719036,13296000
2006-01-04,59.080002,59.080002,58.430000,58.910000,38.607632,8838700
2006-01-05,58.680000,58.959999,57.849998,58.189999,38.135757,8634800
2006-01-06,58.950001,59.570000,58.590000,59.250000,38.830456,9609000
2006-01-09,59.490002,59.580002,58.549999,58.950001,38.633831,6442300
2006-01-10,58.759998,59.480000,58.750000,59.240002,38.823910,6969000
2006-01-11,59.220001,60.000000,58.650002,59.840000,39.217117,6451300
2006-01-12,60.000000,60.590000,59.610001,59.889999,39.249897,7535200
2006-01-13,59.889999,60.619999,59.750000,60.360001,39.557903,5867900
2006-01-17,60.900002,61.900002,60.720001,61.860001,40.540958,8751800
2006-01-18,61.980000,62.000000,60.459999,60.900002,39.911804,8984000
2006-01-19,60.400002,61.750000,60.209999,61.599998,40.370564,7877800
2006-01-20,62.000000,62.430000,60.750000,61.119999,40.055984,11189300
2006-01-23,61.090000,62.380001,60.520000,62.209999,40.770332,8962800
2006-01-24,62.049999,62.720001,61.799999,62.049999,40.665489,8400100
2006-01-25,62.299999,62.549999,60.529999,61.259998,40.147728,12446800
2006-01-26,61.500000,61.500000,60.110001,60.220001,39.466156,14414400
2006-01-27,60.099998,60.759998,59.799999,60.380001,39.571003,16687800
2006-01-30,60.849998,60.849998,59.810001,60.750000,39.813492,12625000
2006-01-31,60.410000,60.599998,59.270000,59.380001,38.915657,15266500
2006-02-01,59.380001,59.799999,58.599998,58.700001,38.470001,11121300
2006-02-02,58.709999,59.049999,57.750000,58.509998,38.345486,9142700
2006-02-03,58.119999,58.689999,57.369999,57.500000,37.683556,11274800
2006-02-06,58.000000,59.419998,58.000000,58.840000,38.561745,9908000
2006-02-07,58.540001,58.540001,57.599998,57.740002,37.840843,9927100
2006-02-08,57.740002,58.180000,56.799999,57.889999,37.939152,9877700
2006-02-09,58.119999,58.970001,56.730000,56.900002,37.290344,11167100
2006-02-10,57.320000,57.490002,56.000000,56.610001,37.100288,12130600
2006-02-13,56.630001,57.590000,56.349998,56.619999,37.106838,8094000
2006-02-14,55.849998,56.299999,55.410000,55.720001,36.809574,12426900
2006-02-15,55.849998,56.369999,55.500000,55.959999,36.968113,11940500
2006-02-16,56.099998,56.590000,55.959999,56.299999,37.192719,10606900
2006-02-17,56.779999,57.389999,56.299999,57.169998,37.767448,10893000
2006-02-21,57.990002,58.400002,57.490002,57.900002,38.249706,9605400
2006-02-22,57.900002,57.900002,56.910000,57.240002,37.813709,7623200
2006-02-23,57.099998,57.750000,56.790001,57.139999,37.747631,9232800
2006-02-24,57.560001,57.970001,57.400002,57.650002,38.084541,8450000
2006-02-27,57.650002,57.720001,57.049999,57.099998,37.721207,6204800
2006-02-28,56.689999,56.840000,56.230000,56.480000,37.311623,8858000
2006-03-01,56.720001,57.290001,56.630001,57.240002,37.813709,7391900
2006-03-02,57.240002,57.590000,56.500000,57.009998,37.661751,10056900
2006-03-03,56.820000,57.439999,56.669998,56.970001,37.635330,9471600
2006-03-06,56.750000,56.860001,55.810001,55.849998,36.895435,9684300
2006-03-07,55.849998,55.939999,54.950001,55.320000,36.545319,10783000
2006-03-08,55.320000,55.630001,54.150002,55.119999,36.413189,14190200
2006-03-09,55.470001,55.599998,54.450001,54.450001,35.970581,11726300
2006-03-10,54.150002,54.599998,53.759998,54.080002,35.726162,11114000
2006-03-13,54.529999,55.380001,54.259998,55.180000,36.452839,10585600
2006-03-14,55.200001,56.470001,55.029999,56.349998,37.225750,10098600
2006-03-15,56.500000,56.599998,55.680000,56.500000,37.324848,8740200
2006-03-16,56.509998,58.029999,56.279999,57.740002,38.144009,11252700
2006-03-17,57.980000,58.040001,57.020000,57.180000,37.774067,9385900
2006-03-20,57.000000,57.430000,56.650002,56.750000,37.489998,6876200
2006-03-21,56.599998,57.099998,56.150002,56.570000,37.371078,6231400
2006-03-22,56.419998,57.240002,56.250000,56.490002,37.318237,6398400
2006-03-23,56.660000,56.869999,56.200001,56.630001,37.410732,7381200
2006-03-24,56.700001,57.799999,56.650002,57.570000,38.031700,9533000
2006-03-27,57.849998,58.419998,57.330002,58.209999,38.454498,7296100
2006-03-28,58.410000,58.869999,57.820000,57.860001,38.223278,8749800
2006-03-29,57.549999,58.830002,57.549999,58.630001,38.731945,7322100
2006-03-30,58.750000,59.290001,58.400002,58.509998,38.652668,6748300
2006-03-31,58.259998,58.419998,57.660000,57.970001,38.295959,7363200
2006-04-03,58.349998,59.200001,58.230000,58.340000,38.540375,6919400
2006-04-04,58.349998,59.150002,58.060001,58.910000,38.916927,5795800
2006-04-05,58.910000,59.509998,58.610001,59.500000,39.306702,6873800
2006-04-06,59.650002,59.840000,58.959999,59.410000,39.247234,5212200
2006-04-07,59.680000,59.689999,58.389999,58.650002,38.745167,6880500
2006-04-10,59.139999,59.820000,59.110001,59.720001,39.452034,7380200
2006-04-11,59.900002,60.529999,59.279999,59.459999,39.280262,7476800
2006-04-12,59.209999,59.759998,58.450001,58.669998,38.758381,7136800
2006-04-13,58.400002,58.950001,58.000000,58.779999,38.831051,5250200
2006-04-17,59.180000,59.480000,59.000000,59.320000,39.187775,5121900
2006-04-18,59.849998,60.959999,59.849998,60.869999,40.211723,9218000
2006-04-19,60.490002,61.430000,60.110001,61.009998,40.304218,8220700
2006-04-20,60.700001,60.930000,59.389999,60.029999,39.656811,8970100
2006-04-21,60.470001,61.509998,60.110001,61.480000,40.614716,10951000
2006-04-24,61.570000,61.689999,60.770000,60.990002,40.291016,11450400
2006-04-25,61.389999,61.939999,60.060001,60.410000,39.907845,9434400
2006-04-26,60.430000,61.790001,60.000000,60.220001,39.782333,11277400
2006-04-27,59.650002,60.980000,58.700001,59.980000,39.623791,9758600
2006-04-28,60.500000,61.389999,60.400002,61.020000,40.310833,8885500
2006-05-01,61.619999,62.000000,61.110001,61.169998,40.409912,7225800
2006-05-02,61.570000,62.950001,61.389999,62.799999,41.486732,8404900
2006-05-03,62.740002,62.740002,61.419998,61.900002,40.892178,8684100
2006-05-04,61.599998,62.450001,61.049999,62.000000,40.958237,9835300
2006-05-05,62.480000,62.900002,61.980000,62.349998,41.189445,8666800
2006-05-08,62.000000,62.349998,61.279999,62.009998,40.964840,6501300
2006-05-09,61.959999,63.180000,61.889999,62.860001,41.526360,15199900
2006-05-10,62.810001,62.959999,62.119999,62.880001,41.539574,10326500
2006-05-11,63.189999,63.650002,62.500000,62.709999,41.427277,12982200
2006-05-12,62.750000,62.810001,61.169998,61.380001,40.548653,12274500
2006-05-15,60.410000,61.599998,59.959999,60.560001,40.006947,12016800
2006-05-16,60.799999,61.820000,60.450001,61.020000,40.310833,9440100
2006-05-17,60.020000,60.930000,58.279999,58.939999,39.271412,11008500
2006-05-18,58.939999,59.650002,58.700001,58.700001,39.111500,8819400
2006-05-19,58.709999,59.299999,57.430000,58.470001,38.958256,11406800
2006-05-22,58.000000,58.750000,57.020000,58.220001,38.791672,10186800
2006-05-23,58.970001,59.599998,57.950001,58.099998,38.711720,8480700
2006-05-24,57.840000,58.509998,56.630001,57.599998,38.378571,13293100
2006-05-25,58.450001,59.740002,58.029999,59.490002,39.637878,11080200
2006-05-26,59.599998,59.930000,59.209999,59.830002,39.864418,5325600
2006-05-30,60.000000,60.080002,58.410000,58.450001,38.944923,7821700
2006-05-31,58.470001,59.830002,58.470001,59.790001,39.837769,12303800
2006-06-01,59.669998,60.200001,59.060001,59.980000,39.964348,11501600
2006-06-02,60.410000,60.849998,59.830002,60.750000,40.477413,11399900
2006-06-05,61.259998,61.290001,59.320000,59.349998,39.544590,8690000
2006-06-06,59.360001,59.720001,58.500000,58.930000,39.264755,10554600
2006-06-07,58.709999,59.709999,57.160000,57.169998,38.092064,13807800
2006-06-08,56.770000,58.000000,55.410000,57.860001,38.551819,15265800
2006-06-09,57.959999,58.320000,57.320000,57.529999,38.331928,12866100
2006-06-12,57.880001,58.410000,57.299999,57.590000,38.371914,10809600
2006-06-13,57.590000,58.160000,56.689999,56.779999,37.832207,14723900
2006-06-14,57.150002,57.849998,56.900002,57.830002,38.531826,9987700
2006-06-15,58.299999,59.740002,58.220001,59.430000,39.597900,11799900
2006-06-16,59.099998,59.310001,58.099998,58.709999,39.118156,12494500
2006-06-19,58.720001,58.720001,57.110001,57.509998,38.318611,8140200
2006-06-20,57.759998,58.380001,57.430000,57.509998,38.318611,7998400
2006-06-21,57.520000,59.189999,57.490002,58.279999,38.831654,7878200
2006-06-22,58.439999,58.970001,57.970001,58.660000,39.084843,6290400
2006-06-23,58.759998,59.279999,58.660000,58.709999,39.118156,6558900
2006-06-26,58.720001,59.849998,58.520000,59.680000,39.764473,5870000
2006-06-27,60.000000,61.389999,59.959999,60.099998,40.044308,7787700
2006-06-28,60.349998,61.480000,60.349998,61.360001,40.883827,8304000
2006-06-29,61.580002,62.980000,61.520000,62.450001,41.610107,9986800
2006-06-30,62.450001,62.700001,61.950001,62.060001,41.350246,8103100
2006-07-03,62.270000,63.000000,62.259998,62.750000,41.809990,3133300
2006-07-05,62.759998,64.029999,62.549999,63.880001,42.562904,9895500
2006-07-06,63.880001,64.599998,63.680000,63.980000,42.629543,8434200
2006-07-07,64.150002,65.000000,63.330002,63.680000,42.429653,8958300
2006-07-10,63.599998,64.500000,63.389999,64.269997,42.822758,6305000
2006-07-11,64.529999,65.540001,64.519997,65.300003,43.509045,8775700
2006-07-12,65.550003,65.889999,64.500000,64.870003,43.222538,9700200
2006-07-13,65.059998,65.809998,64.889999,64.940002,43.269184,10201800
2006-07-14,65.480003,66.790001,65.440002,66.379997,44.228638,14930500
2006-07-17,65.709999,66.339996,64.529999,64.870003,43.222538,10740900
2006-07-18,65.400002,66.070000,64.790001,65.550003,43.675625,8677300
2006-07-19,65.550003,66.339996,65.059998,65.989998,43.968788,9964200
2006-07-20,66.050003,66.239998,65.199997,65.320000,43.522369,8366600
2006-07-21,65.779999,65.779999,64.410004,64.449997,42.942696,10087800
2006-07-24,64.650002,66.639999,64.650002,66.269997,44.155350,8368400
2006-07-25,66.419998,67.160004,65.800003,66.949997,44.608421,8346300
2006-07-26,66.959999,68.010002,66.750000,67.500000,44.974888,8369300
2006-07-27,68.440002,68.470001,67.540001,67.730003,45.128151,9268500
2006-07-28,66.300003,66.449997,64.930000,66.050003,44.008762,15358000
2006-07-31,65.699997,66.190002,65.250000,65.779999,43.828869,9143300
2006-08-01,65.720001,66.449997,65.260002,66.250000,44.142025,7228700
2006-08-02,66.500000,67.080002,65.779999,65.970001,43.955467,10020300
2006-08-03,65.739998,66.139999,65.500000,65.500000,43.642300,10382000
2006-08-04,65.970001,66.040001,64.959999,65.660004,43.748913,7626500
2006-08-07,65.919998,67.029999,65.809998,66.830002,44.528481,9229100
2006-08-08,66.839996,67.430000,66.709999,67.199997,44.775005,8544700
2006-08-09,67.510002,68.239998,67.320000,67.480003,44.961555,10704900
2006-08-10,67.290001,67.690002,66.849998,67.349998,44.874935,8830800
2006-08-11,67.349998,67.989998,67.110001,67.849998,45.208111,5109000
2006-08-14,67.500000,67.610001,66.419998,67.050003,44.675053,6260600
2006-08-15,67.750000,67.750000,66.500000,66.860001,44.548458,7278400
2006-08-16,67.000000,67.000000,64.949997,65.410004,43.923958,9467500
2006-08-17,64.820000,66.169998,64.820000,66.150002,44.420879,11987700
2006-08-18,66.349998,67.309998,66.160004,67.260002,45.166264,9074300
2006-08-21,67.419998,67.550003,66.730003,66.889999,44.917793,7934000
2006-08-22,66.599998,66.779999,66.209999,66.550003,44.689491,6892000
2006-08-23,66.440002,66.639999,65.419998,65.680000,44.105263,7566200
2006-08-24,65.680000,66.730003,65.620003,66.730003,44.810364,5336500
2006-08-25,66.800003,67.489998,66.709999,66.769997,44.837200,4349400
2006-08-28,66.309998,66.500000,65.860001,66.160004,44.427593,5449300
2006-08-29,65.970001,66.000000,65.129997,65.739998,44.145554,7134000
2006-08-30,65.750000,65.879997,64.150002,65.190002,43.776230,9205200
2006-08-31,65.190002,65.190002,64.349998,64.400002,43.245716,6609700
2006-09-01,64.720001,64.900002,64.290001,64.830002,43.534470,6277300
2006-09-05,65.730003,67.150002,65.349998,66.339996,44.548458,13338500
2006-09-06,66.089996,66.379997,65.099998,65.220001,43.796360,11065400
2006-09-07,65.010002,66.449997,64.989998,65.400002,43.917244,7998200
2006-09-08,65.400002,65.459999,64.120003,64.220001,43.124840,6574500
2006-09-11,63.630001,63.680000,61.380001,62.000000,41.634087,18665200
2006-09-12,62.000000,62.320000,60.959999,61.389999,41.224445,11857200
2006-09-13,61.610001,62.599998,61.480000,62.389999,41.895966,9513200
2006-09-14,62.459999,62.779999,61.500000,62.049999,41.667656,8014800
2006-09-15,62.060001,62.090000,61.240002,61.790001,41.493057,10521900
2006-09-18,62.000000,63.200001,61.720001,62.849998,42.204865,8206300
2006-09-19,63.009998,63.150002,61.520000,61.889999,41.560215,7752300
2006-09-20,61.900002,62.189999,60.860001,60.880001,40.881989,9623200
2006-09-21,61.080002,62.389999,61.080002,62.049999,41.667656,9061000
2006-09-22,62.299999,62.430000,61.270000,61.939999,41.593788,7444100
2006-09-25,61.459999,62.830002,60.720001,62.180000,41.754948,10800900
2006-09-26,62.180000,63.700001,62.040001,63.590000,42.701786,10870500
2006-09-27,63.840000,64.750000,63.279999,64.199997,43.111408,12291600
2006-09-28,64.110001,64.919998,64.080002,64.529999,43.333004,9956300
2006-09-29,64.400002,65.139999,64.010002,64.860001,43.554623,6797400
2006-10-02,64.900002,65.349998,64.459999,64.510002,43.319580,7955600
2006-10-03,64.000000,64.010002,62.919998,62.939999,42.265301,12808700
2006-10-04,63.250000,63.930000,62.220001,63.700001,42.775658,11281000
2006-10-05,64.129997,64.470001,63.419998,63.880001,42.896530,9577800
2006-10-06,63.520000,63.880001,62.799999,63.660000,42.748798,8886400
2006-10-09,64.019997,64.190002,63.139999,63.240002,42.466763,7807100
2006-10-10,63.090000,63.919998,63.000000,63.900002,42.909973,10930900
2006-10-11,63.630001,63.830002,63.000000,63.099998,42.372746,9417600
2006-10-12,63.490002,64.160004,63.310001,64.019997,42.990543,8136600
2006-10-13,64.360001,64.720001,63.939999,64.199997,43.111408,7704500
2006-10-16,64.410004,65.199997,64.180000,65.050003,43.682209,7813300
2006-10-17,65.110001,65.180000,64.709999,64.930000,43.601627,6809000
2006-10-18,64.940002,65.419998,64.260002,64.599998,43.380016,8085200
2006-10-19,64.800003,65.639999,64.360001,65.639999,44.078403,7052200
2006-10-20,65.830002,65.879997,64.919998,65.279999,43.836651,9599500
2006-10-23,64.940002,65.639999,64.529999,65.639999,44.078403,6606100
2006-10-24,65.639999,67.029999,65.459999,66.889999,44.917793,9061900
2006-10-25,66.660004,68.260002,66.419998,67.580002,45.381138,11946400
2006-10-26,68.279999,68.500000,67.279999,67.500000,45.327423,8884500
2006-10-27,68.050003,68.480003,67.419998,67.680000,45.448296,8888200
2006-10-30,67.209999,67.680000,66.019997,66.389999,44.582031,8869400
2006-10-31,66.099998,67.349998,65.760002,67.199997,45.125957,10721500
2006-11-01,67.199997,67.559998,66.510002,66.980003,44.978230,7874500
2006-11-02,66.949997,67.889999,66.529999,67.790001,45.522171,9013600
2006-11-03,68.000000,69.330002,68.000000,68.910004,46.274269,8608400
2006-11-06,69.050003,69.940002,68.760002,69.769997,46.851765,10218800
2006-11-07,69.849998,69.919998,68.639999,68.910004,46.274269,9893000
2006-11-08,68.599998,69.779999,68.599998,69.510002,46.677166,9312600
2006-11-09,69.860001,70.400002,69.540001,70.199997,47.140518,11484500
2006-11-10,70.300003,70.389999,69.139999,69.540001,46.697319,8790400
2006-11-13,69.540001,70.830002,69.059998,70.349998,47.241245,8858100
2006-11-14,70.459999,70.669998,69.900002,70.379997,47.261383,8066700
2006-11-15,69.849998,70.629997,69.570000,69.949997,47.322277,8780000
2006-11-16,70.309998,70.459999,68.489998,68.550003,46.375156,9311100
2006-11-17,68.110001,69.279999,67.860001,69.099998,46.747231,10323100
2006-11-20,68.839996,69.910004,68.730003,69.239998,46.841946,7456100
2006-11-21,69.580002,70.320000,69.449997,70.220001,47.504944,7708400
2006-11-22,70.220001,70.500000,69.019997,69.599998,47.085506,7388400
2006-11-24,68.970001,69.800003,68.739998,68.839996,46.571350,2883700
2006-11-27,69.290001,69.669998,68.400002,68.750000,46.510460,9568100
2006-11-28,68.889999,70.070000,68.849998,69.879997,47.274910,7682000
2006-11-29,70.199997,72.000000,69.910004,71.050003,48.066441,10238300
2006-11-30,71.250000,72.959999,71.150002,72.320000,48.925629,11974600
2006-12-01,72.330002,73.260002,71.830002,73.110001,49.460079,10402900
2006-12-04,73.110001,73.540001,72.699997,73.500000,49.723907,7489600
2006-12-05,73.660004,74.169998,72.779999,73.949997,50.028347,8262900
2006-12-06,73.849998,74.410004,73.500000,73.559998,49.764492,10276400
2006-12-07,73.660004,74.000000,73.050003,73.320000,49.602146,7181300
2006-12-08,73.620003,74.000000,72.769997,72.830002,49.270641,7637300
2006-12-11,72.830002,74.040001,72.660004,73.699997,49.859203,7986000
2006-12-12,74.459999,74.570000,73.370003,73.849998,49.960682,9241400
2006-12-13,74.529999,74.720001,73.870003,74.400002,50.332779,7637100
2006-12-14,74.720001,76.199997,74.449997,75.970001,51.394917,9234800
2006-12-15,75.989998,76.110001,74.980003,75.379997,50.995758,9534400
2006-12-18,75.099998,75.430000,73.250000,73.330002,49.608910,9217200
2006-12-19,72.980003,74.790001,72.500000,74.489998,50.393661,9201300
2006-12-20,74.459999,74.910004,73.480003,73.650002,49.825390,8691800
2006-12-21,73.660004,74.160004,72.540001,73.230003,49.541256,7539900
2006-12-22,73.300003,73.510002,72.660004,72.730003,49.202999,4486600
2006-12-26,72.639999,73.400002,72.529999,73.089996,49.446545,4007500
2006-12-27,73.279999,74.139999,73.260002,74.040001,50.089222,5114800
2006-12-28,74.260002,74.510002,74.010002,74.279999,50.251598,4057500
2006-12-29,73.889999,74.099998,73.500000,73.529999,49.744217,5410000
2007-01-03,72.769997,73.220001,70.550003,70.970001,48.012318,12719600
2007-01-04,70.900002,70.949997,69.599998,70.279999,47.545525,10825300
2007-01-05,70.279999,71.120003,70.120003,70.550003,47.728199,9618000
2007-01-08,71.059998,71.559998,70.000000,71.449997,48.337044,9435100
2007-01-09,70.980003,71.339996,69.849998,70.629997,47.782295,10500000
2007-01-10,69.750000,70.309998,68.930000,69.410004,46.956970,11936700
2007-01-11,69.320000,71.139999,68.480003,68.690002,46.469879,12407200
2007-01-12,69.099998,70.620003,69.099998,70.349998,47.592880,9345000
2007-01-16,70.080002,70.699997,69.230003,69.669998,47.132854,8281700
2007-01-17,69.709999,70.870003,69.500000,70.820000,47.910851,10545100
2007-01-18,70.830002,71.839996,70.019997,70.919998,47.978497,10648300
2007-01-19,71.330002,72.389999,70.800003,72.320000,48.925629,9983800
2007-01-22,72.510002,72.599998,70.949997,71.220001,48.181454,11969100
2007-01-23,71.610001,73.250000,71.599998,72.559998,49.087967,9268800
2007-01-24,72.489998,73.250000,71.699997,72.839996,49.277393,7061700
2007-01-25,72.500000,72.779999,71.279999,71.519997,48.384422,8441500
2007-01-26,72.139999,72.370003,71.230003,71.500000,48.370884,7266600
2007-01-29,71.510002,72.300003,71.239998,71.529999,48.391178,6323100
2007-01-30,71.949997,73.070000,71.849998,73.070000,49.433014,6398000
2007-01-31,72.989998,73.440002,72.290001,72.879997,49.304474,9757800
2007-02-01,73.250000,74.959999,73.099998,74.470001,50.380131,10956200
2007-02-02,73.800003,74.620003,73.300003,74.040001,50.089222,7377300
2007-02-05,74.050003,74.290001,73.459999,73.779999,49.913338,8431500
2007-02-06,74.150002,74.180000,72.940002,73.370003,49.635960,8374800
2007-02-07,73.870003,74.089996,72.540001,72.639999,49.142113,9573100
2007-02-08,72.459999,73.919998,72.089996,73.750000,49.893051,10159500
2007-02-09,73.930000,74.000000,73.059998,73.320000,49.602146,6502300
2007-02-12,73.099998,73.169998,71.889999,72.320000,48.925629,12468000
2007-02-13,72.730003,72.959999,72.470001,72.830002,49.270641,7909300
2007-02-14,72.639999,73.040001,71.779999,72.190002,49.188877,7907900
2007-02-15,72.059998,72.059998,71.160004,71.360001,48.623344,10225000
2007-02-16,71.010002,71.440002,70.720001,70.809998,48.248569,9619000
2007-02-20,70.650002,70.650002,70.019997,70.120003,47.778427,9347500
2007-02-21,70.120003,70.389999,69.199997,69.940002,47.655781,13256400
2007-02-22,70.019997,70.959999,69.839996,70.669998,48.153175,8403100
2007-02-23,71.190002,71.279999,70.570000,71.070000,48.425732,7862500
2007-02-26,71.419998,72.019997,71.129997,71.410004,48.657413,7451800
2007-02-27,70.709999,71.220001,68.019997,68.580002,46.729084,13910000
2007-02-28,68.589996,69.750000,68.360001,68.519997,46.688198,14002600
2007-03-01,67.320000,68.519997,64.989998,67.599998,46.061337,14150400
2007-03-02,67.580002,67.750000,66.320000,66.790001,45.509422,10827100
2007-03-05,66.199997,67.330002,66.010002,66.430000,45.264126,11700900
2007-03-06,67.279999,67.709999,66.769997,67.669998,46.109039,11528000
2007-03-07,67.800003,69.809998,67.570000,68.330002,46.558754,12789500
2007-03-08,68.949997,69.059998,67.989998,68.459999,46.647331,10777500
2007-03-09,68.830002,69.040001,68.000000,68.470001,46.654152,7668900
2007-03-12,68.470001,69.199997,68.059998,68.830002,46.899445,9416400
2007-03-13,68.830002,69.599998,67.580002,67.839996,46.224865,9446000
2007-03-14,68.300003,68.639999,67.080002,68.320000,46.551937,11393700
2007-03-15,68.199997,69.290001,67.809998,68.870003,46.926701,9996200
2007-03-16,69.239998,69.500000,67.760002,68.080002,46.388401,12720300
2007-03-19,68.580002,69.750000,68.519997,69.379997,47.274193,13988200
2007-03-20,69.389999,70.139999,69.190002,70.050003,47.730736,8243100
2007-03-21,70.379997,71.489998,70.050003,71.339996,48.609707,10162300
2007-03-22,71.550003,73.459999,71.290001,72.930000,49.693100,13192000
2007-03-23,73.389999,74.089996,73.199997,73.699997,50.217777,10883900
2007-03-26,74.139999,74.550003,73.510002,74.400002,50.694740,10111300
2007-03-27,74.010002,74.370003,73.620003,74.169998,50.538013,8548500
2007-03-28,74.470001,74.680000,73.760002,74.080002,50.476692,10237200
2007-03-29,74.360001,74.980003,74.320000,74.949997,51.069477,10247800
2007-03-30,74.809998,74.809998,73.379997,73.959999,50.394917,8510300
2007-04-02,74.050003,75.050003,74.050003,74.830002,50.987732,8192300
2007-04-03,74.610001,75.589996,74.470001,75.339996,51.335228,9357500
2007-04-04,75.120003,75.750000,74.650002,75.550003,51.478321,6622200
2007-04-05,75.559998,75.900002,75.320000,75.610001,51.519215,6305100
2007-04-09,75.320000,76.400002,75.129997,75.489998,51.437447,6408600
2007-04-10,75.790001,77.220001,75.650002,77.040001,52.493584,8825600
2007-04-11,77.040001,77.470001,76.459999,76.559998,52.166515,10747700
2007-04-12,76.750000,77.230003,76.290001,77.169998,52.582157,8049600
2007-04-13,77.500000,77.500000,76.650002,77.010002,52.473152,7265500
2007-04-16,77.250000,77.970001,76.680000,77.870003,53.059135,8308200
2007-04-17,78.000000,78.570000,77.540001,77.959999,53.120464,8811700
2007-04-18,77.550003,78.120003,77.300003,77.769997,52.990982,7045400
2007-04-19,77.470001,77.639999,76.730003,76.809998,52.336861,8013400
2007-04-20,77.290001,78.629997,77.059998,78.449997,53.454296,15622000
2007-04-23,78.059998,78.879997,77.400002,77.559998,52.847889,12242700
2007-04-24,77.110001,77.809998,76.910004,77.099998,52.534458,9003600
2007-04-25,77.580002,78.930000,77.550003,78.320000,53.365746,10924600
2007-04-26,78.169998,78.379997,77.300003,78.180000,53.270332,10424500
2007-04-27,78.419998,78.500000,77.339996,78.080002,53.202206,8119700
2007-04-30,78.089996,79.070000,77.760002,77.790001,53.004593,11191300
2007-05-01,77.970001,78.629997,77.419998,78.349998,53.386177,9242100
2007-05-02,78.480003,78.980003,78.080002,78.639999,53.583782,6413800
2007-05-03,78.650002,79.860001,78.430000,79.559998,54.210655,7087700
2007-05-04,79.800003,80.349998,78.800003,79.300003,54.033504,7749200
2007-05-07,78.629997,79.699997,78.510002,79.580002,54.224293,7298200
2007-05-08,79.419998,80.190002,78.870003,80.050003,54.544544,7018200
2007-05-09,79.919998,79.970001,78.889999,79.750000,54.340111,7409000
2007-05-10,79.519997,79.680000,78.150002,78.190002,53.277161,7882900
2007-05-11,78.500000,80.129997,78.500000,80.040001,54.537716,8427500
2007-05-14,80.000000,80.940002,79.830002,80.870003,55.103271,12527500
2007-05-15,80.940002,81.370003,80.610001,80.730003,55.007866,9846800
2007-05-16,80.150002,80.930000,79.610001,80.730003,55.405926,9402800
2007-05-17,80.750000,82.000000,80.199997,81.459999,55.906937,7783600
2007-05-18,81.870003,82.919998,81.800003,82.849998,56.860912,11114500
2007-05-21,83.110001,83.559998,82.580002,82.830002,56.847179,11359500
2007-05-22,82.830002,83.230003,82.040001,82.180000,56.401081,9214900
2007-05-23,82.180000,82.910004,81.169998,81.400002,55.865788,14228400
2007-05-24,81.669998,81.879997,79.750000,79.970001,54.884342,13263200
2007-05-25,80.400002,81.129997,80.279999,81.129997,55.680462,6839500
2007-05-29,80.980003,81.000000,80.000000,80.709999,55.392204,7964700
2007-05-30,80.559998,82.290001,80.160004,82.250000,56.449127,10776900
2007-05-31,82.150002,82.360001,81.019997,81.489998,55.927525,11512700
2007-06-01,81.760002,82.519997,81.720001,82.230003,56.435402,7346300
2007-06-04,82.199997,83.250000,82.000000,83.129997,57.053078,7958100
2007-06-05,82.709999,83.040001,82.169998,82.730003,56.778549,7402100
2007-06-06,82.730003,82.730003,81.370003,81.790001,56.133427,7520900
2007-06-07,81.650002,82.059998,80.099998,80.199997,55.042194,10980300
2007-06-08,80.010002,80.739998,79.120003,80.690002,55.378479,8551500
2007-06-11,80.660004,81.779999,80.269997,81.360001,55.838299,6784500
2007-06-12,81.349998,81.809998,80.500000,80.559998,55.289261,7413800
2007-06-13,80.809998,81.550003,80.720001,81.150002,55.694164,9948700
2007-06-14,81.410004,82.550003,81.400002,82.330002,56.504025,8437000
2007-06-15,82.860001,83.599998,82.760002,83.169998,57.080555,9432300
2007-06-18,83.269997,84.000000,83.269997,83.389999,57.231499,5996000
2007-06-19,82.989998,83.750000,82.949997,83.290001,57.162907,7033200
2007-06-20,83.599998,83.699997,80.760002,80.970001,55.570644,11012500
2007-06-21,81.489998,83.019997,81.360001,82.849998,56.860912,10058700
2007-06-22,82.849998,82.940002,81.500000,81.550003,55.968708,13441500
2007-06-25,81.559998,83.660004,81.500000,82.949997,56.929573,12688600
2007-06-26,83.489998,83.779999,82.370003,82.699997,56.757969,13487200
2007-06-27,82.250000,84.000000,81.620003,83.889999,57.574669,10245400
2007-06-28,84.889999,84.889999,83.839996,84.180000,57.773720,8594200
2007-06-29,84.790001,85.190002,83.519997,84.239998,57.814892,10730000
2007-07-02,84.699997,85.279999,84.410004,85.150002,58.439438,8212100
2007-07-03,83.599998,86.690002,83.599998,86.330002,59.249279,4605600
2007-07-05,86.790001,87.139999,85.510002,86.570000,59.413990,8746800
2007-07-06,86.570000,87.959999,86.570000,87.680000,60.175789,11725300
2007-07-09,87.550003,89.800003,87.449997,89.500000,61.424892,10646500
2007-07-10,89.000000,90.209999,87.809998,89.000000,61.081730,13871900
2007-07-11,89.480003,90.870003,88.709999,90.750000,62.282772,12243200
2007-07-12,90.910004,93.370003,90.750000,93.300003,64.032860,12604300
2007-07-13,93.480003,95.000000,92.879997,93.330002,64.053452,9575600
2007-07-16,93.500000,94.050003,91.349998,92.120003,63.223030,10496400
2007-07-17,93.080002,93.080002,90.699997,91.099998,62.522995,9741600
2007-07-18,91.089996,93.430000,90.599998,93.080002,63.881886,11378500
2007-07-19,93.459999,93.730003,92.480003,93.000000,63.826958,8423900
2007-07-20,93.000000,93.309998,91.379997,92.120003,63.223030,10331400
2007-07-23,92.169998,93.160004,91.150002,92.570000,63.531868,9655600
2007-07-24,91.639999,92.150002,89.570000,89.849998,61.665089,10963400
2007-07-25,89.860001,91.690002,88.449997,91.050003,62.488674,14151400
2007-07-26,89.260002,90.449997,86.269997,87.459999,60.024807,17050200
2007-07-27,88.309998,88.940002,84.599998,85.199997,58.473747,17074500
2007-07-30,85.849998,87.000000,83.889999,86.430000,59.317909,12117700
2007-07-31,86.260002,87.449997,85.160004,85.260002,58.514935,11880000
2007-08-01,84.769997,89.500000,82.550003,85.169998,58.453136,21528500
2007-08-02,84.510002,86.000000,82.589996,83.889999,57.574669,15781800
2007-08-03,83.709999,85.000000,80.580002,81.019997,55.604973,15550400
2007-08-06,81.190002,82.080002,78.389999,82.019997,56.291260,17120400
2007-08-07,81.330002,83.889999,80.519997,83.180000,57.087402,15323400
2007-08-08,82.980003,85.629997,82.980003,84.330002,57.876656,14455100
2007-08-09,83.099998,84.739998,81.110001,81.110001,55.666729,15584400
2007-08-10,80.139999,83.730003,79.410004,83.419998,57.252121,13317300
2007-08-13,84.099998,84.309998,82.110001,82.449997,56.586395,10532900
2007-08-14,83.059998,83.699997,82.110001,82.449997,56.586395,15389400
2007-08-15,82.250000,83.809998,80.379997,80.760002,55.819176,12249800
2007-08-16,79.790001,81.959999,78.250000,81.389999,56.254627,19400800
2007-08-17,83.690002,85.099998,82.739998,84.360001,58.307419,16210700
2007-08-20,84.000000,85.550003,83.019997,84.889999,58.673717,9238500
2007-08-21,84.139999,85.250000,83.570000,84.300003,58.265945,11327200
2007-08-22,84.809998,85.559998,84.349998,85.389999,59.019306,10251000
2007-08-23,85.800003,86.470001,84.089996,85.480003,59.081520,8665500
2007-08-24,85.900002,87.529999,85.900002,87.220001,60.284157,7682700
2007-08-27,86.629997,87.389999,86.339996,87.000000,60.132118,6390100
2007-08-28,86.599998,86.730003,84.300003,84.300003,58.265945,10059100
2007-08-29,85.199997,87.379997,84.680000,86.699997,59.924774,10047800
2007-08-30,86.699997,87.599998,85.540001,87.190002,60.263439,7825700
2007-08-31,88.309998,88.860001,87.459999,87.760002,60.657421,8155000
2007-09-04,87.190002,89.269997,87.160004,88.730003,61.327827,9560000
2007-09-05,88.470001,88.650002,87.790001,88.360001,61.072109,9141400
2007-09-06,88.480003,89.330002,88.110001,88.930000,61.466072,8153100
2007-09-07,87.930000,89.029999,87.190002,87.650002,60.581390,9780300
2007-09-10,87.559998,88.290001,85.910004,87.050003,60.166668,10479000
2007-09-11,87.510002,89.129997,86.699997,88.589996,61.231075,10124500
2007-09-12,88.419998,89.839996,88.279999,89.190002,61.645775,11089100
2007-09-13,89.650002,90.820000,89.540001,90.089996,62.267815,8966600
2007-09-14,89.400002,91.269997,89.370003,90.650002,62.654888,7973300
2007-09-17,90.010002,91.540001,90.000000,90.930000,62.848415,7733600
2007-09-18,91.199997,93.529999,90.949997,93.339996,64.514145,9799900
2007-09-19,93.699997,94.940002,93.589996,94.110001,65.046364,11383700
2007-09-20,94.019997,94.629997,93.750000,94.169998,65.087822,8196500
2007-09-21,94.279999,95.360001,94.110001,94.839996,65.550919,12637900
2007-09-24,95.000000,95.500000,94.190002,94.349998,65.212242,9028600
2007-09-25,93.089996,93.589996,91.660004,91.879997,63.505035,12501200
2007-09-26,93.180000,93.320000,91.470001,92.510002,63.940453,11794400
2007-09-27,93.260002,93.629997,92.900002,93.510002,64.631630,7408900
2007-09-28,93.550003,94.400002,93.000000,93.580002,64.680069,8880700
2007-10-01,93.300003,94.529999,93.269997,94.440002,65.274452,8942800
2007-10-02,93.919998,93.989998,91.820000,92.559998,63.975033,9137300
2007-10-03,91.510002,91.980003,90.769997,91.480003,63.228561,8754800
2007-10-04,91.650002,92.029999,90.529999,91.839996,63.477364,6764800
2007-10-05,92.099998,92.570000,91.589996,92.320000,63.809166,6498100
2007-10-08,91.550003,91.959999,91.300003,91.580002,63.297684,5658400
2007-10-09,91.830002,93.000000,91.680000,92.800003,64.140915,8702300
2007-10-10,90.330002,92.480003,90.290001,92.080002,63.643261,11527500
2007-10-11,92.519997,92.820000,90.160004,91.000000,62.896790,9177800
2007-10-12,91.529999,91.739998,90.879997,91.410004,63.180164,6009000
2007-10-15,92.269997,92.940002,91.980003,92.330002,63.816074,8492000
2007-10-16,92.400002,93.849998,92.110001,93.449997,64.590179,10890700
2007-10-17,93.879997,93.940002,92.050003,93.260002,64.458878,10719100
2007-10-18,93.070000,93.750000,92.000000,92.419998,63.878265,10038800
2007-10-19,92.699997,92.699997,89.029999,89.269997,61.701073,14112700
2007-10-22,88.160004,88.510002,86.720001,88.440002,61.127384,10815500
2007-10-23,88.930000,89.709999,87.820000,88.919998,61.459156,9629900
2007-10-24,89.120003,90.419998,88.300003,89.900002,62.136497,10985100
2007-10-25,90.459999,91.599998,89.580002,91.230003,63.055786,9233600
2007-10-26,91.860001,92.300003,91.099998,91.650002,63.346050,7481600
2007-10-29,91.860001,93.570000,91.599998,92.879997,64.196198,9247200
2007-10-30,91.750000,91.949997,89.690002,90.080002,62.260944,9627000
2007-10-31,90.400002,92.129997,90.180000,91.510002,63.249306,9891600
2007-11-01,90.050003,91.480003,88.489998,89.040001,61.542103,10542400
2007-11-02,87.650002,89.269997,87.099998,88.480003,61.155045,12374800
2007-11-05,87.470001,89.199997,87.459999,88.480003,61.155045,9089200
2007-11-06,88.690002,90.699997,88.690002,90.639999,62.647987,9880100
2007-11-07,90.910004,90.919998,87.309998,87.540001,60.505352,12781100
2007-11-08,87.970001,90.589996,87.699997,89.180000,61.638878,17597400
2007-11-09,88.900002,88.900002,87.099998,87.260002,60.311817,10164000
2007-11-12,87.000000,87.000000,84.410004,85.269997,58.936382,12513300
2007-11-13,85.820000,86.989998,83.589996,86.830002,60.014633,11950300
2007-11-14,87.349998,88.330002,85.720001,86.150002,59.945042,9957500
2007-11-15,85.940002,86.480003,83.480003,84.160004,58.560356,11934600
2007-11-16,84.879997,86.470001,84.699997,85.980003,59.826736,11368700
2007-11-19,85.980003,86.370003,84.620003,85.029999,59.165703,8547800
2007-11-20,85.050003,88.610001,85.050003,87.900002,61.162716,10941300
2007-11-21,87.800003,88.489998,85.589996,85.750000,59.666706,11438800
2007-11-23,86.459999,87.059998,85.860001,86.669998,60.306858,3428300
2007-11-26,86.849998,87.330002,83.519997,83.790001,58.302883,10304600
2007-11-27,83.449997,84.589996,81.919998,84.309998,58.664715,14542300
2007-11-28,84.519997,86.510002,84.080002,86.059998,59.882420,10885100
2007-11-29,85.610001,87.330002,85.610001,86.559998,60.230316,8839800
2007-11-30,87.129997,87.769997,86.019997,87.769997,61.072247,11708800
2007-12-03,87.099998,88.180000,86.739998,87.839996,61.120956,7934200
2007-12-04,87.139999,87.779999,86.830002,87.160004,60.647816,6584600
2007-12-05,87.790001,89.720001,87.790001,89.300003,62.136868,10450000
2007-12-06,89.269997,91.699997,88.860001,91.379997,63.584175,9627700
2007-12-07,90.690002,91.589996,90.339996,90.959999,63.291931,6682700
2007-12-10,91.230003,92.010002,90.750000,91.720001,63.820766,5505300
2007-12-11,91.680000,92.589996,89.809998,89.889999,62.547405,8014900
2007-12-12,91.910004,92.970001,90.930000,91.779999,63.862507,10816100
2007-12-13,91.510002,93.209999,91.129997,93.080002,64.767067,8527400
2007-12-14,92.500000,92.959999,91.910004,92.019997,64.029510,11090600
2007-12-17,91.699997,91.760002,89.580002,89.980003,62.610012,8210000
2007-12-18,90.599998,91.629997,89.610001,91.190002,63.451981,8744300
2007-12-19,91.389999,92.120003,90.320000,90.900002,63.250187,8325200
2007-12-20,90.930000,92.519997,90.900002,92.050003,64.050362,6188100
2007-12-21,92.300003,94.680000,92.260002,94.040001,65.435074,13596000
2007-12-24,93.629997,94.790001,93.629997,94.480003,65.741234,2917500
2007-12-26,94.309998,95.199997,94.309998,94.839996,65.991722,7477600
2007-12-27,95.080002,95.080002,93.650002,93.750000,65.233276,8155100
2007-12-28,94.010002,94.930000,93.300003,94.860001,66.005630,7895000
2007-12-31,94.370003,94.580002,93.010002,93.330002,64.941010,5086600
2008-01-02,93.959999,94.690002,92.709999,93.459999,65.031494,9058000
2008-01-03,93.800003,94.839996,93.459999,94.610001,65.831665,10479200
2008-01-04,93.879997,95.209999,93.199997,93.349998,64.954926,13103800
2008-01-07,93.739998,93.739998,91.150002,92.129997,64.106056,12892200
2008-01-08,92.410004,93.379997,90.580002,90.949997,63.284985,10987700
2008-01-09,90.879997,92.750000,90.550003,92.570000,64.412186,12448200
2008-01-10,91.599998,92.099998,90.139999,91.900002,63.945992,13786500
2008-01-11,91.599998,92.570000,90.230003,90.669998,63.090145,10575000
2008-01-14,91.220001,91.849998,90.410004,90.910004,63.257145,9968600
2008-01-15,89.959999,90.050003,88.150002,88.269997,61.420170,13693400
2008-01-16,87.690002,88.379997,85.209999,86.250000,60.014633,15709400
2008-01-17,86.500000,87.169998,82.099998,82.750000,57.579224,18910400
2008-01-18,82.750000,84.980003,80.879997,83.459999,58.073277,18869200
2008-01-22,78.230003,82.370003,76.839996,81.250000,56.535503,20897900
2008-01-23,78.760002,81.480003,76.400002,81.449997,56.674671,20405300
2008-01-24,81.849998,83.690002,81.139999,83.669998,58.219395,13949600
2008-01-25,84.680000,85.000000,81.440002,81.820000,56.932117,14050100
2008-01-28,81.129997,83.260002,80.230003,82.860001,57.655781,9749400
2008-01-29,83.209999,83.720001,81.900002,82.599998,57.474846,9187700
2008-01-30,82.110001,85.230003,81.930000,83.230003,57.913223,9415400
2008-01-31,82.099998,84.500000,81.239998,83.250000,57.927143,12634300
2008-02-01,84.709999,84.930000,81.529999,82.489998,57.398312,16063300
2008-02-04,82.510002,82.980003,81.010002,82.019997,57.071278,10299100
2008-02-05,80.730003,80.989998,79.610001,79.739998,55.484825,15682500
2008-02-06,80.129997,80.550003,77.239998,77.510002,53.933140,15108200
2008-02-07,77.110001,79.239998,76.510002,78.739998,54.788979,12570900
2008-02-08,79.290001,79.480003,78.389999,79.260002,55.150818,8281700
2008-02-11,80.220001,80.470001,78.510002,80.430000,55.964931,17626800
2008-02-12,80.839996,82.330002,80.410004,81.120003,56.445049,12330400
2008-02-13,80.919998,82.290001,80.290001,82.120003,57.552361,12149400
2008-02-14,82.980003,83.580002,82.599998,82.839996,58.056953,11190400
2008-02-15,82.519997,83.690002,81.699997,83.599998,58.589596,26988700
2008-02-19,84.389999,85.489998,84.250000,84.830002,59.451607,12002500
2008-02-20,83.989998,86.860001,83.699997,86.339996,60.509869,13217100
2008-02-21,85.570000,86.510002,84.330002,84.779999,59.416565,12189400
2008-02-22,85.269997,85.739998,83.690002,85.419998,59.865101,12154700
2008-02-25,85.540001,87.589996,85.309998,87.180000,61.098553,11813500
2008-02-26,86.750000,88.400002,86.290001,88.120003,61.757366,12672600
2008-02-27,87.430000,88.940002,87.430000,88.220001,61.827442,9731900
2008-02-28,88.220001,89.290001,87.769997,89.019997,62.388092,8990300
2008-02-29,88.470001,88.599998,85.980003,86.660004,60.734154,12983700
2008-03-03,86.379997,87.919998,85.839996,87.199997,61.112587,9859700
2008-03-04,86.660004,87.699997,85.059998,86.730003,60.783184,13698300
2008-03-05,87.029999,88.860001,86.669998,88.790001,62.226910,16220500
2008-03-06,88.529999,89.000000,87.180000,87.800003,61.533085,14296500
2008-03-07,87.230003,87.489998,84.650002,85.260002,59.752975,15910600
2008-03-10,85.550003,85.970001,84.349998,84.730003,59.381535,11854100
2008-03-11,85.709999,88.330002,85.699997,88.160004,61.785378,13477100
2008-03-12,87.500000,88.580002,86.559998,86.730003,60.783184,10956900
2008-03-13,86.000000,87.610001,85.410004,87.040001,61.000450,10964800
2008-03-14,87.510002,87.639999,84.089996,85.339996,59.809036,15842000
2008-03-17,83.470001,84.989998,82.440002,84.190002,59.003075,15926800
2008-03-18,85.110001,86.120003,84.529999,86.120003,60.355698,13429600
2008-03-19,86.139999,86.839996,81.800003,81.889999,57.391155,14797100
2008-03-20,81.279999,84.070000,80.870003,83.209999,58.316277,18373200
2008-03-24,83.379997,84.790001,82.919998,84.010002,58.876934,9971900
2008-03-25,84.269997,84.839996,83.709999,84.540001,59.248363,12123000
2008-03-26,84.620003,85.690002,84.480003,84.959999,59.542728,11674800
2008-03-27,85.320000,86.949997,84.269997,84.400002,59.150242,9148200
2008-03-28,84.889999,85.580002,83.919998,84.500000,59.220337,7522200
2008-03-31,84.949997,85.930000,84.320000,85.360001,59.823051,10192000
2008-04-01,85.080002,86.889999,84.570000,86.739998,60.790192,11069000
2008-04-02,86.650002,88.190002,85.419998,87.510002,61.329849,10681700
2008-04-03,86.910004,88.800003,86.760002,87.720001,61.477020,9823600
2008-04-04,88.029999,88.660004,87.699997,88.050003,61.708290,9750500
2008-04-07,88.650002,89.370003,88.120003,88.269997,61.862476,8328300
2008-04-08,87.900002,89.370003,87.760002,89.279999,62.570313,7393100
2008-04-09,89.510002,90.529999,89.430000,89.949997,63.039883,10708500
2008-04-10,90.190002,90.400002,88.930000,89.599998,62.794579,9119700
2008-04-11,89.029999,89.769997,88.610001,88.800003,62.233921,7441800
2008-04-14,88.800003,89.400002,88.550003,89.300003,62.584328,7182100
2008-04-15,89.699997,90.279999,89.150002,90.169998,63.194061,8401300
2008-04-16,90.330002,92.080002,90.180000,91.930000,64.427521,11915100
2008-04-17,91.199997,92.620003,91.169998,91.989998,64.469582,9127200
2008-04-18,91.760002,93.320000,91.699997,93.180000,65.303581,10182100
2008-04-21,93.150002,93.449997,92.110001,92.699997,64.967148,8558800
2008-04-22,92.489998,94.500000,92.470001,94.029999,65.899277,11475600
2008-04-23,94.250000,94.629997,93.480003,94.480003,66.214661,13022700
2008-04-24,93.879997,93.989998,91.910004,92.400002,64.756920,12930400
2008-04-25,92.660004,93.239998,91.230003,92.690002,64.960167,12739600
2008-04-28,92.800003,93.430000,92.269997,92.500000,64.827003,7163400
2008-04-29,92.610001,95.320000,92.610001,94.739998,66.396873,19505100
2008-04-30,95.059998,97.279999,95.059998,96.150002,67.385048,19536000
2008-05-01,94.860001,95.449997,93.430000,94.940002,66.537041,15253100
2008-05-02,95.529999,95.849998,94.639999,95.320000,66.803352,10309200
2008-05-05,95.330002,96.870003,95.230003,95.620003,67.013596,9059300
2008-05-06,95.089996,96.980003,95.089996,96.870003,67.889633,10892600
2008-05-07,96.760002,96.800003,95.139999,95.279999,66.775322,14912600
2008-05-08,95.500000,97.849998,95.300003,97.440002,68.289131,15074600
2008-05-09,97.500000,97.900002,96.199997,97.389999,68.254074,11310200
2008-05-12,97.199997,97.589996,96.459999,97.360001,68.233047,9374300
2008-05-13,97.419998,97.980003,96.309998,97.730003,68.492363,10634000
2008-05-14,97.980003,99.000000,97.510002,97.720001,68.485336,13401400
2008-05-15,98.480003,98.599998,97.410004,98.489998,69.487183,13434500
2008-05-16,99.019997,100.470001,98.889999,100.379997,70.820633,16302200
2008-05-19,100.620003,102.809998,100.410004,102.199997,72.104691,12910200
2008-05-20,102.760002,103.250000,102.220001,103.089996,72.732590,16271500
2008-05-21,103.250000,104.629997,102.690002,103.019997,72.683220,21994300
2008-05-22,102.849998,103.419998,101.720001,101.910004,71.900063,17384100
2008-05-23,102.120003,102.589996,100.500000,100.730003,71.067581,11484000
2008-05-27,99.949997,100.279999,98.559998,99.580002,70.256210,12823600
2008-05-28,98.860001,100.580002,98.570000,100.419998,70.848839,10504000
2008-05-29,100.040001,100.500000,98.830002,98.860001,69.748238,13167300
2008-05-30,99.129997,99.489998,98.349998,99.150002,69.952835,11884200
2008-06-02,98.820000,99.699997,97.820000,99.370003,70.108070,11651400
2008-06-03,99.040001,100.220001,97.629997,97.860001,69.042679,12689500
2008-06-04,97.180000,97.720001,95.529999,96.040001,67.758667,13750600
2008-06-05,96.400002,100.239998,96.400002,99.989998,70.545464,13919900
2008-06-06,100.610001,102.150002,98.360001,99.500000,70.199783,18575700
2008-06-09,99.949997,101.300003,99.500000,101.199997,71.399155,11535600
2008-06-10,100.570000,101.190002,97.660004,98.779999,69.691795,15472800
2008-06-11,99.550003,99.980003,98.269997,99.419998,70.143326,11541400
2008-06-12,98.870003,98.870003,97.570000,98.059998,69.183815,13285400
2008-06-13,97.449997,99.730003,97.010002,99.400002,70.129211,9358000
2008-06-16,99.510002,100.900002,99.110001,99.489998,70.192688,7555400
2008-06-17,99.800003,100.889999,99.059998,100.370003,70.813576,9164800
2008-06-18,99.930000,100.309998,97.830002,99.260002,70.030449,13018400
2008-06-19,99.559998,100.040001,96.860001,96.860001,68.337189,15344100
2008-06-20,97.320000,98.080002,96.089996,96.620003,68.167870,15029800
2008-06-23,96.029999,99.139999,96.029999,99.059998,69.889336,12180900
2008-06-24,98.580002,99.529999,98.019997,98.639999,69.593002,10485900
2008-06-25,98.809998,100.169998,97.349998,99.360001,70.101006,14182900
2008-06-26,99.129997,100.220001,97.410004,97.410004,68.725243,14626300
2008-06-27,97.330002,99.320000,97.330002,97.800003,69.000397,17074300
2008-06-30,98.300003,99.519997,97.510002,99.129997,69.938728,12341600
2008-07-01,98.260002,99.610001,97.730003,99.080002,69.903458,13429300
2008-07-02,99.099998,100.000000,97.169998,97.419998,68.732292,17580000
2008-07-03,97.790001,99.430000,97.000000,98.629997,69.585976,9401200
2008-07-07,98.110001,99.349998,95.800003,96.820000,68.308945,15276600
2008-07-08,96.059998,97.040001,94.550003,95.790001,67.582260,19460800
2008-07-09,96.290001,96.790001,93.730003,93.910004,66.255882,14296700
2008-07-10,93.739998,96.250000,92.529999,96.250000,67.906822,18101500
2008-07-11,94.959999,95.589996,91.160004,92.250000,65.084709,17382000
2008-07-14,92.610001,93.309998,91.500000,92.800003,65.472748,11684600
2008-07-15,92.239998,92.839996,89.139999,89.419998,63.088081,15262400
2008-07-16,89.339996,89.599998,86.070000,86.389999,60.950333,20202600
2008-07-17,86.139999,86.750000,83.970001,85.669998,60.442371,20537500
2008-07-18,85.930000,87.080002,85.199997,86.050003,60.710464,16142900
2008-07-21,86.570000,86.949997,85.480003,86.910004,61.317215,16626000
2008-07-22,86.519997,87.510002,85.129997,85.629997,60.414143,15075700
2008-07-23,85.750000,85.809998,82.330002,82.650002,58.311672,19102700
2008-07-24,82.660004,83.480003,81.529999,82.000000,57.853073,18960900
2008-07-25,82.050003,83.970001,81.900002,82.559998,58.248173,14425200
2008-07-28,82.860001,83.470001,82.129997,82.489998,58.198799,10965700
2008-07-29,82.620003,83.690002,81.459999,82.839996,58.445728,14088100
2008-07-30,83.110001,87.419998,82.419998,87.260002,61.564156,17320700
2008-07-31,86.160004,86.989998,84.209999,84.559998,59.659222,15131400
2008-08-01,83.980003,85.459999,83.459999,84.309998,59.482834,13089300
2008-08-04,84.059998,84.760002,82.080002,82.800003,58.417492,16513000
2008-08-05,82.550003,83.300003,80.849998,82.489998,58.198799,21963900
2008-08-06,82.379997,84.820000,82.010002,84.559998,59.659222,19538800
2008-08-07,84.820000,85.309998,83.320000,83.430000,58.861984,12616200
2008-08-08,82.870003,84.440002,81.870003,84.400002,59.546341,14089800
2008-08-11,84.599998,85.120003,83.050003,84.080002,59.320580,11412900
2008-08-12,84.839996,84.839996,83.120003,83.559998,58.953701,12681100
2008-08-13,83.419998,86.330002,83.209999,86.239998,60.844498,15342400
2008-08-14,85.860001,87.480003,85.120003,86.580002,61.084377,14385200
2008-08-15,85.440002,85.720001,83.650002,84.250000,59.890125,15663700
2008-08-18,84.690002,85.330002,82.809998,83.190002,59.136635,10383200
2008-08-19,82.750000,85.330002,82.750000,84.709999,60.217117,10872800
2008-08-20,85.320000,87.000000,84.500000,86.459999,61.461147,11681800
2008-08-21,87.250000,89.099998,87.139999,88.519997,62.925503,11225000
2008-08-22,87.680000,88.779999,87.250000,88.099998,62.626942,8574200
2008-08-25,88.580002,88.580002,85.040001,85.510002,60.785824,11343900
2008-08-26,85.800003,86.160004,84.849998,85.790001,60.984871,9351000
2008-08-27,86.730003,87.000000,85.809998,86.620003,61.574875,8227700
2008-08-28,87.320000,87.489998,85.360001,87.180000,61.972954,8859100
2008-08-29,87.620003,87.730003,86.120003,86.320000,61.361618,8090400
2008-09-02,84.489998,84.610001,83.209999,83.290001,59.207695,13432900
2008-09-03,83.099998,84.440002,82.940002,84.180000,59.840374,10758500
2008-09-04,84.139999,84.379997,80.820000,81.220001,57.736233,16527700
2008-09-05,81.000000,81.730003,79.110001,80.220001,57.025333,15548100
2008-09-08,81.339996,82.349998,79.669998,81.050003,57.615387,15451800
2008-09-09,80.199997,81.339996,78.750000,78.790001,56.008842,21150200
2008-09-10,79.650002,81.720001,79.330002,81.160004,57.693569,17746500
2008-09-11,80.480003,83.000000,79.629997,82.800003,58.859383,16350800
2008-09-12,82.900002,84.480003,82.470001,84.239998,59.883038,13390100
2008-09-15,81.160004,83.800003,80.089996,80.089996,56.932953,17357200
2008-09-16,78.839996,82.370003,77.500000,81.860001,58.191162,20753300
2008-09-17,81.000000,83.900002,79.500000,80.050003,56.904526,23254500
2008-09-18,81.360001,83.500000,78.879997,82.879997,58.916248,23377400
2008-09-19,85.559998,88.110001,83.709999,87.800003,62.413704,23962500
2008-09-22,88.220001,89.750000,86.750000,87.330002,62.079597,14625700
2008-09-23,87.160004,88.389999,84.889999,85.459999,60.750275,14616700
2008-09-24,85.739998,86.589996,84.849998,85.230003,60.586769,11233800
2008-09-25,85.099998,88.169998,85.099998,87.470001,62.179127,13789200
2008-09-26,86.000000,87.120003,84.910004,86.949997,61.809452,11869600
2008-09-29,85.019997,85.510002,77.500000,77.500000,55.091812,23971900
2008-09-30,78.849998,82.690002,78.599998,82.480003,58.631912,20128900
2008-10-01,81.510002,83.089996,78.470001,82.199997,58.432850,14632000
2008-10-02,81.500000,81.989998,78.870003,79.559998,56.556168,18821200
2008-10-03,79.959999,83.699997,79.070000,79.379997,56.428234,18840900
2008-10-06,77.639999,77.849998,72.660004,76.839996,54.622658,26033800
2008-10-07,78.019997,78.550003,72.550003,73.349998,52.141735,24464700
2008-10-08,72.129997,77.160004,70.400002,73.099998,51.964027,28049100
2008-10-09,73.750000,73.879997,64.000000,64.000000,45.495190,26965700
2008-10-10,60.500000,64.760002,55.500000,57.830002,41.109161,48207200
2008-10-13,60.169998,70.489998,59.430000,69.889999,49.682144,31001300
2008-10-14,72.680000,74.000000,65.150002,68.540001,48.722488,27089600
2008-10-15,66.480003,66.480003,58.419998,59.980000,42.637508,25129900
2008-10-16,60.660000,64.389999,55.619999,63.099998,44.855392,31798100
2008-10-17,61.549999,67.410004,59.490002,62.349998,44.322250,21723500
2008-10-20,64.099998,70.000000,64.000000,69.610001,49.483109,18288900
2008-10-21,67.639999,69.379997,65.000000,66.800003,47.485580,17534200
2008-10-22,63.889999,64.839996,60.119999,61.740002,43.888630,22243900
2008-10-23,62.880001,67.099998,60.410000,66.769997,47.464260,26944100
2008-10-24,61.009998,65.459999,60.570000,63.910000,45.431198,19774700
2008-10-27,62.580002,66.480003,60.880001,61.709999,43.867313,18276000
2008-10-28,63.720001,70.870003,61.139999,70.019997,49.774551,25094800
2008-10-29,70.220001,74.320000,69.410004,71.000000,50.471210,25863100
2008-10-30,72.110001,74.889999,70.820000,74.180000,52.731731,21848900
2008-10-31,73.860001,75.980003,72.199997,74.599998,53.030319,20506400
2008-11-03,73.440002,74.889999,72.669998,73.690002,52.383415,10465700
2008-11-04,75.419998,78.919998,74.800003,78.190002,55.582310,20119000
2008-11-05,76.730003,78.349998,74.000000,74.879997,53.229347,16408800
2008-11-06,73.879997,74.860001,69.029999,70.110001,49.838551,21394000
2008-11-07,70.809998,73.989998,70.599998,73.459999,52.219921,15931900
2008-11-10,75.220001,76.080002,72.809998,74.339996,52.845470,13283400
2008-11-11,72.629997,75.000000,71.559998,73.540001,52.276806,15789400
2008-11-12,71.980003,72.870003,67.129997,67.279999,47.826809,22447700
2008-11-13,67.660004,76.110001,65.879997,75.709999,53.819378,28513000
2008-11-14,73.940002,77.349998,69.989998,72.680000,52.112854,26612200
2008-11-17,72.099998,73.570000,70.599998,70.779999,50.750526,20960500
2008-11-18,70.980003,74.050003,70.000000,73.400002,52.629135,23618700
2008-11-19,73.139999,75.000000,70.349998,70.610001,50.628635,21997100
2008-11-20,69.129997,71.250000,64.269997,64.400002,46.175968,34193700
2008-11-21,65.459999,71.040001,64.269997,70.489998,50.542603,34759400
2008-11-24,71.660004,77.750000,70.160004,74.300003,53.274448,27518000
2008-11-25,75.190002,77.580002,74.290001,76.529999,54.873398,22015200
2008-11-26,75.860001,80.000000,75.269997,79.930000,57.311237,19665100
2008-11-28,78.250000,79.250000,76.930000,79.010002,56.651596,8647200
2008-12-01,76.500000,76.650002,72.010002,72.019997,51.639633,22692700
2008-12-02,73.739998,76.949997,73.040001,75.540001,54.163532,21058800
2008-12-03,73.699997,75.230003,73.000000,74.739998,53.589924,22581800
2008-12-04,73.440002,74.949997,70.510002,71.760002,51.453201,21416300
2008-12-05,70.849998,75.269997,68.220001,74.419998,53.360477,22882300
2008-12-08,76.029999,79.279999,75.879997,78.089996,55.991936,21955800
2008-12-09,77.279999,78.589996,75.220001,75.559998,54.177883,19682700
2008-12-10,76.800003,79.400002,76.430000,78.440002,56.242897,17651800
2008-12-11,79.010002,81.919998,78.699997,79.459999,56.974251,20550500
2008-12-12,77.120003,80.589996,76.720001,79.000000,56.644421,17806400
2008-12-15,80.190002,80.610001,77.070000,78.209999,56.077972,16509100
2008-12-16,78.949997,80.059998,77.959999,79.010002,56.651596,23253700
2008-12-17,78.449997,79.000000,76.500000,76.820000,55.081345,20739500
2008-12-18,76.500000,76.739998,72.230003,73.029999,52.363811,21474100
2008-12-19,73.570000,74.650002,70.839996,70.849998,50.800728,31349800
2008-12-22,71.599998,72.000000,68.559998,69.389999,49.753887,16863100
2008-12-23,70.099998,70.790001,68.849998,69.199997,49.617649,14150500
2008-12-24,68.790001,69.989998,68.379997,69.620003,49.918789,3717800
2008-12-26,69.919998,70.589996,69.459999,70.349998,50.442219,6761900
2008-12-29,71.250000,71.730003,70.410004,71.550003,51.302635,8994900
2008-12-30,71.500000,73.489998,71.250000,73.379997,52.614780,10002700
2008-12-31,72.900002,74.629997,72.900002,73.970001,53.037819,9964300
2009-01-02,74.230003,77.300003,73.580002,76.519997,54.866215,13695900
2009-01-05,76.160004,78.370003,75.739998,76.660004,54.966610,16954500
2009-01-06,77.559998,78.449997,76.330002,77.349998,55.461334,15894500
2009-01-07,76.410004,77.070000,73.330002,73.959999,53.030647,12804300
2009-01-08,73.610001,74.839996,73.220001,74.239998,53.231407,11397200
2009-01-09,73.879997,74.000000,72.199997,72.820000,52.213268,14182600
2009-01-12,72.230003,72.610001,70.440002,70.820000,50.779224,14195500
2009-01-13,70.580002,72.699997,70.580002,71.820000,51.496243,14378800
2009-01-14,70.809998,71.180000,68.830002,69.690002,49.968987,15142400
2009-01-15,69.699997,71.250000,68.250000,70.769997,50.743355,19293100
2009-01-16,72.080002,72.940002,70.379997,71.739998,51.438862,15594800
2009-01-20,70.930000,72.199997,68.000000,68.309998,48.979492,16084200
2009-01-21,68.430000,71.489998,68.410004,71.230003,51.073185,15889900
2009-01-22,69.919998,70.970001,68.279999,69.949997,50.155411,14320100
2009-01-23,68.400002,71.110001,68.180000,70.820000,50.779224,13422100
2009-01-26,71.430000,72.389999,70.129997,71.290001,51.116207,14023100
2009-01-27,71.279999,72.629997,70.820000,72.089996,51.689827,13632700
2009-01-28,72.989998,74.019997,71.959999,73.790001,52.908764,14649100
2009-01-29,72.510002,72.690002,70.610001,70.620003,50.635811,15780500
2009-01-30,72.300003,72.699997,70.180000,70.519997,50.564114,17880000
2009-02-02,69.519997,70.849998,69.120003,70.290001,50.399193,12445000
2009-02-03,70.570000,71.790001,69.940002,71.639999,51.367172,12509600
2009-02-04,72.290001,72.930000,71.010002,71.599998,51.338490,12058000
2009-02-05,71.480003,73.419998,70.970001,73.250000,52.521572,14933800
2009-02-06,72.580002,75.000000,72.290001,74.900002,53.704659,13345400
2009-02-09,74.410004,75.559998,73.589996,74.419998,53.360477,14894400
2009-02-10,74.360001,75.239998,70.559998,71.120003,50.994312,20150600
2009-02-11,71.470001,72.099998,70.279999,71.260002,51.094707,15533700
2009-02-12,69.949997,70.059998,67.940002,69.860001,50.552002,17237200
2009-02-13,69.709999,70.739998,63.000000,69.730003,50.457924,10852400
2009-02-17,67.230003,67.930000,66.110001,66.180000,47.889084,18834600
2009-02-18,66.489998,67.199997,65.599998,66.120003,47.845665,12564000
2009-02-19,65.989998,67.709999,65.989998,66.680000,48.250877,10164600
2009-02-20,65.480003,66.209999,63.730000,65.070000,47.085854,19885500
2009-02-23,65.989998,66.860001,62.570000,62.939999,45.544544,18809700
2009-02-24,63.270000,65.830002,62.580002,65.279999,47.237816,19231300
2009-02-25,65.300003,65.620003,63.259998,63.500000,45.949772,26680400
2009-02-26,64.360001,65.290001,62.930000,63.169998,45.710979,15711000
2009-02-27,61.910000,62.759998,60.570000,60.709999,43.930878,20502100
2009-03-02,59.369999,60.189999,57.599998,57.619999,41.694904,19315900
2009-03-03,58.480000,59.169998,57.369999,57.730000,41.774494,19266800
2009-03-04,59.060001,60.439999,58.849998,59.279999,42.896107,19092400
2009-03-05,58.060001,58.259998,56.119999,56.459999,40.855503,22266000
2009-03-06,57.529999,59.360001,56.470001,58.270000,42.165249,22099300
2009-03-09,57.630001,59.590000,57.509998,58.279999,42.172482,17666400
2009-03-10,59.889999,61.779999,59.279999,61.779999,44.705154,21943900
2009-03-11,61.099998,62.799999,60.340000,61.220001,44.299919,15360800
2009-03-12,61.709999,63.509998,61.139999,63.400002,45.877422,15602800
2009-03-13,63.880001,63.980000,62.099998,62.910000,45.522831,14355400
2009-03-16,61.660000,64.199997,61.660000,62.939999,45.544544,13272000
2009-03-17,63.110001,65.339996,62.430000,65.309998,47.259521,14726900
2009-03-18,64.699997,66.980003,63.959999,66.589996,48.185753,17843100
2009-03-19,68.250000,69.199997,66.830002,67.129997,48.576500,17221600
2009-03-20,67.540001,67.980003,64.269997,64.709999,46.825344,23811700
2009-03-23,65.910004,69.180000,65.750000,69.150002,50.038216,20321200
2009-03-24,68.239998,69.989998,68.209999,68.970001,49.907970,15391900
2009-03-25,69.349998,70.180000,67.839996,69.699997,50.436211,16723400
2009-03-26,70.589996,70.919998,69.160004,70.169998,50.776295,15904600
2009-03-27,69.080002,69.589996,68.500000,68.900002,49.857327,12842400
2009-03-30,67.540001,67.889999,65.959999,66.800003,48.337715,14304800
2009-03-31,67.440002,68.529999,66.779999,67.239998,48.656105,18691400
2009-04-01,66.000000,68.699997,65.830002,68.300003,49.423149,14299000
2009-04-02,70.000000,71.290001,69.510002,70.309998,50.877613,18069100
2009-04-03,69.900002,70.919998,69.419998,70.480003,51.000618,11574700
2009-04-06,69.739998,70.050003,68.669998,69.889999,50.573681,10430600
2009-04-07,69.059998,69.169998,67.919998,68.400002,49.495502,11086000
2009-04-08,67.730003,69.089996,67.410004,68.480003,49.553394,11238900
2009-04-09,69.559998,69.860001,68.519997,69.230003,50.096111,11057900
2009-04-13,67.449997,68.160004,66.519997,67.980003,49.191605,12614700
2009-04-14,66.879997,67.370003,66.040001,66.580002,48.178520,12971500
2009-04-15,66.430000,66.949997,65.589996,66.699997,48.265354,11219200
2009-04-16,67.150002,67.160004,65.110001,65.930000,47.708168,11959400
2009-04-17,66.419998,66.739998,65.730003,66.010002,47.766064,12660500
2009-04-20,65.300003,65.400002,63.740002,63.869999,46.217506,11753300
2009-04-21,63.549999,64.959999,63.060001,64.879997,46.948368,12569800
2009-04-22,64.330002,64.870003,63.549999,63.750000,46.130680,11932800
2009-04-23,64.440002,65.730003,64.000000,65.529999,47.418709,12370800
2009-04-24,66.239998,67.339996,66.010002,66.599998,48.192982,12615100
2009-04-27,65.320000,66.040001,64.830002,65.410004,47.331890,12303400
2009-04-28,64.800003,66.940002,64.620003,65.989998,47.751583,9261500
2009-04-29,66.599998,67.709999,66.089996,67.559998,48.887657,11666100
2009-04-30,68.000000,68.000000,65.300003,66.099998,47.831181,14107700
2009-05-01,66.059998,67.070000,65.370003,66.870003,48.388374,12003200
2009-05-04,67.339996,68.209999,66.279999,66.680000,48.250877,15224400
2009-05-05,66.760002,66.959999,65.389999,65.750000,47.577915,12678800
2009-05-06,66.489998,68.349998,66.400002,68.110001,49.285652,14107200
2009-05-07,68.620003,69.000000,67.480003,67.980003,49.191605,12338700
2009-05-08,68.589996,70.940002,68.589996,70.379997,50.928268,13931400
2009-05-11,69.290001,69.300003,67.730003,68.000000,49.206051,13520700
2009-05-12,68.820000,69.559998,68.019997,69.190002,50.067165,11313500
2009-05-13,68.190002,69.000000,67.580002,68.099998,49.278416,12437000
2009-05-14,67.660004,68.430000,67.300003,67.849998,49.097507,10051900
2009-05-15,66.919998,67.000000,65.500000,65.879997,48.133095,12322900
2009-05-18,66.639999,66.680000,65.680000,66.029999,48.242683,13480100
2009-05-19,65.980003,66.250000,65.660004,65.860001,48.118481,14223600
2009-05-20,66.400002,66.879997,65.050003,65.209999,47.643597,17617900
2009-05-21,64.529999,64.900002,63.849998,64.470001,47.102932,12463000
2009-05-22,64.750000,65.769997,64.360001,64.440002,47.081009,8779000
2009-05-26,63.810001,65.660004,63.570000,65.660004,47.972366,12018200
2009-05-27,65.690002,66.239998,64.389999,64.570000,47.175987,12209300
2009-05-28,65.050003,66.349998,64.260002,65.809998,48.081947,12182800
2009-05-29,66.550003,66.940002,65.900002,66.669998,48.710289,12171400
2009-06-01,67.800003,69.669998,67.440002,69.209999,50.566063,14222500
2009-06-02,69.099998,69.739998,68.820000,69.349998,50.668346,10311000
2009-06-03,68.730003,68.989998,67.250000,68.260002,49.871975,14907700
2009-06-04,68.970001,69.849998,68.480003,69.790001,50.989830,11298900
2009-06-05,69.940002,70.589996,68.879997,69.370003,50.682968,11204400
2009-06-08,69.000000,69.980003,68.629997,69.580002,50.836391,9557700
2009-06-09,70.059998,70.620003,69.489998,70.190002,51.282055,10021900
2009-06-10,71.000000,71.500000,69.449997,70.220001,51.303989,14356300
2009-06-11,70.360001,72.500000,70.190002,71.900002,52.531425,14600000
2009-06-12,71.190002,72.750000,70.690002,72.669998,53.093990,13931600
2009-06-15,71.959999,71.959999,70.360001,71.080002,51.932320,13317100
2009-06-16,71.699997,71.720001,69.830002,69.879997,51.055565,11267000
2009-06-17,69.440002,69.879997,68.459999,68.830002,50.288422,15484700
2009-06-18,68.550003,69.269997,68.000000,68.430000,49.996174,10478700
2009-06-19,68.820000,68.919998,67.370003,68.059998,49.725842,16452900
2009-06-22,67.080002,67.300003,65.639999,65.760002,48.045425,16404600
2009-06-23,66.150002,66.750000,65.589996,65.959999,48.191555,13029800
2009-06-24,66.339996,67.089996,65.449997,65.720001,48.016209,11633300
2009-06-25,65.500000,67.300003,65.220001,66.870003,48.856422,12828800
2009-06-26,66.610001,66.610001,65.779999,65.949997,48.184246,11011600
2009-06-29,66.410004,67.089996,66.080002,66.879997,48.863724,10288800
2009-06-30,66.940002,67.480003,65.519997,66.250000,48.403435,12772700
2009-07-01,66.930000,67.870003,66.389999,66.519997,48.600700,10397100
2009-07-02,65.610001,65.779999,64.419998,64.419998,47.066391,10747800
2009-07-06,63.689999,64.279999,62.570000,64.139999,46.861828,10673300
2009-07-07,63.930000,64.089996,62.660000,62.700001,45.809738,9519400
2009-07-08,62.669998,63.169998,61.900002,62.779999,45.868179,11905600
2009-07-09,63.619999,63.650002,62.779999,63.080002,46.087376,8580300
2009-07-10,61.759998,61.799999,60.880001,61.400002,44.859932,16790000
2009-07-13,61.459999,62.480000,60.910000,62.439999,45.619781,15929100
2009-07-14,63.000000,63.340000,62.369999,63.000000,46.028923,12881000
2009-07-15,64.150002,64.730003,64.000000,64.570000,47.175987,13601500
2009-07-16,64.260002,65.089996,64.010002,64.889999,47.409775,10292100
2009-07-17,64.720001,65.339996,64.220001,65.120003,47.577831,11911100
2009-07-20,65.690002,66.120003,65.110001,65.639999,47.957748,9632300
2009-07-21,66.339996,66.550003,65.400002,66.250000,48.403435,9759500
2009-07-22,65.540001,66.879997,65.400002,65.940002,48.176941,9911400
2009-07-23,65.970001,68.089996,65.919998,67.889999,49.601646,11272000
2009-07-24,67.660004,68.599998,67.440002,68.430000,49.996174,8897100
2009-07-27,68.620003,68.989998,68.220001,68.849998,50.303032,7844300
2009-07-28,68.209999,68.529999,67.540001,68.339996,49.930420,10773100
2009-07-29,67.500000,67.820000,66.459999,67.120003,49.039070,10749700
2009-07-30,67.930000,68.500000,67.010002,67.699997,49.462822,11541900
2009-07-31,67.150002,69.690002,67.010002,69.470001,50.756012,16302600
2009-08-03,70.260002,70.540001,69.809998,70.400002,51.435497,13222100
2009-08-04,69.970001,70.449997,69.639999,70.410004,51.442810,9692400
2009-08-05,70.419998,70.489998,69.400002,69.790001,50.989830,9231300
2009-08-06,69.860001,69.879997,68.709999,69.250000,50.595268,8660700
2009-08-07,69.680000,70.150002,69.150002,69.500000,50.777931,9086500
2009-08-10,69.279999,69.790001,68.839996,69.230003,50.580677,7914600
2009-08-11,68.830002,69.099998,67.680000,67.940002,49.638168,9080700
2009-08-12,68.110001,69.230003,68.019997,68.720001,50.208054,8962200
2009-08-13,69.059998,69.059998,68.070000,68.529999,50.069241,8299700
2009-08-14,68.570000,68.669998,67.589996,68.629997,50.142311,8835100
2009-08-17,66.650002,67.070000,66.349998,66.589996,49.138725,13435800
2009-08-18,66.559998,67.089996,66.500000,66.940002,49.397003,7872300
2009-08-19,66.250000,68.500000,66.059998,68.160004,50.297264,11183300
2009-08-20,68.320000,68.779999,68.010002,68.620003,50.636711,7957000
2009-08-21,69.459999,69.949997,69.059998,69.730003,51.455814,15265900
2009-08-24,70.099998,70.940002,69.910004,70.760002,52.215881,9749000
2009-08-25,71.129997,71.500000,70.360001,70.650002,52.134720,11391400
2009-08-26,70.099998,71.199997,69.769997,71.089996,52.459393,7233600
2009-08-27,70.709999,71.220001,69.540001,71.000000,52.392982,8321900
2009-08-28,71.290001,71.400002,70.410004,70.680000,52.156845,7307000
2009-08-31,69.989998,70.379997,69.430000,69.940002,51.610783,8048200
2009-09-01,69.690002,70.269997,68.279999,68.480003,50.533405,11748200
2009-09-02,68.400002,69.150002,68.000000,68.040001,50.208714,8070700
2009-09-03,68.419998,68.650002,67.959999,68.330002,50.422703,7238400
2009-09-04,68.169998,69.120003,68.150002,68.959999,50.887600,6137600
2009-09-08,69.730003,70.690002,69.709999,70.480003,52.009254,9683100
2009-09-09,70.680000,71.029999,69.940002,70.330002,51.898560,8028300
2009-09-10,70.889999,71.739998,70.379997,71.449997,52.725056,9772300
2009-09-11,71.790001,71.959999,70.379997,70.750000,52.208508,9905800
2009-09-14,69.940002,71.129997,69.820000,71.040001,52.422497,7194400
2009-09-15,71.330002,71.699997,70.370003,71.629997,52.857872,10419000
2009-09-16,71.860001,72.599998,71.540001,72.449997,53.462982,11082100
2009-09-17,72.180000,72.750000,71.809998,71.970001,53.108776,8641400
2009-09-18,72.830002,73.370003,72.500000,72.639999,53.603191,16088900
2009-09-21,71.589996,72.389999,71.470001,72.050003,53.167812,9375200
2009-09-22,72.720001,72.970001,72.150002,72.629997,53.595802,7084700
2009-09-23,72.500000,72.879997,71.250000,71.370003,52.666031,9853100
2009-09-24,71.300003,71.599998,70.160004,70.709999,52.178974,10006100
2009-09-25,70.580002,71.389999,70.360001,70.660004,52.142094,7253000
2009-09-28,70.790001,71.970001,70.550003,71.699997,52.909538,6022900
2009-09-29,71.500000,71.800003,70.790001,70.910004,52.326569,7859100
2009-09-30,71.120003,71.139999,69.769997,70.430000,51.972366,13851300
2009-10-01,70.400002,70.400002,68.699997,68.809998,50.776932,9249900
2009-10-02,68.220001,68.790001,68.029999,68.139999,50.282509,8963500
2009-10-05,68.269997,69.800003,67.870003,69.389999,51.204914,9777800
2009-10-06,70.139999,70.849998,69.529999,70.559998,52.068295,8461400
2009-10-07,70.309998,70.690002,69.489998,70.510002,52.031391,6933700
2009-10-08,70.889999,71.820000,70.699997,71.449997,52.725056,10122200
2009-10-09,71.940002,72.940002,71.449997,72.760002,53.691738,8812300
2009-10-12,73.190002,74.099998,73.139999,73.669998,54.363266,6790200
2009-10-13,73.730003,74.410004,73.230003,74.070000,54.658436,9040600
2009-10-14,74.879997,75.739998,74.550003,75.459999,55.684151,9284200
2009-10-15,75.190002,76.860001,75.019997,76.690002,56.591801,10286700
2009-10-16,76.370003,76.989998,75.980003,76.809998,56.680359,9872000
2009-10-19,76.940002,78.050003,76.540001,77.660004,57.307587,8213600
2009-10-20,77.709999,77.709999,76.320000,77.029999,56.842697,8161100
2009-10-21,76.599998,78.360001,75.720001,76.970001,56.798416,8670700
2009-10-22,76.610001,77.730003,76.000000,77.290001,57.034554,12671400
2009-10-23,77.139999,77.379997,76.199997,76.680000,56.584408,8329200
2009-10-26,76.959999,78.440002,75.339996,75.449997,55.676746,11143100
2009-10-27,75.820000,77.250000,75.480003,76.589996,56.518005,9573800
2009-10-28,76.389999,77.040001,75.629997,75.889999,56.001461,11992600
2009-10-29,76.160004,78.220001,75.680000,77.949997,57.521580,14869300
2009-10-30,78.250000,78.500000,75.570000,76.540001,56.481113,19335400
2009-11-02,76.860001,77.599998,75.730003,76.639999,56.554913,11207900
2009-11-03,75.809998,77.330002,75.559998,76.699997,56.599178,8714500
2009-11-04,77.099998,77.500000,76.000000,76.279999,56.289257,10695700
2009-11-05,76.620003,77.750000,76.550003,77.239998,56.997665,9346100
2009-11-06,76.570000,77.580002,76.180000,77.529999,57.211666,7746600
2009-11-09,78.290001,78.379997,77.500000,77.660004,57.307587,13749300
2009-11-10,77.410004,78.440002,77.349998,78.339996,57.809395,10638200
2009-11-11,78.870003,79.139999,78.000000,78.510002,57.934830,7912700
2009-11-12,78.320000,78.599998,77.070000,77.419998,57.130474,8604200
2009-11-13,77.300003,78.510002,77.250000,77.940002,57.514214,7898700
2009-11-16,78.110001,78.860001,77.980003,78.610001,58.519196,8952600
2009-11-17,78.449997,79.040001,78.209999,78.809998,58.668068,6740900
2009-11-18,78.820000,78.989998,78.099998,78.919998,58.749962,7309200
2009-11-19,78.519997,78.680000,76.940002,77.339996,57.573769,8863500
2009-11-20,76.849998,77.230003,76.400002,76.769997,57.149452,10630700
2009-11-23,78.309998,79.239998,78.150002,78.739998,58.615967,8986100
2009-11-24,78.730003,79.230003,77.930000,79.029999,58.831848,8528300
2009-11-25,79.110001,79.820000,78.650002,79.639999,59.285961,7543700
2009-11-27,77.629997,78.730003,77.260002,78.169998,58.191639,5649700
2009-11-30,77.849998,78.669998,77.540001,78.040001,58.094872,9299800
2009-12-01,79.099998,79.419998,78.830002,79.059998,58.854168,7209500
2009-12-02,78.989998,79.010002,78.120003,78.730003,58.608524,6316200
2009-12-03,78.610001,78.820000,77.730003,77.959999,58.035313,7624200
2009-12-04,78.739998,79.250000,77.519997,78.070000,58.117188,9971300
2009-12-07,77.919998,78.919998,77.699997,78.169998,58.191639,7518800
2009-12-08,77.889999,77.980003,76.449997,76.760002,57.142002,9061700
2009-12-09,76.910004,77.309998,76.190002,77.059998,57.365353,7164500
2009-12-10,77.660004,78.339996,77.300003,77.419998,57.633324,10864100
2009-12-11,77.669998,78.169998,77.290001,77.760002,57.886440,6707000
2009-12-14,78.449997,78.709999,77.070000,77.260002,57.514214,8525900
2009-12-15,77.019997,77.970001,77.010002,77.370003,57.596100,10296900
2009-12-16,77.900002,78.690002,77.550003,77.889999,57.983215,12169800
2009-12-17,77.489998,77.550003,76.709999,76.779999,57.156883,8997500
2009-12-18,77.419998,77.669998,76.559998,76.900002,57.246227,16605200
2009-12-21,77.599998,78.000000,77.269997,77.500000,57.692879,6742500
2009-12-22,77.830002,78.040001,77.290001,77.489998,57.685432,6770300
2009-12-23,77.870003,77.930000,77.019997,77.040001,57.350452,7342600
2009-12-24,77.019997,77.500000,77.019997,77.430000,57.640770,2565500
2009-12-28,77.779999,77.900002,77.309998,77.769997,57.893856,4192800
2009-12-29,77.809998,77.940002,77.190002,77.209999,57.476990,4810600
2009-12-30,77.099998,77.669998,77.000000,77.650002,57.804562,4300800
2009-12-31,77.720001,77.779999,76.930000,76.989998,57.313225,4246600
2010-01-04,78.199997,79.199997,78.160004,79.059998,58.854168,10173800
2010-01-05,79.220001,79.620003,78.720001,79.620003,59.271069,10593700
2010-01-06,79.440002,80.000000,79.190002,79.629997,59.278488,11014600
2010-01-07,79.360001,79.699997,78.970001,79.330002,59.055172,9626900
2010-01-08,79.120003,79.470001,78.889999,79.470001,59.159386,5624300
2010-01-11,80.169998,81.089996,80.059998,80.879997,60.209019,11916800
2010-01-12,79.519997,80.449997,79.470001,80.410004,59.859161,12175200
2010-01-13,80.269997,80.410004,79.089996,79.800003,59.405071,10842200
2010-01-14,79.629997,79.800003,79.150002,79.550003,59.218945,6721000
2010-01-15,79.540001,79.690002,78.279999,79.230003,58.980736,13482300
2010-01-19,78.959999,79.750000,78.570000,79.680000,59.315723,8722200
2010-01-20,78.709999,78.930000,77.650002,78.150002,58.176758,8703800
2010-01-21,78.150002,78.180000,76.059998,76.239998,56.754910,12573200
2010-01-22,75.980003,76.589996,74.430000,74.589996,55.526588,13825000
2010-01-25,75.150002,75.269997,74.089996,74.550003,55.496830,9129700
2010-01-26,74.080002,74.879997,73.699997,74.150002,55.199059,10558200
2010-01-27,73.940002,74.360001,73.129997,73.699997,54.864063,13373200
2010-01-28,73.970001,74.180000,72.320000,73.239998,54.521637,12828800
2010-01-29,73.529999,74.070000,71.750000,72.120003,53.687874,15265600
2010-02-01,72.699997,73.739998,72.139999,73.580002,54.774715,11828500
2010-02-02,73.739998,74.580002,73.000000,74.449997,55.422371,12947600
2010-02-03,74.180000,74.360001,73.050003,73.209999,54.499283,14540300
2010-02-04,72.559998,72.830002,71.059998,71.370003,53.129551,15248400
2010-02-05,71.000000,71.239998,69.550003,71.180000,52.988121,17307000
2010-02-08,71.239998,71.449997,70.129997,70.129997,52.206474,11595600
2010-02-09,70.889999,72.029999,70.820000,71.309998,53.084900,13051900
2010-02-10,71.019997,71.230003,70.000000,70.750000,52.668022,11618700
2010-02-11,70.720001,72.110001,70.309998,71.730003,53.397556,11273800
2010-02-12,70.540001,71.300003,70.169998,71.010002,53.367489,13809100
2010-02-16,71.989998,73.320000,71.930000,72.989998,54.855553,14230800
2010-02-17,73.220001,73.430000,72.459999,72.839996,54.742825,8728000
2010-02-18,72.690002,73.720001,72.339996,73.620003,55.329044,9848000
2010-02-19,73.440002,74.379997,73.209999,74.050003,55.652195,13113200
2010-02-22,74.169998,74.220001,72.790001,72.959999,54.833004,8683400
2010-02-23,72.599998,72.930000,71.769997,72.040001,54.141567,11907600
2010-02-24,72.120003,72.449997,71.610001,72.339996,54.367046,8921000
2010-02-25,71.190002,72.190002,70.779999,72.110001,54.194195,11761100
2010-02-26,72.190002,72.690002,71.820000,72.300003,54.336971,8978800
2010-03-01,72.629997,73.180000,72.389999,72.809998,54.720272,7428100
2010-03-02,73.180000,73.910004,73.010002,73.320000,55.103561,9257200
2010-03-03,73.629997,73.849998,73.059998,73.129997,54.960766,8194200
2010-03-04,73.070000,73.500000,72.709999,73.080002,54.923195,9419900
2010-03-05,73.550003,74.470001,73.510002,74.300003,55.840096,8750200
2010-03-08,74.489998,74.879997,74.150002,74.639999,56.095600,6474000
2010-03-09,74.300003,74.910004,74.000000,74.300003,55.840096,8480100
2010-03-10,74.139999,74.330002,73.250000,73.959999,55.584572,14652900
2010-03-11,74.070000,74.089996,73.550003,73.989998,55.607079,7024700
2010-03-12,74.169998,74.239998,73.510002,73.720001,55.404186,7681900
2010-03-15,73.510002,73.629997,72.849998,73.570000,55.291454,8807600
2010-03-16,73.900002,74.120003,73.410004,73.980003,55.599586,9828300
2010-03-17,74.180000,75.059998,74.160004,74.669998,56.118164,10292000
2010-03-18,74.849998,75.070000,74.239998,74.760002,56.185795,9916100
2010-03-19,74.980003,75.160004,73.889999,74.980003,56.351154,16610700
2010-03-22,74.169998,74.879997,74.000000,74.459999,55.960323,9317900
2010-03-23,74.430000,74.790001,74.029999,74.769997,56.193306,8006700
2010-03-24,74.269997,74.500000,73.779999,73.930000,55.562019,8997600
2010-03-25,74.400002,74.620003,73.690002,73.800003,55.464329,10510300
2010-03-26,74.000000,74.879997,73.820000,74.430000,55.937782,10411500
2010-03-29,74.610001,75.440002,74.489998,75.230003,56.539040,8818000
2010-03-30,75.269997,75.500000,74.959999,75.300003,56.591637,6378100
2010-03-31,75.470001,76.139999,75.080002,75.830002,56.989975,9875500
2010-04-01,76.400002,77.129997,76.339996,76.690002,57.636276,7859300
2010-04-05,76.970001,77.750000,76.730003,77.660004,58.365284,8108600
2010-04-06,77.570000,78.000000,77.199997,77.879997,58.530621,6490000
2010-04-07,77.669998,77.830002,76.959999,77.370003,58.147354,9431400
2010-04-08,76.930000,78.000000,76.629997,77.660004,58.365284,6880500
2010-04-09,78.040001,79.620003,78.000000,79.500000,59.748146,9804100
2010-04-12,79.500000,80.800003,79.370003,80.430000,60.447079,10000000
2010-04-13,80.419998,80.570000,79.269997,80.209999,60.281742,7978500
2010-04-14,80.459999,80.610001,80.029999,80.580002,60.559826,7290400
2010-04-15,80.610001,81.760002,80.510002,81.589996,61.318874,9702500
2010-04-16,81.459999,81.900002,80.279999,80.750000,60.687588,12861900
2010-04-19,80.250000,81.500000,80.050003,81.320000,61.115963,9335900
2010-04-20,81.820000,82.360001,81.660004,82.050003,61.664574,11470000
2010-04-21,82.300003,82.669998,81.239998,81.919998,61.566895,9416400
2010-04-22,81.110001,81.449997,80.639999,81.199997,61.025776,9421100
2010-04-23,81.040001,82.769997,80.949997,82.669998,62.130531,9918100
2010-04-26,82.519997,83.139999,82.339996,82.589996,62.070423,9792600
2010-04-27,82.080002,82.510002,80.070000,80.230003,60.296768,13042800
2010-04-28,80.620003,80.919998,79.849998,80.620003,60.589859,12115700
2010-04-29,81.190002,82.989998,81.190002,82.290001,61.844952,12274500
2010-04-30,82.370003,83.129997,81.290001,81.440002,61.206139,13910300
2010-05-03,81.959999,83.410004,81.330002,82.830002,62.250793,11650700
2010-05-04,82.010002,82.239998,79.629997,80.760002,60.695091,16274300
2010-05-05,79.690002,80.730003,79.449997,80.190002,60.266712,13028600
2010-05-06,79.410004,80.209999,71.500000,77.199997,58.019581,21059200
2010-05-07,77.220001,78.610001,76.410004,77.099998,57.944405,21866100
2010-05-10,79.370003,80.559998,78.529999,79.889999,60.041225,14661800
2010-05-11,79.639999,80.750000,79.489998,79.699997,59.898457,12018600
2010-05-12,79.769997,80.459999,79.360001,80.059998,60.168995,9257800
2010-05-13,79.800003,80.059998,78.750000,78.919998,59.312252,10839600
2010-05-14,78.419998,78.489998,76.980003,77.830002,58.493057,13602800
2010-05-17,77.389999,77.949997,75.949997,77.730003,58.963345,14694000
2010-05-18,78.309998,78.669998,76.389999,76.849998,58.295830,15321500
2010-05-19,76.349998,77.000000,75.540001,76.599998,58.106182,10773200
2010-05-20,75.040001,75.400002,73.529999,73.599998,55.830467,17879100
2010-05-21,72.349998,74.650002,72.000000,74.480003,56.498009,15919100
2010-05-24,74.220001,74.379997,73.309998,73.440002,55.709106,10540700
2010-05-25,71.739998,72.690002,70.800003,72.570000,55.049164,22304600
2010-05-26,73.190002,73.500000,71.440002,71.550003,54.275414,16888700
2010-05-27,73.129997,74.360001,72.300003,74.360001,56.406990,15252900
2010-05-28,74.000000,74.400002,73.040001,73.870003,56.035286,14445500
2010-06-01,73.559998,74.519997,72.290001,72.290001,54.836769,13966400
2010-06-02,72.660004,74.129997,72.120003,74.129997,56.232533,15674100
2010-06-03,74.660004,74.750000,73.139999,73.910004,56.065651,14278800
2010-06-04,72.150002,72.709999,70.800003,71.279999,54.070614,18133300
2010-06-07,71.660004,72.489998,71.190002,71.349998,54.123718,12324200
2010-06-08,71.680000,71.730003,69.820000,71.019997,53.873367,16572400
2010-06-09,71.169998,72.389999,70.599998,70.790001,53.698921,14074500
2010-06-10,72.870003,74.169998,72.690002,74.169998,56.262882,13937400
2010-06-11,73.480003,74.059998,72.790001,74.059998,56.179405,8346000
2010-06-14,74.230003,75.540001,74.160004,74.180000,56.270454,11948000
2010-06-15,74.570000,75.260002,74.180000,75.230003,57.066948,11760200
2010-06-16,74.610001,75.389999,74.449997,74.949997,56.854530,10424400
2010-06-17,75.019997,75.489998,74.199997,75.320000,57.135208,11113500
2010-06-18,75.470001,75.750000,74.900002,75.519997,57.286911,13680200
2010-06-21,76.809998,77.250000,75.290001,75.720001,57.438648,9347000
2010-06-22,75.449997,75.720001,73.879997,74.000000,56.133911,10576400
2010-06-23,73.839996,73.900002,72.150002,72.260002,54.814003,14876400
2010-06-24,71.800003,72.129997,70.699997,70.830002,53.729256,14188300
2010-06-25,71.129997,71.129997,69.879997,70.059998,53.145164,20472800
2010-06-28,70.559998,70.570000,69.629997,69.959999,53.069302,10873900
2010-06-29,69.199997,69.389999,68.000000,68.360001,51.855595,16421100
2010-06-30,68.220001,69.059998,67.800003,67.860001,51.476307,12871000
2010-07-01,68.190002,68.300003,66.830002,67.480003,51.188053,16335700
2010-07-02,67.790001,68.150002,66.870003,67.309998,51.059105,9143600
2010-07-06,68.279999,68.320000,66.860001,67.559998,51.248756,15039500
2010-07-07,67.820000,69.500000,67.489998,69.449997,52.682423,15691100
2010-07-08,70.180000,70.690002,69.209999,70.410004,53.410667,13478900
2010-07-09,70.459999,72.000000,70.050003,71.839996,54.495392,11390300
2010-07-12,71.529999,72.129997,71.349998,71.849998,54.502983,7352000
2010-07-13,72.989998,73.580002,72.500000,73.230003,55.549812,13751300
2010-07-14,73.010002,73.120003,72.349998,73.050003,55.413273,11750500
2010-07-15,73.230003,73.230003,72.160004,73.040001,55.405693,10507600
2010-07-16,72.650002,72.839996,71.250000,71.500000,54.237507,12060700
2010-07-19,71.839996,72.300003,71.489998,72.000000,54.616783,8350600
2010-07-20,71.000000,73.209999,70.959999,73.099998,55.451206,8922500
2010-07-21,73.330002,73.550003,71.570000,72.169998,54.745735,9045400
2010-07-22,72.800003,74.000000,72.580002,73.440002,55.709106,9552500
2010-07-23,73.279999,73.550003,72.669998,73.519997,55.769791,8426300
2010-07-26,73.820000,74.620003,73.410004,74.620003,56.604218,6467000
2010-07-27,74.860001,75.430000,74.500000,75.300003,57.120060,8163500
2010-07-28,75.129997,75.660004,75.010002,75.559998,57.317268,7392400
2010-07-29,75.889999,76.370003,75.279999,76.019997,57.666206,13346400
2010-07-30,75.150002,76.370003,74.889999,76.209999,57.810318,16955000
2010-08-02,77.620003,78.330002,77.320000,77.800003,59.016464,11863000
2010-08-03,77.919998,79.120003,77.809998,78.660004,59.668831,11788000
2010-08-04,78.779999,79.099998,78.230003,79.019997,59.941914,8067500
2010-08-05,78.510002,79.190002,78.239998,79.070000,59.979858,9304600
2010-08-06,78.230003,79.019997,77.809998,78.730003,59.721924,8986800
2010-08-09,79.300003,79.430000,78.870003,79.290001,60.146736,7015200
2010-08-10,78.540001,79.480003,78.150002,79.040001,59.957096,8406900
2010-08-11,77.970001,77.980003,77.019997,77.129997,58.508209,10589700
2010-08-12,76.410004,77.779999,76.199997,77.070000,58.462715,8993100
2010-08-13,77.040001,77.769997,76.910004,77.400002,58.713039,7087800
2010-08-16,77.110001,77.830002,76.370003,77.709999,58.948200,7284800
2010-08-17,77.570000,78.080002,77.080002,77.769997,59.545406,7360500
2010-08-18,77.610001,77.730003,76.540001,77.040001,58.986477,8308800
2010-08-19,76.720001,76.820000,75.500000,75.839996,58.067684,8870600
2010-08-20,75.459999,75.559998,74.550003,75.050003,57.462811,9303600
2010-08-23,75.339996,75.989998,75.050003,75.050003,57.462811,9991400
2010-08-24,74.269997,74.900002,73.620003,73.779999,56.490429,11261600
2010-08-25,73.320000,74.300003,72.570000,74.070000,56.712471,9711900
2010-08-26,74.370003,74.379997,73.099998,73.330002,56.145870,8176900
2010-08-27,73.889999,75.040001,72.930000,74.930000,57.370937,8789500
2010-08-30,74.629997,74.800003,73.779999,73.779999,56.490429,7558900
2010-08-31,73.510002,74.529999,73.230003,74.080002,56.720123,9227500
2010-09-01,75.360001,76.910004,75.239998,76.769997,58.779736,10549900
2010-09-02,76.750000,77.480003,76.470001,77.449997,59.300385,5995000
2010-09-03,77.389999,78.000000,77.389999,78.000000,59.721516,7189100
2010-09-07,77.680000,77.910004,76.970001,77.050003,58.994141,5880200
2010-09-08,77.160004,77.879997,77.070000,77.250000,59.147266,6940700
2010-09-09,77.889999,78.279999,77.269997,77.360001,59.231476,6646200
2010-09-10,78.330002,78.820000,77.940002,78.820000,60.349361,8223500
2010-09-13,79.370003,79.510002,78.669998,79.250000,60.678581,8586400
2010-09-14,79.250000,79.980003,79.180000,79.510002,60.877666,8447300
2010-09-15,79.059998,79.330002,78.519997,79.209999,60.647945,7240700
2010-09-16,78.989998,79.129997,78.389999,79.050003,60.525467,6905600
2010-09-17,79.419998,79.730003,78.239998,78.459999,60.073696,12326500
2010-09-20,78.540001,80.129997,78.470001,79.900002,61.176273,7730700
2010-09-21,80.040001,80.230003,79.099998,79.750000,61.061413,8598700
2010-09-22,79.930000,80.400002,79.239998,79.250000,60.678581,6776600
2010-09-23,78.519997,79.370003,78.160004,78.540001,60.134968,6802000
2010-09-24,79.260002,80.290001,78.709999,80.120003,61.344704,8256000
2010-09-27,80.300003,80.610001,80.070000,80.080002,61.314079,8380700
2010-09-28,80.449997,81.199997,79.580002,80.879997,61.926613,7826200
2010-09-29,80.739998,81.699997,80.489998,81.279999,62.232880,8851100
2010-09-30,81.690002,82.190002,80.330002,81.050003,62.056782,10120300
2010-10-01,81.889999,82.360001,81.480003,81.949997,62.745869,9570600
2010-10-04,81.889999,82.139999,80.680000,81.309998,62.255867,7602500
2010-10-05,82.180000,83.500000,81.949997,83.389999,63.848438,11597600
2010-10-06,83.290001,84.300003,83.209999,83.889999,64.231255,8650300
2010-10-07,84.419998,84.500000,82.940002,83.519997,63.947964,7714000
2010-10-08,83.470001,84.099998,82.949997,83.940002,64.269547,6879000
2010-10-11,83.849998,84.000000,83.349998,83.709999,64.093437,4790700
2010-10-12,83.360001,84.180000,82.629997,83.839996,64.192978,8528900
2010-10-13,83.449997,84.110001,82.860001,83.669998,64.062798,11647800
2010-10-14,83.650002,83.919998,82.959999,83.900002,64.238899,6718600
2010-10-15,84.389999,84.540001,83.120003,83.610001,64.016876,9502500
2010-10-18,83.480003,84.769997,83.400002,84.480003,64.682991,7800200
2010-10-19,83.379997,83.680000,82.139999,82.790001,63.389000,9455500
2010-10-20,83.139999,84.519997,82.930000,84.019997,64.330795,8835000
2010-10-21,84.510002,85.000000,83.389999,84.250000,64.506897,9521400
2010-10-22,84.790001,84.790001,84.169998,84.550003,64.736580,5555000
2010-10-25,85.129997,85.790001,84.739998,84.870003,64.981583,6757400
2010-10-26,84.650002,85.239998,84.489998,85.150002,65.195999,5968600
2010-10-27,84.639999,84.639999,83.290001,84.309998,64.552826,9557300
2010-10-28,85.269997,85.650002,84.099998,84.440002,64.652359,8519800
2010-10-29,82.889999,83.230003,81.980003,82.599998,63.243542,12463000
2010-11-01,83.150002,84.080002,81.089996,81.449997,62.363037,12781900
2010-11-02,82.360001,82.449997,81.720001,82.150002,62.899002,9528800
2010-11-03,82.660004,83.120003,81.910004,82.699997,63.320107,10036500
2010-11-04,84.160004,85.309998,83.879997,85.139999,65.188324,16295400
2010-11-05,84.709999,85.320000,84.050003,84.980003,65.065819,14513200
2010-11-08,84.620003,85.000000,83.790001,84.800003,64.928009,11799200
2010-11-09,83.910004,84.269997,83.099998,83.559998,63.978592,13597200
2010-11-10,83.779999,85.220001,83.250000,85.169998,65.211281,11795500
2010-11-11,85.000000,86.190002,85.000000,86.089996,65.915688,11297200
2010-11-12,85.459999,85.610001,84.559998,85.440002,65.418022,10571300
2010-11-15,85.739998,85.970001,84.830002,84.860001,64.973938,9252400
2010-11-16,83.550003,83.580002,81.930000,82.480003,63.692059,12360200
2010-11-17,82.410004,83.129997,82.099998,82.459999,63.676624,7847300
2010-11-18,83.040001,83.980003,82.949997,83.820000,64.726830,7590000
2010-11-19,83.690002,83.959999,82.820000,83.940002,64.819496,8130900
2010-11-22,83.470001,83.580002,82.050003,83.449997,64.441109,6791900
2010-11-23,82.470001,82.500000,81.150002,81.750000,63.128342,9507700
2010-11-24,82.150002,83.010002,82.000000,82.930000,64.039558,8042600
2010-11-26,82.440002,82.570000,81.790001,82.050003,63.360008,2789700
2010-11-29,81.300003,82.050003,80.410004,81.690002,63.082027,9070100
2010-11-30,80.639999,81.610001,80.470001,80.970001,62.526035,10366000
2010-12-01,82.150002,83.220001,81.750000,82.699997,63.861946,10629600
2010-12-02,82.699997,84.669998,82.529999,84.500000,65.251923,10799500
2010-12-03,84.489998,85.000000,84.360001,84.889999,65.553101,6724000
2010-12-06,84.790001,85.209999,84.489998,84.949997,65.599419,5184200
2010-12-07,85.919998,86.629997,85.709999,86.300003,66.641914,12560600
2010-12-08,86.510002,86.800003,85.629997,86.139999,66.518372,6918300
2010-12-09,86.790001,86.980003,85.839996,86.650002,66.912186,8076700
2010-12-10,86.959999,87.080002,86.239998,87.029999,67.205627,7406700
2010-12-13,87.720001,88.949997,87.510002,88.370003,68.240410,9910500
2010-12-14,88.580002,88.949997,88.129997,88.379997,68.248100,7331300
2010-12-15,88.019997,88.629997,87.930000,88.010002,67.962395,7608700
2010-12-16,88.080002,89.220001,87.849998,89.059998,68.773216,7796700
2010-12-17,88.849998,88.959999,88.080002,88.489998,68.333061,10832800
2010-12-20,88.959999,89.599998,88.570000,88.800003,68.572449,8029800
2010-12-21,89.339996,89.820000,88.949997,89.230003,68.904518,5962500
2010-12-22,89.620003,89.959999,89.320000,89.919998,69.437325,4262400
2010-12-23,89.889999,90.889999,89.820000,90.680000,70.024208,5095600
2010-12-27,90.489998,90.599998,90.040001,90.120003,69.591782,3138200
2010-12-28,90.320000,91.430000,90.129997,91.190002,70.418037,5058100
2010-12-29,91.540001,92.389999,91.349998,91.370003,70.557037,5301000
2010-12-30,91.320000,91.940002,91.150002,91.599998,70.734650,4156500
2010-12-31,91.580002,91.800003,91.000000,91.250000,70.464355,5152900
2011-01-03,91.660004,92.379997,91.300003,91.940002,70.997208,7802300
2011-01-04,92.279999,92.480003,91.220001,91.599998,70.734650,8513900
2011-01-05,90.919998,92.070000,90.500000,91.440002,70.611076,6659500
2011-01-06,91.760002,91.830002,90.269997,90.690002,70.031929,6220800
2011-01-07,90.980003,91.300003,90.269997,91.190002,70.418037,6346300
2011-01-10,90.949997,91.169998,90.120003,90.410004,69.815720,6848700
2011-01-11,90.870003,91.989998,90.809998,91.830002,70.912262,7838900
2011-01-12,92.360001,92.849998,92.199997,92.449997,71.391006,7845400
2011-01-13,92.010002,92.599998,91.779999,92.180000,71.182533,5721900
2011-01-14,92.120003,92.879997,91.820000,92.830002,71.684448,5557900
2011-01-18,92.940002,93.750000,92.930000,93.349998,72.086037,7733200
2011-01-19,93.629997,93.709999,92.580002,92.970001,71.792564,6069900
2011-01-20,92.139999,92.860001,91.580002,92.709999,71.591812,6513500
2011-01-21,93.370003,93.940002,93.099998,93.779999,72.418060,7427500
2011-01-24,93.889999,94.529999,93.660004,94.099998,72.665176,7282800
2011-01-25,93.779999,94.440002,93.349998,94.080002,72.649734,7423200
2011-01-26,94.379997,94.970001,93.580002,94.639999,73.082161,8832600
2011-01-27,94.559998,94.959999,94.300003,94.750000,73.167107,6301100
2011-01-28,94.489998,94.849998,92.930000,93.370003,72.101448,12444700
2011-01-31,93.849998,95.190002,93.370003,94.930000,73.306107,11167900
2011-02-01,95.629997,96.489998,95.169998,96.220001,74.302261,9948200
2011-02-02,95.370003,96.849998,95.370003,96.480003,74.503029,6607800
2011-02-03,96.570000,97.440002,95.760002,97.309998,75.143974,10500300
2011-02-04,96.930000,97.330002,96.519997,97.110001,74.989540,10529700
2011-02-07,97.279999,98.230003,97.260002,97.660004,75.414261,10256500
2011-02-08,97.870003,97.989998,97.110001,97.739998,75.476028,5710500
2011-02-09,97.250000,97.379997,95.699997,96.239998,74.317703,8242700
2011-02-10,95.879997,96.980003,95.739998,96.699997,74.672920,7286200
2011-02-11,96.089996,97.180000,95.889999,96.449997,74.479874,7324900
2011-02-14,95.500000,97.160004,95.500000,96.949997,75.429039,6994000
2011-02-15,96.580002,96.849998,95.660004,96.339996,74.954468,7626700
2011-02-16,96.720001,97.019997,96.080002,96.660004,75.203438,6786600
2011-02-17,96.559998,97.339996,96.410004,97.169998,75.600212,6616600
2011-02-18,97.410004,98.809998,97.029999,98.720001,76.806152,8860500
2011-02-22,99.230003,102.120003,99.230003,100.320000,78.050987,15723400
2011-02-23,100.529999,103.940002,100.519997,102.269997,79.568123,17174700
2011-02-24,103.089996,103.419998,101.550003,102.029999,79.381386,16467900
2011-02-25,101.709999,102.629997,101.349998,102.099998,79.435860,8516400
2011-02-28,102.279999,103.940002,102.180000,103.750000,80.719604,10219700
2011-03-01,104.070000,104.989998,102.839996,102.900002,80.058266,12266900
2011-03-02,103.050003,103.970001,102.190002,103.470001,80.501724,8335000
2011-03-03,103.839996,104.570000,103.320000,104.190002,81.061913,7537800
2011-03-04,104.129997,104.779999,102.500000,103.750000,80.719604,9850500
2011-03-07,104.120003,104.769997,103.010002,103.010002,80.143852,8222500
2011-03-08,103.410004,104.040001,101.449997,103.769997,80.735176,8913900
2011-03-09,103.180000,103.680000,101.900002,102.139999,79.466972,7102000
2011-03-10,101.480003,101.480003,98.290001,99.080002,77.086250,12553000
2011-03-11,98.099998,100.750000,97.599998,99.930000,77.747574,6872700
2011-03-14,99.160004,101.000000,99.029999,100.800003,78.424438,7353600
2011-03-15,98.180000,102.000000,97.980003,101.230003,78.758987,12650100
2011-03-16,101.650002,102.070000,98.629997,99.510002,77.420799,14795200
2011-03-17,100.879997,102.570000,100.400002,102.239998,79.544792,9981500
2011-03-18,103.370003,103.970001,102.360001,102.800003,79.980484,11366300
2011-03-21,103.860001,105.199997,103.199997,105.190002,81.839958,8785300
2011-03-22,105.360001,105.940002,105.120003,105.230003,81.871056,8008500
2011-03-23,104.730003,105.919998,104.449997,105.480003,82.065559,6811800
2011-03-24,105.870003,105.919998,104.930000,105.379997,81.987755,6996800
2011-03-25,105.720001,107.010002,105.379997,106.779999,83.076988,8982900
2011-03-28,106.400002,107.099998,106.040001,106.040001,82.501259,6023500
2011-03-29,106.040001,107.480003,105.519997,107.370003,83.536026,6963200
2011-03-30,107.610001,108.739998,107.550003,108.010002,84.033974,7907300
2011-03-31,109.309998,109.650002,107.349998,107.489998,83.629379,8418500
2011-04-01,108.290001,108.779999,107.510002,108.320000,84.275139,6494000
2011-04-04,108.519997,108.570000,107.849998,108.230003,84.205124,4764600
2011-04-05,108.250000,109.800003,108.230003,109.330002,85.060936,6541400
2011-04-06,109.830002,109.940002,108.440002,108.660004,84.539665,6893000
2011-04-07,109.019997,109.099998,107.510002,108.940002,84.757523,7011700
2011-04-08,109.349998,109.940002,109.139999,109.660004,85.317711,6732900
2011-04-11,109.739998,109.900002,107.570000,107.779999,83.855019,6599000
2011-04-12,106.470001,106.699997,103.480003,104.180000,81.054123,12803700
2011-04-13,104.820000,105.139999,103.339996,103.809998,80.766251,7241100
2011-04-14,103.320000,105.290001,103.129997,104.879997,81.598755,7084900
2011-04-15,105.519997,106.500000,104.349998,106.239998,82.656860,8869500
2011-04-18,104.949997,104.989998,103.040001,104.500000,81.303101,7194800
2011-04-19,104.489998,105.849998,104.269997,105.400002,82.003319,4993300
2011-04-20,107.709999,108.339996,107.010002,107.809998,83.878342,6667800
2011-04-21,108.250000,108.250000,107.489998,108.129997,84.127327,4915500
2011-04-25,107.370003,107.779999,106.680000,107.419998,83.574928,3995200
2011-04-26,107.849998,108.830002,107.160004,108.750000,84.609688,5300000
2011-04-27,109.110001,109.169998,107.550003,108.970001,84.780853,5982600
2011-04-28,109.080002,109.099998,108.080002,108.809998,84.656372,5941200
2011-04-29,108.480003,109.599998,107.779999,109.440002,85.146530,6755500
2011-05-02,109.480003,109.580002,107.610001,108.180000,84.166229,6550800
2011-05-03,107.580002,107.839996,105.190002,106.169998,82.602409,7955600
2011-05-04,106.019997,106.019997,103.699997,104.680000,81.443153,8892900
2011-05-05,103.360001,104.120003,101.110001,102.620003,79.840439,11988500
2011-05-06,103.339996,104.449997,102.000000,102.879997,80.042702,9536300
2011-05-09,103.250000,104.860001,103.000000,104.089996,80.984131,7117900
2011-05-10,104.320000,104.949997,103.250000,104.360001,81.194183,6430500
2011-05-11,103.269997,103.459999,101.250000,102.260002,79.560349,10161700
2011-05-12,101.629997,103.320000,100.410004,102.760002,79.949348,10425800
2011-05-13,103.449997,103.489998,101.269997,102.389999,79.661484,8968000
2011-05-16,102.029999,103.290001,101.410004,101.650002,79.085770,6759400
2011-05-17,100.309998,101.190002,99.610001,100.410004,78.725082,8768800
2011-05-18,100.919998,103.459999,100.169998,102.860001,80.645988,8193700
2011-05-19,103.690002,104.529999,102.940002,103.870003,81.437866,7452400
2011-05-20,103.550003,103.809998,101.769997,102.570000,80.418610,8760900
2011-05-23,101.129997,101.910004,100.699997,101.370003,79.477760,7487000
2011-05-24,101.849998,103.389999,101.849998,102.269997,80.183418,6800500
2011-05-25,102.000000,103.860001,101.809998,103.250000,80.951752,7949500
2011-05-26,102.989998,103.800003,102.099998,103.360001,81.038002,6614300
2011-05-27,103.639999,104.220001,102.529999,103.209999,80.920395,5796300
2011-05-31,104.610001,105.209999,103.709999,104.910004,82.253258,8188400
2011-06-01,104.730003,104.949997,102.080002,102.489998,80.355873,8196100
2011-06-02,102.349998,102.589996,100.360001,101.120003,79.281769,8129200
2011-06-03,99.730003,101.690002,99.570000,101.000000,79.187675,7692200
2011-06-06,100.900002,101.309998,99.300003,99.680000,78.152733,6982200
2011-06-07,100.230003,100.910004,99.379997,99.470001,77.988106,6835400
2011-06-08,99.510002,100.839996,99.500000,99.949997,78.364441,6936200
2011-06-09,100.510002,101.870003,100.320000,101.230003,79.368011,5734900
2011-06-10,100.940002,101.000000,98.980003,99.669998,78.144905,9113900
2011-06-13,100.040001,100.510002,98.070000,98.930000,77.564705,7999300
2011-06-14,100.019997,101.290001,99.889999,100.599998,78.874069,7353400
2011-06-15,99.199997,99.910004,97.709999,98.410004,77.157043,9665600
2011-06-16,98.059998,99.660004,97.809998,99.430000,77.956734,7786300
2011-06-17,100.230003,100.839996,98.730003,99.169998,77.752899,12029500
2011-06-20,98.879997,100.199997,98.650002,99.910004,78.333084,6427200
2011-06-21,100.540001,101.980003,100.320000,101.589996,79.650238,8499500
2011-06-22,101.269997,102.459999,101.000000,101.070000,79.242546,6592500
2011-06-23,98.900002,99.550003,97.000000,99.360001,77.901863,13058800
2011-06-24,99.540001,99.739998,97.809998,97.900002,76.757156,8032400
2011-06-27,97.940002,99.639999,97.940002,98.900002,77.541206,7130200
2011-06-28,99.529999,100.599998,99.300003,100.349998,78.678055,6113800
2011-06-29,100.690002,101.709999,99.910004,101.279999,79.407181,7637700
2011-06-30,101.790001,102.940002,101.279999,102.839996,80.630295,7697700
2011-07-01,102.709999,104.190002,102.010002,104.089996,81.610352,6579700
2011-07-05,104.110001,105.760002,104.110001,105.120003,82.417900,7392200
2011-07-06,104.820000,105.239998,104.570000,105.080002,82.386543,6196300
2011-07-07,106.080002,106.919998,105.800003,106.589996,83.570450,7878100
2011-07-08,105.449997,106.000000,105.070000,105.889999,83.021614,6334900
2011-07-11,104.430000,104.639999,103.750000,104.410004,81.861259,6975400
2011-07-12,103.989998,105.949997,103.989998,104.389999,81.845551,9158300
2011-07-13,104.739998,106.610001,104.720001,105.089996,82.394379,6871100
2011-07-14,105.699997,106.470001,104.570000,104.669998,82.065086,7279600
2011-07-15,105.680000,106.300003,105.139999,106.190002,83.256821,10160500
2011-07-18,105.580002,106.500000,105.110001,106.230003,83.288185,6951000
2011-07-19,106.489998,107.800003,106.489998,107.480003,84.268227,6987600
2011-07-20,107.510002,107.650002,106.879997,107.099998,83.970284,5044900
2011-07-21,107.879997,109.750000,107.760002,109.430000,85.797112,8319200
2011-07-22,109.389999,109.660004,108.820000,108.970001,85.436432,5413700
2011-07-25,107.550003,109.000000,107.459999,108.099998,84.754326,6284400
2011-07-26,107.910004,108.470001,107.339996,107.570000,84.338791,4864800
2011-07-27,106.970001,107.000000,105.470001,105.629997,82.817772,7412700
2011-07-28,105.150002,105.849998,104.430000,105.029999,82.347359,6655300
2011-07-29,103.720001,105.230003,103.070000,104.019997,81.555458,9697600
2011-08-01,106.080002,106.129997,103.919998,105.379997,82.621765,9309400
2011-08-02,104.720001,105.699997,103.430000,103.449997,81.108566,10396300
2011-08-03,103.529999,103.739998,100.870003,102.760002,80.567589,12027400
2011-08-04,100.779999,100.980003,96.510002,96.839996,75.926079,20541200
2011-08-05,98.029999,99.339996,93.820000,97.610001,76.529778,17596200
2011-08-08,94.279999,95.790001,89.750000,90.250000,70.759277,23079600
2011-08-09,91.599998,93.709999,87.300003,93.400002,73.228996,21012700
2011-08-10,92.709999,93.849998,89.739998,90.570000,71.010178,18069500
2011-08-11,92.070000,95.139999,90.779999,94.070000,73.754303,30717300
2011-08-12,95.639999,97.050003,94.919998,95.860001,75.157722,13364100
2011-08-15,97.000000,99.230003,96.790001,99.099998,77.698006,11857000
2011-08-16,97.989998,99.279999,97.150002,98.139999,76.945328,9842900
2011-08-17,98.410004,99.089996,97.110001,97.680000,77.198235,8594800
2011-08-18,95.139999,95.379997,91.750000,93.239998,73.689209,15083800
2011-08-19,92.089996,95.360001,92.080002,93.290001,73.728752,13452700
2011-08-22,96.550003,96.550003,92.949997,93.300003,73.736656,10071000
2011-08-23,93.919998,97.379997,93.459999,97.330002,76.921616,12301000
2011-08-24,96.830002,97.760002,96.070000,97.589996,77.127113,7642500
2011-08-25,98.050003,98.519997,95.290001,95.959999,75.838882,9812400
2011-08-26,94.680000,97.349998,93.360001,96.849998,76.542259,9216600
2011-08-29,98.279999,98.760002,96.580002,98.739998,78.035980,9724900
2011-08-30,97.970001,98.980003,96.739998,98.400002,77.767281,9202500
2011-08-31,98.849998,99.720001,98.080002,98.839996,78.114998,11242000
2011-09-01,99.010002,100.480003,98.500000,98.519997,77.862099,10121400
2011-09-02,96.309998,97.059998,95.070000,96.410004,76.194519,8976700
2011-09-06,93.580002,95.800003,92.750000,95.610001,75.562263,10276800
2011-09-07,98.269997,99.440002,97.860001,99.290001,78.470650,10572800
2011-09-08,98.889999,100.580002,98.000000,98.410004,77.775162,9603600
2011-09-09,97.010002,97.389999,94.779999,95.190002,75.230347,13346600
2011-09-12,93.940002,95.930000,93.160004,95.910004,75.799377,13616300
2011-09-13,96.760002,96.839996,94.629997,95.930000,75.815178,11453800
2011-09-14,96.309998,99.000000,95.150002,97.309998,76.905800,11325600
2011-09-15,98.720001,99.500000,98.059998,99.260002,78.446945,9241200
2011-09-16,100.000000,100.160004,98.290001,99.629997,78.739349,13862000
2011-09-19,97.190002,99.339996,96.599998,98.709999,78.012260,8522500
2011-09-20,99.279999,99.739998,97.739998,97.790001,77.285172,8660500
2011-09-21,97.209999,97.779999,94.139999,94.269997,74.503250,9267200
2011-09-22,90.910004,91.510002,88.589996,90.169998,71.262939,16685800
2011-09-23,90.129997,90.839996,88.559998,90.010002,71.136497,12228200
2011-09-26,90.650002,91.650002,88.760002,91.489998,72.306168,11899200
2011-09-27,94.160004,95.349998,93.050003,93.540001,73.926315,11079800
2011-09-28,93.989998,95.330002,91.540001,91.739998,72.503746,10338300
2011-09-29,94.190002,94.480003,92.320000,94.389999,74.598083,10104100
2011-09-30,92.959999,94.800003,92.519997,92.589996,73.175514,11918800
2011-10-03,91.930000,92.769997,89.849998,89.879997,71.033752,11384300
2011-10-04,88.720001,91.839996,86.680000,91.480003,72.298271,15398100
2011-10-05,92.139999,94.739998,91.029999,94.660004,74.811485,13057500
2011-10-06,93.379997,94.809998,92.720001,94.610001,74.771973,10169500
2011-10-07,95.669998,95.730003,93.660004,94.400002,74.605988,10534600
2011-10-10,96.129997,98.239998,96.089996,98.199997,77.609200,7490300
2011-10-11,97.209999,98.639999,97.150002,97.599998,77.134995,7613500
2011-10-12,98.110001,98.750000,96.690002,97.779999,77.277260,8868800
2011-10-13,96.620003,98.099998,96.250000,97.790001,77.285172,6507900
2011-10-14,98.970001,100.559998,98.849998,100.470001,79.403214,7365100
2011-10-17,99.910004,100.250000,98.400002,98.610001,77.933235,6576400
2011-10-18,99.029999,104.150002,97.970001,102.949997,81.363205,12165700
2011-10-19,102.690002,104.080002,101.709999,102.239998,80.802094,8651800
2011-10-20,102.680000,103.660004,101.720001,103.389999,81.710953,8710100
2011-10-21,104.500000,105.839996,104.209999,105.529999,83.402214,10884100
2011-10-24,105.500000,106.870003,105.269997,106.269997,83.987045,7911500
2011-10-25,106.620003,106.910004,104.330002,104.500000,82.588181,8452200
2011-10-26,106.080002,106.839996,104.459999,106.769997,84.382217,9959400
2011-10-27,107.839996,110.010002,107.620003,108.970001,86.120934,14393600
2011-10-28,108.849998,109.989998,107.260002,109.639999,86.650444,10341300
2011-10-31,107.720001,108.000000,105.050003,105.050003,83.022888,11457800
2011-11-01,101.470001,103.680000,100.790001,102.080002,80.675621,15213300
2011-11-02,103.959999,104.930000,103.139999,104.540001,82.619812,8393400
2011-11-03,105.839996,106.349998,104.699997,106.129997,83.876404,9276200
2011-11-04,105.750000,106.599998,104.480003,106.430000,84.113495,8402700
2011-11-07,106.650002,108.529999,105.540001,107.720001,85.133018,7821800
2011-11-08,108.269997,109.000000,106.500000,108.860001,86.033981,7761400
2011-11-09,105.800003,106.489998,103.879997,104.279999,82.414345,12062000
2011-11-10,105.320000,106.010002,103.500000,105.500000,83.378525,10025200
2011-11-11,106.690002,107.519997,106.610001,107.050003,84.603500,6352600
2011-11-14,106.199997,106.739998,105.379997,106.169998,83.908020,5531200
2011-11-15,106.230003,107.330002,102.580002,103.269997,81.616104,24328000
2011-11-16,102.510002,103.419998,100.739998,101.050003,80.492958,12581000
2011-11-17,100.750000,102.129997,98.750000,100.080002,79.720299,11794300
2011-11-18,100.519997,101.500000,97.519997,97.879997,77.967819,13668700
2011-11-21,96.919998,96.940002,94.449997,95.660004,76.199455,15021100
2011-11-22,95.680000,97.250000,95.000000,96.419998,76.804832,8939500
2011-11-23,95.419998,95.580002,93.750000,93.750000,74.678017,11665200
2011-11-25,94.029999,94.449997,92.290001,92.290001,73.515045,5257300
2011-11-28,96.029999,96.349998,95.000000,95.769997,76.287094,8403100
2011-11-29,95.959999,98.050003,95.750000,97.389999,77.577515,8845100
2011-11-30,100.500000,102.820000,100.110001,102.820000,81.902863,13373200
2011-12-01,102.820000,103.000000,100.959999,101.830002,81.114258,7007200
2011-12-02,103.040001,103.190002,101.500000,101.690002,81.002769,6638100
2011-12-05,103.580002,104.000000,102.040001,102.820000,81.902863,6121800
2011-12-06,103.099998,104.730003,102.839996,104.360001,83.129585,7445000
2011-12-07,104.220001,105.739998,103.970001,104.519997,83.257027,10323300
2011-12-08,104.000000,104.800003,101.949997,102.250000,81.448822,7720100
2011-12-09,102.739998,104.500000,102.709999,104.250000,83.041939,6624100
2011-12-12,104.019997,104.230003,101.500000,103.070000,82.102028,7595800
2011-12-13,104.220001,105.889999,103.099998,103.620003,82.540123,8990000
2011-12-14,102.750000,104.019997,99.510002,100.529999,80.078728,15512100
2011-12-15,101.230003,101.599998,99.320000,99.669998,79.393684,9667000
2011-12-16,100.320000,100.860001,99.589996,100.860001,80.341621,14709700
2011-12-19,101.160004,101.330002,99.500000,99.720001,79.433517,5977400
2011-12-20,101.940002,103.849998,101.779999,103.669998,82.579926,7278600
2011-12-21,103.680000,105.529999,103.550003,105.430000,83.981911,8156600
2011-12-22,105.510002,106.580002,105.059998,106.309998,84.682877,7483800
2011-12-23,106.629997,107.610001,106.099998,107.500000,85.630791,3779400
2011-12-27,107.260002,108.489998,107.260002,107.980003,86.013145,4136200
2011-12-28,107.860001,108.160004,105.879997,105.959999,84.404083,5307900
2011-12-29,106.379997,107.559998,106.320000,107.470001,85.606888,4468500
2011-12-30,106.790001,107.500000,106.180000,106.400002,84.754578,5009400
2012-01-03,108.739998,110.989998,108.730003,110.370003,87.916946,11518700
2012-01-04,109.830002,110.370003,109.199997,110.180000,87.765602,8019100
2012-01-05,109.389999,109.540001,107.970001,109.099998,86.905304,7184900
2012-01-06,109.410004,109.610001,108.089996,108.309998,86.276001,8214900
2012-01-09,108.239998,109.669998,108.029999,109.489998,87.215973,7118800
2012-01-10,110.120003,110.660004,108.900002,109.059998,86.873428,7641800
2012-01-11,108.510002,108.650002,107.129997,107.769997,85.845863,7802500
2012-01-12,104.519997,106.040001,104.519997,104.970001,83.615486,11897200
2012-01-13,104.620003,106.150002,103.510002,106.089996,84.507637,8266900
2012-01-17,107.269997,107.980003,106.029999,106.720001,85.009483,6925300
2012-01-18,106.000000,106.940002,105.199997,106.830002,85.097092,6581400
2012-01-19,107.209999,107.500000,105.820000,106.930000,85.176758,5666100
2012-01-20,106.949997,107.199997,106.250000,106.889999,85.144882,7284600
2012-01-23,106.989998,107.500000,106.559998,107.010002,85.240494,6506700
2012-01-24,106.449997,107.089996,106.180000,106.720001,85.009483,5041400
2012-01-25,106.370003,108.000000,105.089996,107.730003,85.814003,8020700
2012-01-26,108.029999,108.570000,106.349998,106.589996,84.905922,7000400
2012-01-27,104.389999,104.669998,103.120003,103.959999,82.810951,10581500
2012-01-30,103.400002,103.500000,102.080002,103.410004,82.372849,7615700
2012-01-31,104.610001,104.779999,102.400002,103.120003,82.141853,8320100
2012-02-01,104.419998,104.419998,102.680000,102.790001,81.878975,7824500
2012-02-02,103.029999,103.959999,102.879997,103.690002,82.595879,5897200
2012-02-03,104.910004,105.599998,104.480003,105.500000,84.037682,6818600
2012-02-06,104.620003,106.760002,104.370003,106.669998,84.969666,6443600
2012-02-07,106.019997,107.059998,105.440002,106.830002,85.097092,6034700
2012-02-08,107.269997,107.500000,106.089996,106.760002,85.041344,5383700
2012-02-09,107.180000,107.410004,106.070000,106.370003,84.730698,4751400
2012-02-10,105.190002,105.519997,104.580002,105.279999,83.862419,6136800
2012-02-13,106.160004,106.529999,105.449997,106.379997,84.738663,4695500
2012-02-14,106.250000,106.529999,105.570000,106.489998,84.826256,5974800
2012-02-15,106.239998,106.239998,104.589996,105.000000,84.280464,6553800
2012-02-16,105.519997,106.570000,104.800003,106.519997,85.500511,5733900
2012-02-17,107.019997,107.239998,106.040001,106.660004,85.612885,5666500
2012-02-21,107.510002,108.500000,107.440002,108.410004,87.017548,7149000
2012-02-22,108.160004,108.559998,107.199997,107.500000,86.287117,7150000
2012-02-23,107.540001,108.500000,107.320000,108.349998,86.969376,5504800
2012-02-24,108.800003,109.400002,108.500000,109.080002,87.555351,5833300
2012-02-27,108.290001,110.220001,108.279999,109.629997,87.996811,7723400
2012-02-28,109.680000,110.400002,109.180000,109.610001,87.980766,9132500
2012-02-29,110.400002,110.919998,108.919998,109.120003,87.587440,10572800
2012-03-01,109.169998,110.139999,109.099998,109.760002,88.101173,5980100
2012-03-02,109.500000,109.870003,109.000000,109.610001,87.980766,5377100
2012-03-05,109.139999,109.449997,108.139999,109.320000,87.747963,5941500
2012-03-06,108.139999,109.029999,108.000000,108.849998,87.370743,7480800
2012-03-07,109.000000,109.949997,108.190002,109.459999,87.860359,6867900
2012-03-08,109.800003,110.570000,109.559998,110.029999,88.317871,5505400
2012-03-09,109.889999,110.410004,109.370003,109.570000,87.948647,5704200
2012-03-12,109.650002,110.000000,109.160004,110.000000,88.293808,5324700
2012-03-13,110.220001,111.309998,109.430000,111.190002,89.248978,7331000
2012-03-14,111.050003,112.279999,110.540001,110.690002,88.847641,8819400
2012-03-15,110.510002,110.930000,109.459999,110.029999,88.317871,8899400
2012-03-16,110.430000,110.830002,110.099998,110.279999,88.518555,11092500
2012-03-19,110.519997,111.059998,110.300003,110.699997,88.855667,5695000
2012-03-20,109.930000,109.930000,108.930000,109.080002,87.555351,6158300
2012-03-21,108.949997,109.019997,107.349998,107.910004,86.616226,7549900
2012-03-22,106.849998,106.989998,105.029999,105.349998,84.561386,8282100
2012-03-23,105.680000,106.900002,104.849998,106.360001,85.372086,6600300
2012-03-26,107.230003,107.970001,106.830002,107.839996,86.560036,5311100
2012-03-27,107.879997,108.000000,107.010002,107.040001,85.917885,4327700
2012-03-28,106.570000,106.959999,105.199997,105.889999,84.994812,6816400
2012-03-29,105.080002,107.019997,104.919998,106.849998,85.765388,5793900
2012-03-30,107.040001,107.250000,106.410004,107.209999,86.054344,6121000
2012-04-02,106.849998,108.790001,106.599998,108.300003,86.929276,5188400
2012-04-03,107.930000,108.230003,106.230003,107.139999,85.998184,4690300
2012-04-04,106.250000,106.260002,105.029999,105.599998,84.762062,5430600
2012-04-05,105.169998,105.900002,104.330002,104.750000,84.079773,5982700
2012-04-09,103.300003,104.080002,102.849998,103.489998,83.068405,4983400
2012-04-10,103.250000,103.379997,101.400002,101.449997,81.430969,8907500
2012-04-11,102.309998,102.449997,100.779999,100.949997,81.029625,8570100
2012-04-12,100.889999,102.860001,100.510002,102.589996,82.346001,6451900
2012-04-13,102.290001,102.360001,100.720001,100.779999,80.893173,6847100
2012-04-16,101.620003,102.239998,101.169998,101.510002,81.479126,6065100
2012-04-17,102.459999,104.089996,102.339996,103.620003,83.172745,5500900
2012-04-18,103.419998,103.970001,102.849998,103.389999,82.988136,4836200
2012-04-19,103.269997,103.639999,102.180000,102.510002,82.281807,6768400
2012-04-20,103.110001,103.839996,102.419998,102.519997,82.289825,5814700
2012-04-23,101.190002,102.720001,100.889999,102.440002,82.225616,5590600
2012-04-24,102.769997,103.169998,102.139999,103.029999,82.699188,4104400
2012-04-25,103.559998,103.889999,102.620003,103.849998,83.357368,5308500
2012-04-26,104.000000,106.699997,103.989998,106.220001,85.259705,8535300
2012-04-27,106.779999,106.800003,105.669998,106.199997,85.243645,5433500
2012-04-30,106.160004,106.610001,105.809998,106.559998,85.532608,4727100
2012-05-01,106.739998,108.790001,106.389999,108.269997,86.905167,6179900
2012-05-02,107.510002,107.650002,106.589996,107.029999,85.909859,4834400
2012-05-03,107.040001,107.059998,105.410004,105.989998,85.075073,4882800
2012-05-04,105.269997,105.489998,103.250000,103.720001,83.253006,6241300
2012-05-07,103.080002,103.820000,102.589996,103.309998,82.923935,6126900
2012-05-08,102.750000,103.209999,101.550003,102.839996,82.546661,8167200
2012-05-09,101.610001,102.500000,101.370003,101.779999,81.695824,6115600
2012-05-10,102.830002,104.239998,102.650002,103.360001,82.964066,21105400
2012-05-11,102.949997,103.949997,102.470001,102.690002,82.426277,4944700
2012-05-14,101.739998,102.300003,101.269997,101.940002,81.824257,7021400
2012-05-15,102.040001,102.660004,100.709999,100.900002,80.989502,8421000
2012-05-16,100.769997,101.779999,100.010002,100.099998,81.070488,6423800
2012-05-17,100.199997,101.410004,99.889999,100.139999,81.102890,6527500
2012-05-18,100.480003,100.750000,98.239998,98.459999,79.742256,11137700
2012-05-21,98.809998,99.739998,98.349998,99.690002,80.738419,6169400
2012-05-22,99.930000,100.680000,98.730003,99.320000,80.438782,6089700
2012-05-23,98.330002,99.000000,96.699997,99.000000,80.179604,8013000
2012-05-24,99.260002,100.120003,98.550003,100.059998,81.038101,6322300
2012-05-25,100.040001,100.239998,98.419998,98.860001,80.066208,5561500
2012-05-29,99.809998,100.849998,99.500000,100.239998,81.183861,5223200
2012-05-30,99.110001,99.110001,97.500000,97.629997,79.070045,7284800
2012-05-31,98.059998,99.160004,96.680000,98.309998,79.620773,9371100
2012-06-01,96.650002,97.290001,96.019997,96.410004,78.081978,9243000
2012-06-04,96.480003,97.139999,95.730003,96.580002,78.219658,6794500
2012-06-05,96.389999,96.870003,95.779999,96.489998,78.146751,5891600
2012-06-06,97.889999,99.800003,97.580002,99.800003,80.827522,7145800
2012-06-07,100.980003,102.000000,100.180000,100.389999,81.305344,7971600
2012-06-08,99.889999,101.000000,99.690002,100.839996,81.669800,5769900
2012-06-11,101.989998,102.330002,99.570000,99.910004,80.916611,7037100
2012-06-12,100.199997,100.900002,99.559998,100.739998,81.588814,5933400
2012-06-13,100.680000,101.400002,99.709999,100.129997,81.094780,5189900
2012-06-14,100.169998,102.169998,99.900002,101.919998,82.544502,6540000
2012-06-15,103.000000,104.500000,102.639999,104.330002,84.496338,11091100
2012-06-18,103.139999,103.970001,103.000000,103.459999,83.791733,6630300
2012-06-19,103.989998,104.650002,103.769997,104.059998,84.277657,6115500
2012-06-20,104.040001,104.550003,102.589996,103.629997,83.929413,7609200
2012-06-21,103.459999,103.750000,99.870003,100.019997,81.005699,8492000
2012-06-22,100.650002,101.120003,99.580002,100.440002,81.345879,11708600
2012-06-25,99.339996,99.559998,98.169998,99.080002,80.244408,7091000
2012-06-26,98.970001,101.290001,98.830002,100.949997,81.758904,7616000
2012-06-27,101.459999,102.900002,101.250000,102.570000,83.070930,5740300
2012-06-28,101.849998,103.650002,101.430000,103.459999,83.791733,7010200
2012-06-29,105.320000,105.510002,104.349998,105.500000,85.443909,10651500
2012-07-02,105.589996,106.089996,104.690002,105.860001,85.735481,5695600
2012-07-03,106.290001,107.419998,106.220001,107.370003,86.958420,4079900
2012-07-05,106.269997,107.050003,105.730003,106.029999,85.873169,5045600
2012-07-06,104.989998,105.349998,104.389999,105.070000,85.095657,4609000
2012-07-09,104.970001,105.040001,103.550003,104.459999,84.601639,5233300
2012-07-10,104.870003,105.389999,103.290001,103.879997,84.131889,6424200
2012-07-11,104.309998,105.629997,104.019997,104.849998,84.917496,5931000
2012-07-12,104.309998,106.080002,104.269997,105.029999,85.063255,7871500
2012-07-13,105.339996,106.190002,104.870003,106.010002,85.856956,6771800
2012-07-16,105.709999,107.250000,105.500000,106.779999,86.480568,5185100
2012-07-17,106.989998,107.500000,105.580002,107.430000,87.007011,6668200
2012-07-18,106.790001,107.980003,106.660004,107.879997,87.371460,5519300
2012-07-19,107.919998,108.980003,107.120003,108.839996,88.148956,6829400
2012-07-20,108.160004,109.250000,107.500000,109.190002,88.432442,9368100
2012-07-23,107.250000,108.279999,106.029999,107.949997,87.428146,5953200
2012-07-24,108.160004,108.160004,104.610001,106.300003,86.091827,6654900
2012-07-25,106.519997,106.769997,105.279999,106.059998,85.897446,5476400
2012-07-26,107.589996,108.629997,107.260002,108.269997,87.687332,6808200
2012-07-27,109.379997,109.500000,107.129997,109.260002,88.489113,8338800
2012-07-30,108.870003,109.930000,108.760002,109.820000,88.942665,5789900
2012-07-31,109.550003,110.820000,109.529999,109.580002,88.748299,10012500
2012-08-01,109.720001,111.230003,109.139999,110.500000,89.493408,8363800
2012-08-02,109.459999,109.930000,108.470001,109.250000,88.481010,6662200
2012-08-03,111.139999,111.879997,110.900002,111.120003,89.995522,5967600
2012-08-06,110.750000,112.099998,110.699997,111.309998,90.149414,5201900
2012-08-07,111.599998,112.389999,111.510002,111.949997,90.667740,5453300
2012-08-08,111.500000,112.639999,111.360001,112.139999,90.821625,5443400
2012-08-09,112.260002,113.279999,111.730003,112.629997,91.218468,4846700
2012-08-10,111.959999,113.639999,111.279999,113.550003,91.963570,5107600
2012-08-13,113.320000,113.589996,112.709999,113.279999,91.744881,4336100
2012-08-14,113.699997,113.870003,112.959999,113.320000,91.777290,6286100
2012-08-15,112.129997,113.000000,112.000000,112.570000,91.899757,4539900
2012-08-16,112.720001,113.589996,112.099998,113.320000,92.512024,5394600
2012-08-17,113.309998,113.570000,112.510002,112.660004,91.973228,5642600
2012-08-20,112.690002,112.889999,112.139999,112.519997,91.858940,3908100
2012-08-21,112.809998,113.449997,111.779999,111.980003,91.418091,4647100
2012-08-22,111.900002,112.349998,111.279999,112.150002,91.556885,4445400
2012-08-23,112.080002,112.169998,110.949997,111.290001,90.854782,4191500
2012-08-24,110.769997,112.199997,110.760002,112.010002,91.442581,3453300
2012-08-27,112.180000,112.389999,111.459999,111.730003,91.213997,3388800
2012-08-28,111.839996,112.809998,111.769997,112.349998,91.720139,3340900
2012-08-29,112.330002,112.440002,111.599998,111.800003,91.271133,3296300
2012-08-30,111.489998,111.690002,110.919998,110.930000,90.560898,3523200
2012-08-31,111.669998,112.949997,111.669998,112.160004,91.565048,5557000
2012-09-04,112.029999,112.269997,110.879997,111.220001,90.797646,4632400
2012-09-05,111.599998,111.730003,110.589996,110.769997,90.430260,4441200
2012-09-06,111.570000,113.440002,111.570000,113.029999,92.275276,5531500
2012-09-07,112.970001,114.000000,112.739998,114.000000,93.067192,5057300
2012-09-10,114.199997,114.540001,113.599998,113.959999,93.034531,5212400
2012-09-11,114.070000,114.750000,114.000000,114.180000,93.214134,4758800
2012-09-12,114.230003,114.739998,114.029999,114.480003,93.459023,4420700
2012-09-13,114.730003,116.970001,114.120003,116.559998,95.157112,7737700
2012-09-14,116.930000,118.220001,116.480003,117.250000,95.720398,8978300
2012-09-17,117.169998,118.500000,116.889999,117.139999,95.630592,7409700
2012-09-18,116.989998,117.650002,116.589996,116.970001,95.491829,5100100
2012-09-19,117.089996,117.180000,115.830002,116.599998,95.189751,5978000
2012-09-20,116.139999,118.169998,115.500000,117.849998,96.210236,7286200
2012-09-21,118.529999,118.529999,117.470001,117.800003,96.169434,10280700
2012-09-24,117.550003,118.489998,117.459999,117.779999,96.153076,6808800
2012-09-25,118.180000,118.500000,116.529999,116.930000,95.459175,7565400
2012-09-26,116.820000,117.000000,116.150002,116.300003,94.944839,5586700
2012-09-27,116.779999,117.400002,116.519997,117.199997,95.679573,5482200
2012-09-28,116.879997,116.889999,116.150002,116.559998,95.157112,5626800
2012-10-01,116.919998,118.250000,116.870003,117.250000,95.720398,4914900
2012-10-02,117.650002,118.080002,116.919998,117.959999,96.300041,6012400
2012-10-03,117.650002,117.739998,116.050003,116.139999,94.814232,7362500
2012-10-04,116.639999,117.470001,116.470001,117.150002,95.638756,5425700
2012-10-05,117.419998,118.250000,117.120003,117.500000,95.924515,4507900
2012-10-08,117.190002,117.870003,116.949997,117.620003,96.022469,3434900
2012-10-09,117.519997,118.379997,117.349998,117.360001,95.810188,5983500
2012-10-10,114.639999,115.050003,112.010002,112.449997,91.801804,15959000
2012-10-11,113.370003,114.220001,113.059998,113.059998,92.299767,7279900
2012-10-12,113.080002,113.290001,111.610001,112.070000,91.491562,5915800
2012-10-15,112.160004,113.040001,111.099998,112.820000,92.103851,5775100
2012-10-16,113.480003,114.410004,113.320000,114.089996,93.140625,4793300
2012-10-17,114.360001,115.360001,114.360001,115.180000,94.030502,5218200
2012-10-18,114.550003,115.029999,114.370003,114.650002,93.597809,6166900
2012-10-19,114.900002,114.989998,113.110001,113.379997,92.561028,7160000
2012-10-22,113.610001,113.699997,111.730003,112.739998,92.038544,4811900
2012-10-23,111.580002,111.580002,109.099998,109.379997,89.295502,8011000
2012-10-24,109.419998,110.489998,109.029999,109.709999,89.564919,5087900
2012-10-25,110.629997,110.970001,109.650002,110.959999,90.585373,4888600
2012-10-26,110.669998,111.690002,110.580002,111.180000,90.764977,4777600
2012-10-31,111.930000,111.940002,109.250000,110.239998,89.997581,5958500
2012-11-01,110.019997,111.690002,109.889999,111.459999,90.993576,6480500
2012-11-02,110.699997,111.209999,107.570000,108.370003,88.470955,8375300
2012-11-05,107.739998,109.339996,107.739998,109.190002,89.140404,4058300
2012-11-06,109.650002,110.690002,109.250000,110.360001,90.095558,5379400
2012-11-07,109.239998,109.300003,106.779999,107.510002,87.768883,7627300
2012-11-08,107.230003,107.669998,105.870003,105.870003,86.430023,6208900
2012-11-09,105.260002,106.690002,105.080002,105.839996,86.405510,5835100
2012-11-12,106.449997,106.519997,105.489998,105.930000,86.479004,4001800
2012-11-13,105.370003,106.449997,105.199997,105.279999,85.948349,4834200
2012-11-14,104.989998,105.010002,102.220001,102.500000,84.400337,8609400
2012-11-15,101.989998,103.470001,100.660004,101.620003,83.675720,9774300
2012-11-16,101.559998,102.489998,101.000000,102.400002,84.317986,8242400
2012-11-19,103.669998,104.349998,103.139999,104.349998,85.923653,6850900
2012-11-20,104.010002,104.120003,102.919998,103.559998,85.273125,5283800
2012-11-21,103.949997,104.120003,103.410004,104.099998,85.717796,3656400
2012-11-23,104.870003,105.470001,104.459999,105.470001,86.845871,2776400
2012-11-26,104.750000,104.989998,104.250000,104.989998,86.450638,4354100
2012-11-27,105.000000,105.160004,103.199997,103.379997,85.124931,6612400
2012-11-28,102.980003,105.620003,102.760002,105.580002,86.936440,7024200
2012-11-29,105.889999,106.690002,105.379997,105.790001,87.109375,5756200
2012-11-30,106.099998,106.370003,105.269997,105.690002,87.027031,6676400
2012-12-03,106.000000,106.070000,104.379997,104.660004,86.178894,5736400
2012-12-04,104.400002,105.089996,103.940002,103.959999,85.602524,6665100
2012-12-05,104.379997,105.809998,104.000000,105.169998,86.598846,6430800
2012-12-06,105.489998,106.500000,105.290001,106.449997,87.652817,7392300
2012-12-07,106.730003,107.000000,106.139999,106.989998,88.097450,4947300
2012-12-10,107.099998,107.690002,106.470001,106.959999,88.072777,5512100
2012-12-11,107.290001,108.230003,107.150002,107.739998,88.715027,5922700
2012-12-12,108.169998,109.180000,107.930000,108.080002,88.995003,5968200
2012-12-13,108.540001,108.540001,107.459999,107.910004,88.855011,4909800
2012-12-14,107.610001,108.389999,107.400002,107.820000,88.780907,5889300
2012-12-17,107.970001,108.839996,107.940002,108.680000,89.489037,6097100
2012-12-18,108.540001,110.400002,108.320000,110.099998,90.658287,7102700
2012-12-19,110.470001,111.110001,109.889999,109.910004,90.501846,7623200
2012-12-20,110.000000,110.669998,109.650002,110.379997,90.888847,5873900
2012-12-21,109.570000,110.300003,108.559998,109.709999,90.337158,15611700
2012-12-24,109.300003,109.389999,108.480003,108.629997,89.447861,2284400
2012-12-26,109.099998,109.269997,108.209999,108.459999,89.307907,4094300
2012-12-27,108.459999,108.860001,107.269997,108.519997,89.357307,5525700
2012-12-28,107.680000,107.779999,106.300003,106.449997,87.652817,5277100
2012-12-31,105.750000,108.230003,105.750000,108.139999,89.044411,6554000
2013-01-02,110.269997,110.419998,108.739998,110.389999,90.897087,6144100
2013-01-03,110.139999,110.919998,109.510002,109.919998,90.510094,6817000
2013-01-04,109.989998,110.620003,109.900002,110.500000,90.987640,4414500
2013-01-07,110.019997,110.089996,109.190002,109.750000,90.370087,4861000
2013-01-08,109.480003,109.690002,109.099998,109.260002,89.966614,6325400
2013-01-09,109.720001,110.080002,109.199997,109.540001,90.197182,4558600
2013-01-10,110.190002,110.760002,110.089996,110.470001,90.962936,5276400
2013-01-11,111.199997,112.080002,110.800003,111.730003,92.000473,5456300
2013-01-14,111.379997,112.949997,111.349998,112.849998,92.922676,6373900
2013-01-15,112.260002,113.470001,112.150002,113.440002,93.408524,5637600
2013-01-16,113.309998,114.330002,113.169998,113.970001,93.844917,6148500
2013-01-17,114.730003,115.860001,114.589996,114.739998,94.478958,6966000
2013-01-18,115.230003,115.239998,114.059998,115.239998,94.890640,8538000
2013-01-22,115.110001,115.940002,114.529999,115.910004,95.442360,5398000
2013-01-23,115.349998,115.900002,114.930000,115.010002,94.701279,5031800
2013-01-24,115.489998,116.370003,115.279999,115.500000,95.104767,4895800
2013-01-25,115.519997,116.379997,115.150002,116.199997,95.681137,4745400
2013-01-28,116.559998,116.580002,115.410004,116.040001,95.549400,4520500
2013-01-29,116.279999,117.400002,116.250000,117.209999,96.512787,4370100
2013-01-30,117.070000,117.500000,116.260002,116.449997,95.886986,5168200
2013-01-31,116.220001,116.900002,115.150002,115.150002,94.816574,7777900
2013-02-01,115.839996,116.690002,115.050003,116.500000,95.928185,6415900
2013-02-04,115.019997,115.889999,114.290001,115.199997,94.857735,6397600
2013-02-05,115.739998,116.379997,115.510002,115.809998,95.360001,5067800
2013-02-06,115.430000,115.919998,114.849998,115.910004,95.442360,4459800
2013-02-07,115.989998,116.000000,114.330002,115.019997,94.709496,5423900
2013-02-08,114.930000,115.779999,114.900002,115.639999,95.220016,4457200
2013-02-11,115.680000,115.839996,115.010002,115.639999,95.220016,3766300
2013-02-12,115.720001,116.839996,115.510002,116.500000,95.928185,4530600
2013-02-13,115.430000,115.839996,114.910004,115.529999,95.870079,4111000
2013-02-14,115.160004,116.260002,115.070000,115.709999,96.019455,5226400
2013-02-15,115.500000,115.699997,114.029999,114.959999,95.397095,6353200
2013-02-19,115.190002,116.260002,115.190002,115.919998,96.193726,5023300
2013-02-20,115.930000,116.099998,114.839996,114.989998,95.421982,5447000
2013-02-21,114.790001,115.300003,114.089996,114.989998,95.421982,4795100
2013-02-22,115.510002,116.230003,114.820000,115.959999,96.226898,5207200
2013-02-25,116.500000,117.339996,113.500000,113.540001,94.218727,7522800
2013-02-26,114.470001,115.169998,113.750000,114.959999,95.397095,6113100
2013-02-27,114.709999,116.949997,114.709999,116.650002,96.799469,4540600
2013-02-28,116.570000,117.889999,116.349998,117.150002,97.214401,5953600
2013-03-01,116.730003,117.239998,115.949997,116.900002,97.006943,5570300
2013-03-04,116.779999,117.809998,116.080002,117.489998,97.496529,5046700
2013-03-05,117.970001,118.250000,117.669998,117.930000,97.861671,6356000
2013-03-06,118.300003,118.779999,118.029999,118.470001,98.309784,5362200
2013-03-07,118.620003,118.889999,118.209999,118.559998,98.384453,4378700
2013-03-08,118.949997,119.110001,117.989998,118.570000,98.392754,4992000
2013-03-11,118.629997,118.800003,118.099998,118.730003,98.525528,4528400
2013-03-12,118.879997,119.300003,118.160004,118.250000,98.127213,4625000
2013-03-13,118.379997,118.699997,118.059998,118.360001,98.218498,5393300
2013-03-14,118.730003,120.260002,118.599998,120.000000,99.579414,7476700
2013-03-15,119.589996,119.919998,118.910004,119.680000,99.313866,10215600
2013-03-18,118.779999,119.900002,118.699997,119.129997,98.857468,4828700
2013-03-19,119.389999,119.809998,118.650002,119.459999,99.131317,5244200
2013-03-20,119.980003,120.879997,119.860001,120.349998,99.869865,5945300
2013-03-21,120.000000,120.989998,119.809998,120.339996,99.861565,6168500
2013-03-22,120.660004,121.400002,120.480003,121.180000,100.558609,5190700
2013-03-25,121.500000,121.559998,119.559998,120.180000,99.728790,6345300
2013-03-26,120.739998,121.129997,120.320000,120.980003,100.392654,4256400
2013-03-27,120.500000,120.709999,119.699997,120.190002,99.737083,4329600
2013-03-28,120.440002,120.730003,118.760002,118.820000,98.600220,8280100
2013-04-01,118.989998,119.860001,118.760002,119.610001,99.255783,4322200
2013-04-02,119.839996,119.949997,118.660004,119.000000,98.749573,4813900
2013-04-03,119.180000,119.250000,117.349998,117.779999,97.737183,7175000
2013-04-04,117.930000,118.680000,117.169998,118.070000,97.977844,5409700
2013-04-05,116.639999,117.639999,116.169998,117.519997,97.521423,5029900
2013-04-08,117.449997,117.870003,116.650002,117.809998,97.762093,4117400
2013-04-09,117.989998,118.870003,117.629997,118.639999,98.450844,4849700
2013-04-10,118.889999,119.830002,118.510002,119.639999,99.280670,5452000
2013-04-11,119.959999,121.150002,119.519997,120.949997,100.367752,6092300
2013-04-12,120.459999,120.900002,119.500000,119.940002,99.529625,6391700
2013-04-15,118.809998,118.900002,116.500000,116.570000,96.733109,9766800
2013-04-16,117.339996,117.500000,116.209999,117.010002,97.098244,6511400
2013-04-17,116.400002,116.400002,114.120003,114.809998,95.272606,8291200
2013-04-18,114.879997,116.120003,114.599998,115.589996,95.919876,6451600
2013-04-19,116.360001,116.949997,115.830002,115.900002,96.177109,7573200
2013-04-22,116.389999,117.099998,115.889999,116.570000,96.733109,5435700
2013-04-23,116.989998,118.089996,115.900002,117.480003,97.488235,6745200
2013-04-24,118.040001,118.680000,117.980003,118.279999,98.152115,4559000
2013-04-25,119.070000,120.000000,118.300003,118.510002,98.342972,5602800
2013-04-26,119.000000,120.410004,118.680000,120.040001,99.612617,6012200
2013-04-29,120.440002,121.599998,120.040001,121.320000,100.674797,5158500
2013-04-30,121.050003,122.010002,120.120003,122.010002,101.247368,6907400
2013-05-01,121.250000,121.570000,120.050003,120.269997,99.803474,6082100
2013-05-02,121.000000,122.330002,120.629997,122.040001,101.272263,5066100
2013-05-03,122.690002,123.910004,122.459999,123.489998,102.475517,6384300
2013-05-06,123.320000,123.779999,122.709999,123.250000,102.276360,4668700
2013-05-07,123.349998,123.720001,122.540001,123.040001,102.102097,4412600
2013-05-08,122.980003,123.599998,122.849998,123.360001,102.367630,4479800
2013-05-09,123.459999,123.949997,122.959999,123.639999,102.599998,9237500
2013-05-10,123.379997,123.709999,122.110001,123.230003,102.259773,10581700
2013-05-13,122.900002,123.099998,122.169998,122.849998,101.944412,16870100
2013-05-14,122.919998,125.000000,122.910004,125.000000,103.728554,6965800
2013-05-15,123.730003,123.730003,122.599998,123.010002,102.900406,7950400
2013-05-16,122.739998,123.370003,122.500000,122.760002,102.691277,5549800
2013-05-17,122.739998,123.419998,122.269997,123.419998,103.243385,6850200
2013-05-20,123.430000,124.839996,123.180000,124.779999,104.381050,5298200
2013-05-21,124.839996,126.199997,124.750000,125.940002,105.351425,6699300
2013-05-22,125.910004,126.980003,124.599998,124.930000,104.506531,9350100
2013-05-23,124.209999,125.830002,124.209999,125.400002,104.899689,8096100
2013-05-24,124.500000,125.559998,124.330002,125.449997,104.941521,5593200
2013-05-28,126.389999,127.400002,125.860001,126.430000,105.761299,6598500
2013-05-29,126.070000,126.730003,124.809998,125.489998,104.974976,6422400
2013-05-30,125.230003,125.970001,124.510002,125.110001,104.657089,4353400
2013-05-31,124.639999,125.300003,122.750000,122.750000,102.682892,7905000
2013-06-03,122.349998,124.120003,122.349998,124.089996,103.803841,7256900
2013-06-04,122.820000,123.650002,122.139999,122.959999,102.858597,7675500
2013-06-05,122.339996,123.099998,121.309998,121.570000,101.695808,7745600
2013-06-06,121.269997,121.489998,118.660004,120.589996,100.876022,10141500
2013-06-07,121.220001,121.970001,120.139999,121.699997,101.804565,6089800
2013-06-10,122.940002,122.980003,121.800003,122.690002,102.632729,5585600
2013-06-11,121.870003,122.760002,121.260002,121.449997,101.595436,4548000
2013-06-12,122.320000,122.730003,119.610001,119.970001,100.357391,5489200
2013-06-13,119.900002,121.830002,119.809998,121.660004,101.771095,4656700
2013-06-14,121.129997,121.680000,120.099998,120.279999,100.616699,4415300
2013-06-17,120.449997,121.779999,120.279999,121.220001,101.403053,4046900
2013-06-18,121.029999,121.720001,120.860001,121.519997,101.653984,4544800
2013-06-19,121.800003,122.379997,120.410004,120.500000,100.800735,4634300
2013-06-20,119.540001,119.660004,117.570000,117.949997,98.667610,7624100
2013-06-21,119.239998,119.540001,117.260002,118.930000,99.487389,10692100
2013-06-24,117.709999,118.029999,116.019997,116.820000,97.722328,6785700
2013-06-25,117.750000,117.870003,116.919998,117.449997,98.249352,5983100
2013-06-26,118.339996,118.540001,117.000000,118.150002,98.834908,4820700
2013-06-27,118.519997,119.540001,118.489998,118.709999,99.303375,4459400
2013-06-28,118.790001,119.559998,118.139999,118.339996,98.993851,6504400
2013-07-01,118.349998,120.010002,118.000000,119.080002,99.612869,5053000
2013-07-02,119.089996,120.330002,118.589996,119.150002,99.671410,4912000
2013-07-03,119.239998,119.300003,118.610001,119.080002,99.612869,3034800
2013-07-05,119.690002,120.860001,119.099998,120.510002,100.809105,4386200
2013-07-08,121.290001,122.309998,120.980003,121.239998,101.419769,4964400
2013-07-09,122.389999,123.739998,122.050003,123.269997,103.117897,6252900
2013-07-10,123.449997,124.540001,122.709999,122.900002,102.808380,5549600
2013-07-11,123.949997,124.110001,122.510002,123.769997,103.536163,7235100
2013-07-12,123.519997,124.150002,123.040001,124.059998,103.778755,5615000
2013-07-15,124.110001,125.139999,124.059998,124.680000,104.297386,4062000
2013-07-16,124.709999,125.239998,123.550003,124.120003,103.828949,4002900
2013-07-17,124.650002,125.000000,124.290001,124.349998,104.021332,3634600
2013-07-18,124.680000,125.650002,124.639999,125.470001,104.958244,4324100
2013-07-19,125.790001,126.910004,125.169998,126.910004,106.162849,5929900
2013-07-22,126.709999,127.610001,126.650002,127.029999,106.263214,4056100
2013-07-23,127.070000,127.650002,126.699997,127.260002,106.455605,3763300
2013-07-24,127.250000,127.629997,125.900002,126.370003,105.711121,4527800
2013-07-25,126.139999,127.830002,125.790001,127.760002,106.873886,4466400
2013-07-26,127.029999,127.620003,126.089996,127.559998,106.706566,4829900
2013-07-29,127.370003,127.370003,125.889999,126.169998,105.543800,4028900
2013-07-30,126.199997,126.959999,125.190002,125.779999,105.217560,4589500
2013-07-31,126.019997,126.910004,125.459999,125.889999,105.309570,5394300
2013-08-01,126.489998,126.660004,125.639999,126.440002,105.769669,5757100
2013-08-02,124.870003,125.099998,123.300003,124.949997,104.523247,7472700
2013-08-05,124.720001,124.750000,123.760002,123.989998,103.720169,3733700
2013-08-06,123.970001,124.160004,123.010002,123.139999,103.009155,4677700
2013-08-07,123.029999,123.919998,122.800003,123.330002,103.168091,3898500
2013-08-08,123.879997,124.209999,121.910004,123.070000,102.950592,5639200
2013-08-09,123.120003,123.120003,121.680000,122.500000,102.473778,5739400
2013-08-12,122.000000,122.070000,120.910004,121.800003,101.888214,6014800
2013-08-13,121.930000,123.230003,121.400002,122.500000,102.473778,4461000
2013-08-14,122.760002,122.959999,121.540001,122.050003,102.097366,6884900
2013-08-15,120.680000,121.000000,120.000000,120.250000,101.422615,4247800
2013-08-16,119.889999,120.190002,119.050003,119.879997,101.110527,5652500
2013-08-19,119.690002,120.000000,118.519997,118.660004,100.081535,4308900
2013-08-20,118.589996,119.300003,118.290001,118.290001,99.769478,4490700
2013-08-21,118.379997,118.500000,117.220001,117.699997,99.271843,5648600
2013-08-22,117.940002,119.190002,117.430000,118.290001,99.769478,4028600
2013-08-23,118.690002,119.730003,118.120003,119.529999,100.815323,4675900
2013-08-26,119.739998,119.919998,118.519997,118.839996,100.233368,3783400
2013-08-27,118.239998,119.669998,118.070000,118.809998,100.208061,5185600
2013-08-28,119.459999,122.360001,119.459999,121.809998,102.738358,7615400
2013-08-29,121.150002,121.559998,120.059998,120.370003,101.523811,5488800
2013-08-30,120.519997,120.879997,120.070000,120.430000,101.574417,4696100
2013-09-03,121.339996,121.480003,120.000000,120.550003,101.675629,4154300
2013-09-04,120.349998,121.269997,119.940002,120.860001,101.937103,3671200
2013-09-05,121.080002,121.669998,120.910004,121.370003,102.367256,3337300
2013-09-06,121.529999,122.750000,119.010002,121.209999,102.232269,5690200
2013-09-09,121.209999,122.470001,121.209999,122.220001,103.084160,4482000
2013-09-10,122.820000,123.010002,121.209999,123.010002,103.750473,6000800
2013-09-11,123.050003,124.000000,122.790001,123.919998,104.517982,4995800
2013-09-12,124.050003,124.620003,123.639999,123.889999,104.492691,4529700
2013-09-13,123.980003,124.830002,123.809998,124.139999,104.703537,3094000
2013-09-16,124.980003,125.190002,123.980003,124.080002,104.652954,4277800
2013-09-17,124.099998,125.190002,124.080002,124.339996,104.872231,5458200
2013-09-18,124.360001,126.430000,123.820000,125.820000,106.120499,6296900
2013-09-19,125.860001,126.120003,125.250000,125.440002,105.800011,4440800
2013-09-20,125.660004,126.230003,124.739998,124.919998,105.361420,10264700
2013-09-23,124.620003,125.620003,124.570000,125.519997,105.867485,5450600
2013-09-24,125.339996,125.839996,124.410004,124.489998,104.998749,6097900
2013-09-25,124.769997,125.029999,124.070000,124.070000,104.644493,4498900
2013-09-26,124.099998,124.440002,123.019997,123.489998,104.155312,5022600
2013-09-27,123.230003,123.260002,122.510002,122.639999,103.438408,4518800
2013-09-30,121.599998,122.019997,120.500000,121.500000,102.476883,6421800
2013-10-01,121.269997,121.739998,120.839996,121.320000,102.325066,4702300
2013-10-02,121.040001,121.180000,119.760002,120.830002,101.911781,5899800
2013-10-03,120.620003,120.660004,117.930000,118.250000,99.735733,10203700
2013-10-04,118.500000,118.540001,117.519997,118.129997,99.634537,6538500
2013-10-07,117.430000,118.500000,117.209999,117.870003,99.415253,5677400
2013-10-08,117.889999,118.089996,116.709999,116.730003,98.453728,6744200
2013-10-09,116.550003,116.800003,115.320000,116.129997,97.947655,8861700
2013-10-10,115.239998,116.379997,114.440002,116.379997,98.158524,11133000
2013-10-11,116.570000,117.709999,115.930000,117.669998,99.246552,6535800
2013-10-14,117.330002,118.750000,116.320000,118.580002,100.014076,4789800
2013-10-15,118.559998,119.070000,117.769997,118.150002,99.651398,6414700
2013-10-16,119.419998,119.720001,118.339996,119.160004,100.503258,5614200
2013-10-17,119.099998,119.610001,118.669998,119.519997,100.806892,5254800
2013-10-18,119.610001,119.849998,119.129997,119.650002,100.916550,6231100
2013-10-21,119.629997,120.190002,119.309998,119.820000,101.059937,4360700
2013-10-22,120.139999,120.790001,119.709999,120.639999,101.751534,6444900
2013-10-23,120.290001,120.639999,119.839996,120.129997,101.321373,4961900
2013-10-24,120.669998,121.000000,119.910004,120.559998,101.684059,4188100
2013-10-25,120.589996,121.220001,120.269997,120.589996,101.709358,4273300
2013-10-28,120.559998,121.150002,120.089996,120.910004,101.979263,5497700
2013-10-29,121.330002,122.010002,121.160004,121.500000,102.476883,4241700
2013-10-30,121.540001,121.959999,119.910004,120.300003,101.464775,4999100
2013-10-31,120.150002,121.330002,119.830002,119.959999,101.178009,7752500
2013-11-01,119.040001,119.440002,117.000000,118.010002,99.533333,9344200
2013-11-04,118.589996,118.599998,117.320000,118.099998,99.609245,6670300
2013-11-05,117.599998,118.900002,117.070000,118.449997,99.904427,6623300
2013-11-06,119.300003,121.410004,118.820000,121.139999,102.173271,8373200
2013-11-07,121.599998,121.879997,119.419998,119.910004,101.135834,10131200
2013-11-08,119.669998,121.209999,119.580002,121.190002,102.215431,11331000
2013-11-11,121.180000,121.500000,120.709999,121.080002,102.122658,3427600
2013-11-12,121.029999,121.250000,119.629997,120.000000,101.211754,6914200
2013-11-13,119.580002,120.150002,119.190002,120.089996,101.287643,6212000
2013-11-14,119.580002,119.930000,119.320000,119.559998,101.687401,5470900
2013-11-15,119.779999,120.269997,119.129997,120.059998,102.112633,6008000
2013-11-18,120.709999,120.889999,120.070000,120.559998,102.537895,4788700
2013-11-19,120.550003,122.379997,120.269997,122.059998,103.813683,5891800
2013-11-20,122.160004,122.750000,121.599998,122.000000,103.762634,4571300
2013-11-21,122.360001,123.599998,122.360001,123.459999,105.004387,4884300
2013-11-22,123.540001,124.190002,122.419998,124.029999,105.489174,3887400
2013-11-25,123.769997,124.099998,123.220001,123.739998,105.242538,3925300
2013-11-26,123.410004,123.699997,122.650002,122.779999,104.426033,4597500
2013-11-27,122.620003,122.739998,121.639999,122.419998,104.119858,3906700
2013-11-29,122.830002,123.300003,122.000000,122.440002,104.136864,3721000
2013-12-02,122.870003,123.059998,122.050003,122.339996,104.051819,5384000
2013-12-03,122.309998,122.900002,121.870003,122.519997,104.204903,5410200
2013-12-04,122.099998,122.830002,121.190002,121.769997,103.567009,4391800
2013-12-05,121.269997,122.000000,120.709999,121.099998,102.997192,4706800
2013-12-06,122.050003,122.360001,121.650002,122.290001,104.009285,4179100
2013-12-09,122.269997,123.879997,122.160004,123.339996,104.902321,7706500
2013-12-10,123.790001,123.940002,122.699997,123.660004,105.174500,5602700
2013-12-11,123.820000,123.889999,121.800003,122.099998,103.847710,7309900
2013-12-12,121.779999,122.099998,120.570000,120.989998,102.903618,7221200
2013-12-13,120.440002,121.139999,119.379997,119.900002,101.976563,5268100
2013-12-16,120.459999,120.699997,119.809998,120.220001,102.248741,7304500
2013-12-17,120.120003,120.230003,118.250000,118.739998,100.989975,6824000
2013-12-18,119.330002,121.769997,119.209999,121.599998,103.422432,8206400
2013-12-19,121.570000,123.400002,121.059998,123.220001,104.800278,6540600
2013-12-20,122.820000,123.790001,122.400002,122.779999,104.426033,9455200
2013-12-23,123.410004,123.589996,122.629997,122.800003,104.443062,4062400
2013-12-24,122.769997,123.550003,122.699997,123.510002,105.046913,1587800
2013-12-26,123.599998,124.989998,123.550003,124.809998,106.152580,3415200
2013-12-27,125.000000,125.650002,124.690002,125.230003,106.509796,3455300
2013-12-30,124.790001,125.209999,123.900002,124.230003,105.659286,4688500
2013-12-31,124.680000,125.169998,123.930000,124.910004,106.237648,3475600
2014-01-02,124.459999,124.879997,123.709999,124.139999,105.582748,4540300
2014-01-03,124.599998,124.889999,123.860001,124.349998,105.761337,3506000
2014-01-06,124.589996,124.800003,123.519997,124.019997,105.480682,4252300
2014-01-07,124.419998,125.320000,123.650002,125.070000,106.373711,4563300
2014-01-08,124.440002,124.459999,122.750000,123.290001,104.859795,8282500
2014-01-09,123.419998,123.419998,122.019997,123.290001,104.859795,5643500
2014-01-10,122.500000,122.839996,120.370003,121.010002,102.920647,8127500
2014-01-13,120.809998,120.900002,119.010002,119.250000,101.423729,6504200
2014-01-14,119.400002,119.750000,118.800003,119.570000,101.695885,6904600
2014-01-15,119.690002,120.070000,119.050003,119.180000,101.364189,5829300
2014-01-16,119.110001,119.290001,118.190002,118.830002,101.066521,5041100
2014-01-17,119.029999,120.379997,118.739998,119.290001,101.457748,7199700
2014-01-21,120.739998,120.889999,119.510002,120.360001,102.367805,5602300
2014-01-22,120.510002,120.760002,119.970001,120.430000,102.427330,4977500
2014-01-23,119.839996,119.849998,118.260002,118.389999,100.692276,6205800
2014-01-24,117.870003,118.139999,116.260002,116.290001,98.906219,7094900
2014-01-27,116.260002,117.250000,115.879997,116.430000,99.025291,6179500
2014-01-28,116.720001,117.029999,116.070000,116.839996,99.374001,4303700
2014-01-29,116.139999,116.889999,115.709999,116.000000,98.659576,5522100
2014-01-30,116.309998,116.959999,115.180000,116.449997,99.042297,5538700
2014-01-31,113.900002,113.900002,111.110001,111.629997,94.942802,15523500
2014-02-03,112.349998,112.459999,110.540001,111.139999,94.526077,11275300
2014-02-04,111.860001,112.040001,110.489998,110.830002,94.262398,9717200
2014-02-05,111.000000,111.000000,109.269997,109.519997,93.148224,10562900
2014-02-06,110.110001,111.349998,109.910004,111.269997,94.636627,7983300
2014-02-07,111.910004,112.120003,110.389999,112.050003,95.300026,7071800
2014-02-10,112.470001,112.470001,111.080002,111.690002,94.993851,9251300
2014-02-11,112.029999,113.870003,111.949997,113.580002,96.601334,6874700
2014-02-12,112.889999,112.889999,111.809998,112.029999,96.129379,6422100
2014-02-13,111.730003,112.739998,111.180000,112.510002,96.541260,5061600
2014-02-14,112.580002,113.830002,111.589996,113.480003,97.373589,6776400
2014-02-18,113.860001,114.110001,112.599998,112.709999,96.712868,6106600
2014-02-19,112.550003,115.050003,112.470001,113.599998,97.476555,7989900
2014-02-20,113.510002,115.330002,113.099998,114.599998,98.334625,8406900
2014-02-21,114.720001,114.739998,112.599998,112.680000,96.687134,9221100
2014-02-24,113.370003,115.000000,113.050003,114.150002,97.948494,7337900
2014-02-25,114.370003,115.440002,114.239998,114.970001,98.652100,5976100
2014-02-26,114.820000,115.860001,114.400002,115.510002,99.115463,6113800
2014-02-27,115.660004,115.820000,114.559998,115.690002,99.269920,4922600
2014-02-28,115.870003,116.739998,114.809998,115.330002,98.961006,6944600
2014-03-03,114.790001,116.190002,114.260002,114.839996,98.540565,6046200
2014-03-04,115.889999,116.269997,115.260002,115.320000,98.952423,5611500
2014-03-05,115.080002,115.260002,114.010002,114.430000,98.188744,6703700
2014-03-06,114.709999,115.150002,114.349998,114.849998,98.549126,5179600
2014-03-07,115.070000,115.949997,114.639999,115.080002,98.746483,5055600
2014-03-10,115.449997,115.940002,114.120003,115.839996,99.398621,6203000
2014-03-11,115.900002,116.230003,114.239998,114.510002,98.257385,6274300
2014-03-12,114.139999,116.360001,114.129997,115.650002,99.235603,6812900
2014-03-13,115.599998,115.750000,114.120003,114.449997,98.205887,5405100
2014-03-14,114.360001,114.900002,113.680000,114.099998,97.905586,6280000
2014-03-17,114.260002,115.290001,114.129997,115.070000,98.737900,5894500
2014-03-18,115.620003,116.559998,115.199997,116.239998,99.741852,6329600
2014-03-19,115.879997,116.739998,114.660004,115.199997,98.849449,5569600
2014-03-20,114.849998,116.080002,114.320000,115.510002,99.115463,5280600
2014-03-21,116.290001,118.000000,115.580002,115.629997,99.218422,14893600
2014-03-24,116.000000,116.690002,115.650002,115.849998,99.407211,5386900
2014-03-25,116.230003,117.190002,116.209999,117.089996,100.471207,5573000
2014-03-26,117.800003,118.279999,117.360001,117.709999,101.003189,5971600
2014-03-27,117.750000,117.989998,116.830002,117.669998,100.968895,5224600
2014-03-28,118.129997,118.550003,117.699997,118.500000,101.681084,5875100
2014-03-31,118.790001,119.620003,118.489998,118.910004,102.032890,5482700
2014-04-01,119.150002,119.610001,118.839996,119.000000,102.110123,5391400
2014-04-02,118.519997,119.540001,118.519997,119.349998,102.410431,4505600
2014-04-03,119.779999,119.790001,118.889999,119.040001,102.144447,4446400
2014-04-04,119.750000,119.750000,118.589996,118.800003,101.938515,5301300
2014-04-07,118.320000,118.820000,117.339996,117.339996,100.685722,5241300
2014-04-08,117.660004,118.309998,117.180000,117.800003,101.080452,4706100
2014-04-09,117.830002,119.250000,117.589996,119.099998,102.195923,5376500
2014-04-10,117.199997,118.059998,116.550003,116.690002,100.127983,8769200
2014-04-11,116.500000,117.730003,116.500000,117.029999,100.419716,7028800
2014-04-14,117.839996,118.830002,117.339996,118.699997,101.852692,6817700
2014-04-15,118.709999,120.309998,118.339996,120.300003,103.225594,7681900
2014-04-16,120.900002,122.120003,120.900002,121.830002,104.538475,7277000
2014-04-17,121.720001,123.849998,121.720001,123.680000,106.125870,8604900
2014-04-21,123.050003,124.400002,123.050003,124.239998,106.606400,6351100
2014-04-22,123.870003,124.349998,123.610001,124.000000,106.400467,5849200
2014-04-23,124.190002,124.959999,124.190002,124.690002,106.992538,5596300
2014-04-24,124.839996,124.919998,124.139999,124.300003,106.657875,5185300
2014-04-25,124.230003,124.699997,123.580002,123.989998,106.391876,5776300
2014-04-28,124.260002,126.059998,124.250000,125.730003,107.884911,7687800
2014-04-29,125.919998,127.269997,125.760002,125.970001,108.090866,6666800
2014-04-30,125.760002,125.980003,125.309998,125.519997,107.704712,6123500
2014-05-01,125.660004,125.760002,124.279999,124.940002,107.207039,6379600
2014-05-02,123.900002,125.800003,123.580002,124.720001,107.018272,5406100
2014-05-05,124.820000,125.849998,124.339996,125.360001,107.567429,4224400
2014-05-06,125.000000,125.690002,124.519997,124.970001,107.232780,5600000
2014-05-07,125.949997,126.779999,125.639999,126.230003,108.313957,5436000
2014-05-08,125.699997,126.129997,124.870003,125.089996,107.335739,5009800
2014-05-09,125.389999,126.070000,124.639999,125.029999,107.284279,4826100
2014-05-12,125.570000,125.570000,124.629997,125.239998,107.464470,4914700
2014-05-13,125.570000,125.989998,124.970001,125.849998,107.987900,4415200
2014-05-14,126.139999,126.779999,125.760002,126.419998,108.476982,4961400
2014-05-15,125.169998,125.500000,123.550003,123.809998,107.144287,5939500
2014-05-16,123.959999,124.349998,122.889999,123.180000,106.599091,6435100
2014-05-19,122.949997,123.419998,122.849998,122.949997,106.400047,4042300
2014-05-20,122.949997,123.099998,122.239998,122.500000,106.010605,4044400
2014-05-21,123.000000,124.360001,122.940002,124.160004,107.447174,4758700
2014-05-22,124.099998,124.410004,123.559998,123.629997,106.988510,3262700
2014-05-23,124.099998,124.360001,123.330002,123.370003,106.763512,3808100
2014-05-27,123.760002,123.989998,122.750000,122.839996,106.304840,4283300
2014-05-28,122.900002,123.309998,122.519997,122.519997,106.027931,4702900
2014-05-29,122.889999,122.900002,121.650002,122.320000,105.854843,6255000
2014-05-30,122.239998,122.879997,122.010002,122.790001,106.261559,5174700
2014-06-02,122.930000,123.040001,122.010002,122.209999,105.759659,3689800
2014-06-03,122.389999,122.820000,121.720001,122.550003,106.053879,3563800
2014-06-04,122.320000,122.680000,122.000000,122.349998,105.880791,3285500
2014-06-05,122.529999,123.779999,122.459999,123.519997,106.893318,4220600
2014-06-06,123.699997,124.699997,123.540001,124.190002,107.473137,4295400
2014-06-09,124.010002,124.639999,123.879997,124.370003,107.628914,3657700
2014-06-10,124.980003,125.370003,124.150002,125.339996,108.468330,5869400
2014-06-11,125.129997,125.470001,124.620003,125.180000,108.329865,4570900
2014-06-12,125.730003,126.230003,125.419998,126.110001,109.134682,6815800
2014-06-13,125.940002,127.260002,125.900002,127.260002,110.129875,5573600
2014-06-16,127.150002,128.809998,127.139999,128.539993,111.237579,7065300
2014-06-17,127.900002,129.039993,127.570000,128.830002,111.488548,6720700
2014-06-18,128.960007,130.500000,128.360001,130.279999,112.743378,7697700
2014-06-19,130.289993,132.000000,129.910004,131.990005,114.223198,7419900
2014-06-20,131.949997,132.399994,130.880005,132.339996,114.526100,11348300
2014-06-23,132.520004,133.570007,132.419998,132.979996,115.079918,11006900
2014-06-24,132.740005,133.460007,131.710007,131.770004,114.032822,8581100
2014-06-25,131.339996,132.360001,131.009995,131.229996,113.565475,6714200
2014-06-26,131.210007,131.220001,129.529999,130.919998,113.297234,6111400
2014-06-27,130.729996,130.949997,129.300003,130.360001,112.812607,8674700
2014-06-30,130.149994,130.630005,129.369995,130.550003,112.977020,5698900
2014-07-01,130.940002,131.419998,130.460007,130.539993,112.968369,4000500
2014-07-02,130.529999,130.919998,129.990005,130.229996,112.700089,5136800
2014-07-03,131.440002,131.589996,130.720001,131.190002,113.530869,3514000
2014-07-07,130.440002,130.639999,130.020004,130.470001,112.907799,3660000
2014-07-08,129.699997,130.380005,129.520004,129.899994,112.414513,4687600
2014-07-09,130.270004,131.690002,129.990005,131.389999,113.703964,5200800
2014-07-10,130.479996,130.860001,129.899994,130.250000,112.717415,4404800
2014-07-11,129.130005,129.889999,128.029999,128.470001,111.177017,5242700
2014-07-14,128.800003,129.500000,128.380005,129.259995,111.860664,4135800
2014-07-15,129.070007,129.500000,128.610001,129.259995,111.860664,4845000
2014-07-16,129.889999,130.940002,129.690002,130.889999,113.271255,4491800
2014-07-17,130.639999,131.500000,129.880005,130.080002,112.570290,4953600
2014-07-18,130.639999,130.729996,129.580002,130.389999,112.838562,4339400
2014-07-21,130.110001,131.339996,130.009995,131.289993,113.617416,3714000
2014-07-22,131.550003,133.199997,131.550003,132.580002,114.733749,4391700
2014-07-23,132.699997,133.929993,132.479996,133.880005,115.858788,4589500
2014-07-24,134.029999,135.100006,133.690002,134.850006,116.698219,5337900
2014-07-25,134.580002,134.610001,133.059998,133.570007,115.590515,3702000
2014-07-28,133.559998,133.800003,132.889999,133.240005,115.304932,4625000
2014-07-29,132.899994,133.720001,132.419998,132.419998,114.595314,4189100
2014-07-30,132.970001,133.690002,131.500000,132.529999,114.690514,4601800
2014-07-31,131.729996,131.970001,129.100006,129.240005,111.843361,7973700
2014-08-01,127.760002,128.960007,126.360001,127.900002,110.683723,7377800
2014-08-04,127.690002,128.360001,126.029999,128.169998,110.917397,7360000
2014-08-05,127.809998,127.809998,124.580002,124.959999,108.139481,8066700
2014-08-06,124.900002,126.970001,124.800003,125.730003,108.805832,5134900
2014-08-07,126.190002,126.730003,124.830002,125.650002,108.736595,4650700
2014-08-08,126.070000,127.959999,125.910004,127.860001,110.649124,4730700
2014-08-11,128.160004,128.669998,127.540001,127.709999,110.519310,3466500
2014-08-12,127.139999,127.279999,126.260002,127.089996,109.982765,4944100
2014-08-13,127.639999,128.240005,126.870003,127.599998,110.424126,3518200
2014-08-14,127.680000,127.699997,126.529999,126.959999,109.870262,4524000
2014-08-15,126.419998,126.790001,125.680000,126.099998,110.053551,5754300
2014-08-18,126.269997,126.589996,125.629997,126.300003,110.228104,4630000
2014-08-19,126.720001,127.699997,126.550003,127.629997,111.388855,3887800
2014-08-20,127.250000,127.599998,126.779999,127.489998,111.266663,3230300
2014-08-21,127.680000,128.179993,127.180000,127.930000,111.650673,2668100
2014-08-22,127.019997,127.500000,126.470001,127.110001,110.935036,3236900
2014-08-25,127.570000,128.070007,127.379997,127.839996,111.572128,2645700
2014-08-26,128.059998,128.710007,127.940002,128.250000,111.929955,2832400
2014-08-27,128.410004,128.820007,128.190002,128.639999,112.270325,2767000
2014-08-28,128.279999,128.899994,128.250000,128.750000,112.366318,2409000
2014-08-29,129.000000,129.529999,128.500000,129.449997,112.977249,3519000
2014-09-02,129.199997,129.380005,127.059998,127.540001,111.310295,4744500
2014-09-03,128.449997,128.880005,127.669998,127.860001,111.589584,3846300
2014-09-04,128.210007,128.460007,126.199997,126.800003,110.664474,5191200
2014-09-05,127.150002,127.440002,126.160004,127.400002,111.188133,5035500
2014-09-08,126.680000,126.750000,125.690002,126.209999,110.149551,4200800
2014-09-09,124.489998,125.790001,124.260002,125.180000,109.250618,6721600
2014-09-10,124.459999,124.739998,123.010002,124.279999,108.465141,10941800
2014-09-11,123.279999,124.070000,122.410004,123.830002,108.072403,6569600
2014-09-12,123.540001,123.660004,122.209999,122.660004,107.051292,4915600
2014-09-15,122.349998,124.779999,122.059998,124.239998,108.430222,5437600
2014-09-16,124.059998,125.680000,123.610001,124.959999,109.058609,6587200
2014-09-17,125.129997,125.489998,124.449997,124.720001,108.849159,4583500
2014-09-18,124.849998,125.040001,123.849998,124.139999,108.342964,4683200
2014-09-19,124.940002,125.699997,124.650002,124.800003,108.918976,10090000
2014-09-22,124.599998,124.919998,123.470001,123.489998,107.775673,5850500
2014-09-23,123.529999,123.980003,122.860001,123.059998,107.400391,5620700
2014-09-24,123.070000,123.070000,120.849998,122.400002,106.824371,8005900
2014-09-25,122.199997,122.610001,120.680000,120.680000,105.323265,6466300
2014-09-26,120.550003,122.040001,120.019997,121.470001,106.012726,5500500
2014-09-29,120.720001,120.739998,119.139999,120.550003,105.209801,6791500
2014-09-30,120.510002,120.510002,118.660004,119.320000,104.136314,8385700
2014-10-01,118.800003,119.349998,117.379997,117.650002,102.678818,8027900
2014-10-02,117.389999,117.900002,116.129997,117.110001,102.207520,8171200
2014-10-03,118.160004,118.160004,116.400002,117.709999,102.731194,6298300
2014-10-06,117.910004,119.050003,117.279999,118.089996,103.062820,5409500
2014-10-07,117.470001,118.430000,116.000000,116.019997,101.256233,7303800
2014-10-08,115.830002,118.250000,115.150002,117.949997,102.940659,9517400
2014-10-09,117.019997,117.080002,114.239998,114.510002,99.938393,11489200
2014-10-10,114.699997,115.730003,112.879997,113.889999,99.397285,9253100
2014-10-13,113.550003,114.589996,111.849998,112.029999,97.773979,7799100
2014-10-14,112.599998,113.050003,109.099998,109.779999,95.810303,11541500
2014-10-15,108.570000,109.500000,106.650002,109.269997,95.365189,15278400
2014-10-16,107.959999,111.320000,107.199997,111.059998,96.927414,11908400
2014-10-17,111.779999,112.739998,110.730003,111.800003,97.573242,10895500
2014-10-20,111.529999,112.279999,110.970001,111.489998,97.302696,8823800
2014-10-21,113.180000,115.169998,112.910004,115.089996,100.444572,8899700
2014-10-22,115.199997,116.239998,113.910004,114.000000,99.493286,7211600
2014-10-23,116.000000,117.320000,114.949997,116.190002,101.404610,7195500
2014-10-24,116.190002,116.260002,114.529999,115.910004,101.160248,5507900
2014-10-27,114.379997,115.370003,113.459999,115.019997,100.383492,6714600
2014-10-28,116.169998,117.269997,115.160004,117.129997,102.224991,7272600
2014-10-29,118.000000,118.930000,116.099998,117.139999,102.233704,6873700
2014-10-30,116.180000,117.250000,115.570000,117.199997,102.286079,5174400
2014-10-31,118.349998,120.169998,116.389999,119.949997,104.686142,10669500
2014-11-03,119.830002,119.970001,116.459999,116.779999,101.919533,10343300
2014-11-04,115.989998,116.019997,114.800003,115.370003,100.688957,9585800
2014-11-05,117.269997,117.300003,114.860001,117.050003,102.155174,6603300
2014-11-06,116.900002,118.550003,116.360001,118.529999,103.446846,6383800
2014-11-07,118.750000,119.730003,118.360001,118.800003,103.682503,7366600
2014-11-10,119.580002,119.669998,117.309998,117.919998,102.914459,6114600
2014-11-11,117.949997,118.669998,117.300003,118.440002,103.368294,3957000
2014-11-12,117.860001,118.709999,117.379997,117.650002,102.678818,4923900
2014-11-13,117.089996,117.470001,115.639999,116.449997,101.631523,11019900
2014-11-14,115.699997,116.349998,115.419998,116.320000,102.459511,4891700
2014-11-17,115.959999,116.150002,115.269997,115.750000,101.957428,5713700
2014-11-18,115.970001,116.629997,115.250000,115.470001,101.710800,5672800
2014-11-19,115.970001,116.680000,115.070000,116.470001,102.591644,4270300
2014-11-20,116.160004,117.470001,116.160004,117.309998,103.331535,5272800
2014-11-21,118.790001,118.910004,117.730003,118.580002,104.450226,7361600
2014-11-24,118.129997,118.580002,117.150002,117.589996,103.578186,5807600
2014-11-25,117.800003,117.820000,115.629997,116.150002,102.309769,6671400
2014-11-26,116.070000,116.349998,115.019997,115.110001,101.393692,6715100
2014-11-28,111.589996,111.690002,108.430000,108.870003,95.897255,11935600
2014-12-01,109.379997,112.489998,108.680000,111.730003,98.416458,13400100
2014-12-02,111.269997,114.559998,110.889999,114.019997,100.433556,8548700
2014-12-03,114.739998,114.820000,113.150002,113.709999,100.160515,8049800
2014-12-04,113.080002,113.080002,111.010002,112.279999,98.900925,8100700
2014-12-05,111.790001,112.290001,110.709999,110.870003,97.658920,7663400
2014-12-08,109.889999,109.940002,106.410004,106.800003,94.073906,13809000
2014-12-09,106.169998,108.150002,106.129997,107.010002,94.258881,11053000
2014-12-10,106.220001,106.250000,103.070000,104.860001,92.365059,15073400
2014-12-11,104.970001,107.269997,104.300003,104.910004,92.409111,10293600
2014-12-12,103.760002,104.349998,102.370003,102.379997,90.180565,12013600
2014-12-15,103.129997,103.910004,100.419998,100.860001,88.841690,13144200
2014-12-16,100.500000,104.470001,100.150002,101.699997,89.581612,12722200
2014-12-17,102.180000,106.589996,102.010002,106.019997,93.386826,13354000
2014-12-18,108.010002,109.029999,105.489998,109.029999,96.038193,13533000
2014-12-19,109.529999,112.959999,108.500000,112.930000,99.473457,15723300
2014-12-22,112.360001,112.989998,111.070000,112.029999,98.680695,9433500
2014-12-23,112.760002,114.449997,112.320000,113.949997,100.371918,8092000
2014-12-24,113.660004,114.139999,112.070000,113.470001,99.949127,4536500
2014-12-26,113.930000,114.349998,112.820000,113.250000,99.755325,4380400
2014-12-29,113.440002,114.379997,112.779999,113.320000,99.816986,6043000
2014-12-30,112.930000,113.650002,112.150002,113.110001,99.632019,5659500
2014-12-31,111.650002,113.309998,111.529999,112.180000,98.812843,6411800
2015-01-02,111.629997,113.000000,110.849998,112.580002,99.165169,5898800
2015-01-05,110.959999,111.199997,107.440002,108.080002,95.201378,11758100
2015-01-06,107.870003,109.019997,106.480003,108.029999,95.157333,11591600
2015-01-07,109.250000,109.730003,107.510002,107.940002,95.078056,10353800
2015-01-08,109.190002,110.440002,108.599998,110.410004,97.253746,8650800
2015-01-09,110.139999,110.220001,107.669998,108.209999,95.315880,9561300
2015-01-12,107.470001,107.470001,105.559998,105.879997,93.263519,8912300
2015-01-13,106.919998,107.660004,103.190002,104.199997,91.783699,13277700
2015-01-14,103.199997,104.410004,101.830002,103.900002,91.519455,14116900
2015-01-15,103.900002,104.940002,102.529999,102.669998,90.436028,9664600
2015-01-16,102.470001,105.139999,102.470001,105.120003,92.594109,12604600
2015-01-20,104.559998,106.580002,103.809998,106.470001,93.783211,9816500
2015-01-21,106.790001,108.269997,106.349998,108.160004,95.271843,8271000
2015-01-22,108.760002,109.120003,106.989998,108.919998,95.941284,7471100
2015-01-23,108.220001,108.750000,106.730003,106.849998,94.117935,7766700
2015-01-26,107.220001,109.349998,106.320000,108.879997,95.906052,7670500
2015-01-27,108.110001,108.809998,107.629997,108.260002,95.359924,6388700
2015-01-28,108.160004,108.169998,103.419998,103.709999,91.352104,10526500
2015-01-29,104.239998,104.629997,101.660004,103.000000,90.726692,13994400
2015-01-30,101.599998,103.279999,98.879997,102.529999,90.312706,20584700
2015-02-02,103.980003,106.129997,102.970001,106.059998,93.422066,11537600
2015-02-03,107.699997,110.110001,107.669998,109.529999,96.478584,14118400
2015-02-04,108.489998,109.279999,107.389999,108.349998,95.439186,10176000
2015-02-05,109.570000,110.110001,108.570000,109.309998,96.284813,7533300
2015-02-06,109.660004,110.459999,109.110001,109.610001,96.549072,7579100
2015-02-09,109.839996,111.500000,109.650002,110.430000,97.271347,6403000
2015-02-10,110.519997,110.620003,108.089996,110.180000,97.051147,7033700
2015-02-11,108.980003,110.180000,108.290001,109.980003,96.874977,8662000
2015-02-12,110.279999,111.050003,109.820000,110.860001,98.609497,6618000
2015-02-13,111.349998,112.839996,111.099998,112.779999,100.317329,7494400
2015-02-17,112.309998,112.930000,111.519997,112.400002,99.979317,7097300
2015-02-18,111.250000,111.650002,110.370003,110.440002,98.235916,6885100
2015-02-19,108.199997,109.580002,107.239998,108.349998,96.376869,9721100
2015-02-20,108.430000,108.870003,107.500000,108.599998,96.599228,7610600
2015-02-23,107.790001,108.500000,107.349998,107.860001,95.940994,6724000
2015-02-24,107.889999,108.239998,107.339996,107.959999,96.029953,5684800
2015-02-25,108.120003,108.779999,107.760002,108.580002,96.581459,4806500
2015-02-26,107.889999,107.919998,106.599998,107.059998,95.229416,5903100
2015-02-27,107.519997,107.730003,106.570000,106.680000,94.891396,6396500
2015-03-02,106.320000,106.339996,104.930000,105.900002,94.197601,7343700
2015-03-03,105.879997,106.220001,104.809998,105.160004,93.539375,6901200
2015-03-04,105.639999,105.639999,104.440002,105.160004,93.539375,5768100
2015-03-05,105.010002,105.309998,104.330002,104.730003,93.156906,5156900
2015-03-06,104.220001,104.519997,103.169998,103.550003,92.107277,7213300
2015-03-09,103.599998,105.629997,103.500000,103.949997,92.463074,7506200
2015-03-10,103.790001,104.550003,102.330002,102.910004,91.538002,10661200
2015-03-11,103.519997,103.889999,102.449997,103.540001,92.098396,8440700
2015-03-12,104.220001,104.510002,102.300003,102.419998,91.102150,5900600
2015-03-13,101.839996,101.839996,100.660004,101.620003,90.390556,8345200
2015-03-16,101.440002,103.269997,101.000000,103.129997,91.733696,6780200
2015-03-17,102.300003,103.550003,102.099998,103.169998,91.769272,7070400
2015-03-18,102.610001,106.879997,102.370003,106.699997,94.909187,11038300
2015-03-19,105.099998,105.400002,104.650002,104.750000,93.174690,7841900
2015-03-20,105.290001,107.260002,105.110001,107.029999,95.202713,14064900
2015-03-23,107.510002,107.690002,105.919998,105.919998,94.215385,6770200
2015-03-24,105.919998,106.190002,104.160004,104.199997,92.685455,6677800
2015-03-25,104.660004,106.199997,104.330002,105.669998,93.993011,9169400
2015-03-26,106.279999,106.519997,104.160004,105.250000,93.619423,7276900
2015-03-27,104.989998,104.989998,103.669998,104.279999,92.756622,5718700
2015-03-30,104.970001,107.209999,104.970001,106.900002,95.087082,7172400
2015-03-31,105.620003,106.070000,104.879997,104.980003,93.379257,7254100
2015-04-01,105.769997,106.220001,104.500000,104.790001,93.210251,7336600
2015-04-02,104.449997,105.680000,104.080002,105.279999,93.646103,5123900
2015-04-06,106.029999,107.860001,105.220001,106.919998,95.104874,6724000
2015-04-07,106.970001,109.089996,106.620003,108.540001,96.545853,8536000
2015-04-08,108.860001,108.919998,106.519997,106.660004,94.873619,7894800
2015-04-09,106.800003,107.239998,106.180000,106.949997,95.131569,5760500
2015-04-10,107.470001,107.660004,106.809998,106.910004,95.095970,5012200
2015-04-13,107.349998,107.900002,106.440002,106.500000,94.731300,4307200
2015-04-14,107.699997,109.089996,107.260002,108.839996,96.812706,6865000
2015-04-15,109.589996,110.690002,109.379997,110.410004,98.209213,6704000
2015-04-16,109.900002,110.940002,109.000000,110.160004,97.986847,5904200
2015-04-17,109.360001,109.690002,108.260002,109.110001,97.052879,6548700
2015-04-20,109.570000,111.709999,109.550003,110.290001,98.102470,7060400
2015-04-21,110.050003,110.739998,109.309998,109.730003,97.604370,5674900
2015-04-22,110.050003,110.440002,109.209999,109.500000,97.399780,5643100
2015-04-23,110.000000,110.650002,109.599998,109.970001,97.817848,6940000
2015-04-24,109.669998,110.040001,109.029999,109.870003,97.728897,4995000
2015-04-27,110.339996,110.739998,109.540001,109.699997,97.577675,4858700
2015-04-28,110.050003,111.239998,109.650002,111.120003,98.840767,5321600
2015-04-29,110.820000,111.989998,110.680000,111.730003,99.383354,5665800
2015-04-30,112.040001,112.199997,110.440002,111.059998,98.787384,6666800
2015-05-01,110.279999,110.800003,108.339996,109.040001,96.990601,10362700
2015-05-04,109.379997,109.410004,107.989998,108.320000,96.350174,7660100
2015-05-05,109.239998,109.930000,108.000000,108.000000,96.065536,6463300
2015-05-06,109.239998,109.529999,107.300003,107.949997,96.021065,5820400
2015-05-07,107.690002,108.199997,106.690002,107.570000,95.683060,5798300
2015-05-08,108.290001,108.800003,107.400002,108.650002,96.643707,7078900
2015-05-11,108.650002,108.690002,107.300003,107.360001,95.496262,6003600
2015-05-12,107.440002,108.000000,107.099998,107.559998,95.674171,5026500
2015-05-13,107.980003,108.470001,107.300003,107.699997,95.798691,5517600
2015-05-14,108.019997,109.300003,108.019997,108.449997,96.465805,9751700
2015-05-15,107.209999,108.330002,106.940002,108.029999,97.049736,5641600
2015-05-18,107.500000,107.510002,106.580002,106.650002,95.810005,6364200
2015-05-19,106.050003,106.309998,105.000000,105.019997,94.345680,7927600
2015-05-20,105.419998,105.900002,104.760002,105.250000,94.552307,6521200
2015-05-21,105.970001,106.269997,105.300003,105.489998,94.767899,6549300
2015-05-22,105.089996,105.550003,104.860001,104.889999,94.228889,4717200
2015-05-26,104.220001,104.440002,102.930000,103.290001,92.791512,8010200
2015-05-27,103.199997,103.779999,102.730003,103.110001,92.629814,5857500
2015-05-28,102.959999,103.419998,102.379997,103.239998,92.746597,5099900
2015-05-29,103.139999,103.570000,102.669998,103.000000,92.530991,6651900
2015-06-01,103.470001,103.750000,102.489998,102.629997,92.198593,5412400
2015-06-02,102.650002,103.110001,102.110001,102.580002,92.153679,4992700
2015-06-03,102.400002,103.379997,102.120003,102.169998,91.785362,5175700
2015-06-04,101.889999,102.370003,100.980003,101.389999,91.084633,6896400
2015-06-05,101.180000,103.099998,100.989998,101.589996,91.264305,6080900
2015-06-08,101.290001,101.389999,99.949997,100.419998,90.213226,8163800
2015-06-09,100.699997,101.250000,100.220001,100.419998,90.213226,7157000
2015-06-10,102.519997,102.580002,101.519997,101.830002,91.479912,7588400
2015-06-11,101.870003,102.199997,100.940002,101.120003,90.842087,5582900
2015-06-12,100.519997,100.690002,99.629997,99.870003,89.719139,6475500
2015-06-15,99.449997,100.059998,99.129997,99.290001,89.198090,6178100
2015-06-16,99.199997,100.449997,98.809998,100.040001,89.871849,8763700
2015-06-17,100.830002,101.169998,99.519997,99.760002,89.620323,8231100
2015-06-18,100.260002,100.900002,100.150002,100.250000,90.060501,7168000
2015-06-19,99.720001,100.169998,99.459999,99.470001,89.359787,10512000
2015-06-22,99.830002,100.370003,99.370003,100.290001,90.096443,6416100
2015-06-23,99.959999,100.430000,99.540001,100.089996,89.916756,5697900
2015-06-24,99.980003,100.680000,99.269997,99.269997,89.180107,7451900
2015-06-25,99.449997,99.660004,98.290001,98.339996,88.344635,6062800
2015-06-26,98.239998,98.690002,97.809998,98.599998,88.578217,10015500
2015-06-29,97.500000,97.959999,96.599998,96.690002,86.862358,8764600
2015-06-30,97.449997,97.660004,96.220001,96.470001,86.664703,9925400
2015-07-01,96.300003,96.620003,95.550003,96.089996,86.323318,7295300
2015-07-02,96.360001,96.669998,95.720001,95.870003,86.125702,6419100
2015-07-06,95.059998,95.559998,94.480003,94.769997,85.137497,8341600
2015-07-07,94.410004,95.480003,93.500000,95.269997,85.586678,11774900
2015-07-08,94.589996,95.089996,93.260002,93.559998,84.050491,7719100
2015-07-09,94.900002,95.209999,93.760002,93.779999,84.248116,7909000
2015-07-10,94.529999,94.949997,94.070000,94.410004,84.814087,5631900
2015-07-13,94.309998,94.889999,94.150002,94.599998,84.984779,5038800
2015-07-14,94.400002,95.790001,94.389999,95.550003,85.838219,5218600
2015-07-15,95.040001,95.699997,93.889999,94.239998,84.661377,6490400
2015-07-16,94.279999,94.730003,93.900002,94.480003,84.876984,6422700
2015-07-17,94.230003,94.389999,92.900002,93.150002,83.682152,8214200
2015-07-20,93.300003,93.489998,92.589996,92.940002,83.493500,6006900
2015-07-21,93.000000,94.139999,93.000000,93.900002,84.355934,7043100
2015-07-22,93.510002,94.330002,93.290001,93.510002,84.005562,9327500
2015-07-23,93.570000,94.070000,92.699997,92.940002,83.493500,7360700
2015-07-24,92.779999,92.779999,90.349998,90.599998,81.391342,11158400
2015-07-27,89.860001,90.089996,88.739998,89.139999,80.079727,10342700
2015-07-28,89.449997,92.690002,89.430000,92.400002,83.008385,11536900
2015-07-29,91.980003,93.400002,91.440002,93.250000,83.772003,9821500
2015-07-30,93.449997,93.809998,92.750000,93.029999,83.574348,6435700
2015-07-31,91.519997,91.750000,88.010002,88.480003,79.486832,19063400
2015-08-03,87.279999,87.330002,85.320000,85.599998,76.899551,14142200
2015-08-04,85.739998,86.900002,84.680000,85.209999,76.549187,8537200
2015-08-05,85.440002,86.000000,83.870003,84.029999,75.489120,11254600
2015-08-06,83.559998,85.580002,82.889999,85.190002,76.531219,9805000
2015-08-07,84.709999,85.260002,83.430000,83.750000,75.237572,7422000
2015-08-10,84.199997,86.099998,83.879997,85.889999,77.160065,8342000
2015-08-11,84.379997,85.980003,83.599998,85.779999,77.061256,9764400
2015-08-12,85.000000,87.110001,84.919998,86.790001,77.968582,11316300
2015-08-13,86.029999,86.339996,85.449997,85.849998,77.124130,9562400
2015-08-14,85.779999,86.419998,85.290001,85.989998,77.249901,7719800
2015-08-17,84.459999,84.510002,83.110001,83.230003,75.712547,12602500
2015-08-18,83.080002,83.769997,82.820000,83.440002,75.903572,9093400
2015-08-19,82.870003,82.910004,80.669998,80.910004,73.602097,13129000
2015-08-20,80.660004,81.290001,79.239998,79.239998,72.082932,11857200
2015-08-21,78.870003,79.589996,75.709999,75.760002,68.917244,18383600
2015-08-24,70.550003,75.379997,69.580002,72.120003,65.606026,24191900
2015-08-25,74.930000,75.019997,69.839996,70.019997,63.695694,21128000
2015-08-26,71.720001,73.099998,70.949997,73.089996,66.488403,17400400
2015-08-27,75.000000,78.120003,74.559998,77.639999,70.627441,21539600
2015-08-28,77.720001,81.199997,77.580002,80.430000,73.165443,23735400
2015-08-31,80.010002,81.080002,77.919998,80.989998,73.674873,16861300
2015-09-01,78.760002,79.389999,77.519997,78.190002,71.127762,17954200
2015-09-02,79.750000,79.750000,77.230003,78.059998,71.009514,14255900
2015-09-03,78.699997,79.419998,77.690002,78.260002,71.191452,12282600
2015-09-04,77.300003,77.629997,76.449997,76.669998,69.745056,11210000
2015-09-08,77.529999,77.559998,76.239998,76.839996,69.899704,9316500
2015-09-09,77.430000,78.199997,74.750000,74.919998,68.153130,11243000
2015-09-10,75.730003,75.800003,74.309998,75.660004,68.826279,11475200
2015-09-11,75.940002,76.250000,75.089996,75.790001,68.944542,11032100
2015-09-14,75.519997,76.000000,74.959999,75.769997,68.926346,10235500
2015-09-15,76.430000,77.690002,76.209999,77.169998,70.199883,11609500
2015-09-16,77.820000,79.209999,77.769997,79.019997,71.882805,12593500
2015-09-17,79.120003,80.470001,78.599998,79.410004,72.237572,12324300
2015-09-18,77.910004,78.699997,76.970001,77.739998,70.718414,18337200
2015-09-21,78.300003,78.730003,77.839996,78.089996,71.036804,8523500
2015-09-22,76.839996,77.690002,76.489998,77.250000,70.272667,9692300
2015-09-23,77.400002,77.529999,75.760002,76.120003,69.244736,9043000
2015-09-24,75.449997,77.309998,75.099998,76.889999,69.945183,10302600
2015-09-25,77.870003,78.160004,76.919998,77.699997,70.682022,10862600
2015-09-28,76.660004,76.930000,75.750000,75.769997,68.926346,10567000
2015-09-29,76.040001,76.660004,75.279999,76.250000,69.362984,8797800
2015-09-30,77.150002,79.019997,77.000000,78.879997,71.755440,13832100
2015-10-01,79.720001,80.889999,77.809998,78.339996,71.264221,11111900
2015-10-02,77.739998,81.550003,77.309998,81.550003,74.184288,13051900
2015-10-05,82.410004,84.190002,82.349998,84.029999,76.440300,14196800
2015-10-06,84.180000,87.629997,84.070000,86.989998,79.132942,18897100
2015-10-07,88.250000,89.510002,86.279999,88.120003,80.160881,17670500
2015-10-08,87.889999,90.139999,87.800003,89.910004,81.789215,11299100
2015-10-09,90.199997,90.400002,88.669998,89.570000,81.479912,10011100
2015-10-12,89.860001,89.980003,87.870003,88.739998,80.724876,7917500
2015-10-13,87.800003,88.940002,87.290001,88.379997,80.397392,8012500
2015-10-14,88.230003,89.970001,87.709999,89.760002,81.652740,9734500
2015-10-15,89.650002,90.870003,88.440002,90.720001,82.526039,8960400
2015-10-16,91.550003,91.660004,90.019997,91.290001,83.044571,7821200
2015-10-19,90.360001,90.540001,89.220001,90.029999,81.898361,8900400
2015-10-20,89.500000,90.489998,89.389999,89.989998,81.861984,8122200
2015-10-21,89.440002,90.629997,89.139999,89.330002,81.261589,7423400
2015-10-22,89.739998,91.809998,89.739998,91.620003,83.344765,8971700
2015-10-23,90.750000,91.930000,90.089996,91.239998,82.999069,8134800
2015-10-26,90.870003,90.879997,88.580002,88.769997,80.752174,8606600
2015-10-27,87.730003,87.959999,86.739998,87.699997,79.778809,9328800
2015-10-28,88.209999,90.120003,87.919998,89.790001,81.680046,8236500
2015-10-29,89.320000,90.930000,89.139999,89.889999,81.771019,6463100
2015-10-30,91.139999,91.980003,89.410004,90.879997,82.671593,11559300
2015-11-02,90.610001,95.279999,90.480003,94.959999,86.383080,14277300
2015-11-03,95.419998,98.639999,95.419998,98.139999,89.275856,17669200
2015-11-04,98.019997,98.099998,96.080002,96.769997,88.029594,11865900
2015-11-05,96.050003,96.550003,94.330002,94.550003,86.010124,11184800
2015-11-06,93.709999,94.070000,91.760002,94.029999,85.537079,9634200
2015-11-09,93.480003,94.449997,92.099998,92.320000,83.981529,7659100
2015-11-10,92.099998,93.500000,91.839996,93.230003,84.809334,6823100
2015-11-11,93.389999,93.709999,91.860001,92.190002,83.863274,6085300
2015-11-12,90.750000,91.150002,89.250000,89.860001,81.743713,8951300
2015-11-13,89.570000,89.970001,88.190002,88.680000,80.670296,7676600
2015-11-16,87.790001,91.470001,87.790001,91.449997,84.206131,10101100
2015-11-17,91.269997,92.500000,90.699997,91.029999,83.819397,7575800
2015-11-18,91.440002,92.750000,91.029999,92.209999,84.905922,6886900
2015-11-19,92.029999,92.370003,90.430000,90.830002,83.635231,6096700
2015-11-20,90.639999,91.309998,88.809998,89.010002,81.959404,8561400
2015-11-23,88.650002,90.440002,88.110001,90.010002,82.880196,6889600
2015-11-24,90.190002,92.300003,89.800003,91.349998,84.114037,8549000
2015-11-25,90.709999,91.320000,90.160004,90.870003,83.672066,5419300
2015-11-27,90.250000,90.839996,90.050003,90.370003,83.211670,2547800
2015-11-30,90.639999,91.959999,90.440002,91.320000,84.086418,12179400
2015-12-01,90.970001,92.650002,90.970001,92.480003,85.154533,6975500
2015-12-02,92.599998,92.690002,90.029999,90.250000,83.101189,11830700
2015-12-03,90.809998,91.419998,88.360001,88.849998,81.812065,10996800
2015-12-04,87.900002,89.820000,86.489998,89.709999,82.603951,13170200
2015-12-07,87.480003,87.940002,84.900002,87.279999,80.366440,15378900
2015-12-08,85.809998,88.000000,84.250000,86.440002,79.592964,13397500
2015-12-09,86.669998,90.139999,86.300003,87.599998,80.661079,14675800
2015-12-10,88.000000,90.459999,87.610001,89.300003,82.226425,14503300
2015-12-11,87.849998,87.910004,86.089996,86.440002,79.592964,13186900
2015-12-14,86.300003,89.589996,85.410004,89.330002,82.254051,12260500
2015-12-15,90.580002,93.400002,90.550003,92.760002,85.412354,19158500
2015-12-16,92.580002,93.820000,90.809998,93.440002,86.038498,16917900
2015-12-17,93.500000,94.000000,90.400002,90.540001,83.368210,14082500
2015-12-18,90.059998,91.269997,89.300003,89.809998,82.696022,20167200
2015-12-21,90.400002,90.699997,88.209999,89.239998,82.171181,12852300
2015-12-22,89.120003,90.790001,88.300003,90.269997,83.119598,9516000
2015-12-23,92.199997,93.849998,91.570000,93.809998,86.379181,11172800
2015-12-24,93.949997,93.949997,92.010002,92.050003,84.758606,4998700
2015-12-28,90.309998,90.720001,89.690002,90.360001,83.202469,6696200
2015-12-29,91.889999,92.580002,91.070000,91.250000,84.021973,6471200
2015-12-30,90.099998,90.980003,89.889999,90.089996,82.953842,5600200
2015-12-31,89.379997,90.860001,89.019997,89.959999,82.834152,6988700
2016-01-04,89.529999,90.110001,87.570000,88.849998,81.812065,11397300
2016-01-05,89.050003,89.650002,87.839996,89.610001,82.511871,7883400
2016-01-06,87.440002,87.779999,85.160004,86.070000,79.252281,14511400
2016-01-07,84.550003,85.750000,82.669998,83.019997,76.443871,15368800
2016-01-08,83.389999,83.839996,81.220001,82.129997,75.624367,11891600
2016-01-11,82.849998,82.970001,79.769997,80.769997,74.372093,14112200
2016-01-12,82.199997,82.400002,79.690002,82.150002,75.642784,13477500
2016-01-13,83.160004,84.250000,80.010002,81.330002,74.887733,15550100
2016-01-14,81.949997,86.169998,80.949997,85.470001,78.699799,16433400
2016-01-15,81.639999,83.809998,80.870003,83.669998,77.042381,17870300
2016-01-19,84.169998,84.750000,80.790001,81.510002,75.053490,13155600
2016-01-20,79.980003,80.309998,75.330002,78.980003,72.723900,26151100
2016-01-21,78.800003,81.650002,78.019997,81.050003,74.629921,16107800
2016-01-22,84.459999,85.190002,81.720001,83.540001,76.922676,15724600
2016-01-25,82.290001,84.290001,80.800003,80.889999,74.482597,12370300
2016-01-26,81.970001,84.500000,81.349998,84.120003,77.456749,12141500
2016-01-27,83.949997,86.099998,82.360001,83.290001,76.692482,12380600
2016-01-28,85.750000,86.690002,83.699997,85.919998,79.114159,13017400
2016-01-29,84.050003,86.709999,82.949997,86.470001,79.620590,20248900
2016-02-01,85.150002,86.089996,84.239998,85.290001,78.534065,10958300
2016-02-02,82.709999,83.040001,80.959999,81.239998,74.804871,13326200
2016-02-03,82.389999,84.629997,79.849998,84.620003,77.917145,13964100
2016-02-04,84.589996,86.190002,83.830002,84.790001,78.073669,12632000
2016-02-05,83.940002,84.290001,82.260002,82.879997,76.314964,15090100
2016-02-08,81.760002,86.699997,81.099998,85.989998,79.178619,17712800
2016-02-09,85.080002,85.790001,82.169998,82.919998,76.351784,12377800
2016-02-10,82.769997,83.900002,81.500000,83.040001,76.462296,12110300
2016-02-11,81.599998,83.660004,80.639999,82.989998,76.416245,12741400
2016-02-12,83.800003,85.580002,83.199997,85.430000,78.662971,9835100
2016-02-16,85.230003,85.389999,83.309998,84.809998,79.082596,10631500
2016-02-17,85.410004,88.660004,85.019997,88.309998,82.346222,12710500
2016-02-18,88.750000,89.250000,86.610001,86.730003,80.872932,9517800
2016-02-19,86.330002,86.540001,84.800003,86.500000,80.658463,9783300
2016-02-22,86.500000,89.839996,86.500000,88.820000,82.821793,10299900
2016-02-23,88.389999,88.480003,84.699997,84.910004,79.175819,10655800
2016-02-24,83.330002,85.489998,82.900002,85.269997,79.511520,9775200
2016-02-25,85.669998,85.709999,83.739998,85.300003,79.539505,9438700
2016-02-26,86.970001,87.099998,84.279999,84.349998,78.653656,9369900
2016-02-29,84.940002,85.199997,83.070000,83.440002,77.805115,11549600
2016-03-01,84.120003,86.529999,83.370003,86.129997,80.313446,11614700
2016-03-02,85.400002,87.180000,84.400002,87.139999,81.255241,9637600
2016-03-03,87.000000,87.570000,86.050003,87.529999,81.618896,8503300
2016-03-04,87.419998,88.620003,86.699997,87.930000,81.991882,9328600
2016-03-07,87.940002,90.760002,87.550003,90.669998,84.546852,12784300
2016-03-08,90.379997,91.080002,88.330002,88.739998,82.747185,10508400
2016-03-09,89.699997,94.639999,89.470001,92.820000,86.551643,19323100
2016-03-10,92.790001,93.949997,92.019997,93.940002,87.596039,12076700
2016-03-11,94.949997,96.139999,93.379997,94.580002,88.192787,14098800
2016-03-14,93.570000,94.830002,93.089996,94.260002,87.894417,6898900
2016-03-15,93.150002,94.400002,92.250000,94.269997,87.903725,7006300
2016-03-16,94.720001,96.139999,93.720001,95.400002,88.957420,9969200
2016-03-17,96.250000,97.739998,95.290001,96.889999,90.346786,10679400
2016-03-18,97.849998,97.910004,95.860001,97.690002,91.092773,14436300
2016-03-21,97.019997,97.540001,95.910004,96.440002,89.927193,8040100
2016-03-22,95.750000,96.910004,95.320000,95.500000,89.050667,7567100
2016-03-23,94.720001,94.809998,93.040001,93.589996,87.269653,10302800
2016-03-24,92.540001,94.940002,92.250000,94.849998,88.444565,8159100
2016-03-28,94.900002,95.080002,94.000000,94.680000,88.286049,5054000
2016-03-29,93.790001,95.389999,92.940002,95.320000,88.882820,6349100
2016-03-30,96.349998,96.690002,95.160004,95.250000,88.817551,6182900
2016-03-31,95.190002,96.199997,94.949997,95.400002,88.957420,5943900
2016-04-01,93.690002,94.779999,93.320000,94.260002,87.894417,7555900
2016-04-04,94.440002,94.480003,93.040001,93.430000,87.120453,6552000
2016-04-05,93.000000,93.349998,92.430000,92.669998,86.411781,6662000
2016-04-06,93.150002,95.000000,92.820000,94.839996,88.435234,6833300
2016-04-07,94.370003,95.029999,94.080002,94.790001,88.388611,6817700
2016-04-08,96.250000,96.870003,95.760002,96.330002,89.824608,7108500
2016-04-11,96.870003,97.300003,95.150002,95.239998,88.808212,6644200
2016-04-12,95.690002,97.940002,95.430000,97.510002,90.924934,8737900
2016-04-13,97.800003,97.910004,97.029999,97.599998,91.008850,6406800
2016-04-14,97.650002,98.269997,97.360001,97.980003,91.363190,6129300
2016-04-15,97.709999,97.800003,96.959999,97.230003,90.663841,6551600
2016-04-18,97.230003,98.760002,95.519997,98.699997,92.034561,7726900
2016-04-19,99.000000,100.529999,98.160004,100.500000,93.713005,10584800
2016-04-20,100.080002,102.540001,99.839996,101.690002,94.822647,10150500
2016-04-21,101.639999,102.800003,101.110001,101.400002,94.552223,8278600
2016-04-22,101.739998,102.500000,101.500000,102.010002,95.121040,5754000
2016-04-25,101.470001,101.769997,100.830002,101.510002,94.654808,6612100
2016-04-26,102.050003,102.980003,101.709999,102.290001,95.382118,5650700
2016-04-27,102.900002,103.940002,102.379997,103.849998,96.836769,8383600
2016-04-28,103.129997,104.260002,102.050003,102.400002,95.484695,7598000
2016-04-29,101.139999,102.629997,100.610001,102.180000,95.279549,8826900
2016-05-02,101.830002,103.849998,101.800003,103.309998,96.333237,6844500
2016-05-03,102.260002,102.349998,101.050003,101.320000,94.477623,7033600
2016-05-04,101.059998,102.300003,100.389999,100.589996,93.796928,7444100
2016-05-05,101.849998,102.599998,100.860001,101.419998,94.570885,6474300
2016-05-06,100.839996,102.699997,100.839996,101.860001,94.981163,5966800
2016-05-09,101.620003,101.800003,99.080002,100.349998,93.573143,9342100
2016-05-10,100.639999,101.290001,100.410004,101.269997,94.431007,6689400
2016-05-11,101.239998,101.739998,100.150002,101.139999,94.309784,6850700
2016-05-12,102.150002,102.419998,101.080002,102.120003,95.223602,6532400
2016-05-13,101.629997,102.040001,100.360001,100.739998,93.936798,5665200
2016-05-16,101.870003,102.599998,101.400002,102.290001,95.382118,6779400
2016-05-17,101.070000,102.180000,100.339996,100.750000,94.939240,7028000
2016-05-18,100.900002,101.269997,99.440002,100.059998,94.289024,5927500
2016-05-19,99.260002,100.080002,98.519997,99.849998,94.091133,6241100
2016-05-20,100.300003,100.400002,99.489998,99.790001,94.034607,4707100
2016-05-23,99.180000,100.129997,99.070000,99.379997,93.648254,4157000
2016-05-24,99.940002,100.760002,99.620003,100.190002,94.411522,4383300
2016-05-25,100.820000,101.980003,100.820000,101.769997,95.900398,5428200
2016-05-26,101.849998,102.370003,100.970001,101.500000,95.645966,4075200
2016-05-27,101.379997,102.110001,100.870003,102.019997,96.135971,5008900
2016-05-31,102.150002,102.279999,100.570000,101.000000,95.174820,8141800
2016-06-01,100.239998,101.379997,99.889999,101.129997,95.297310,4815200
2016-06-02,100.400002,100.570000,99.720001,100.529999,94.731918,6687900
2016-06-03,100.650002,101.139999,100.000000,100.660004,94.854424,4957800
2016-06-06,101.339996,102.040001,100.919998,101.169998,95.335007,5948200
2016-06-07,101.839996,103.699997,101.610001,103.320000,97.361000,9807000
2016-06-08,103.550003,104.080002,102.669998,103.089996,97.144279,6318100
2016-06-09,102.040001,103.129997,102.029999,102.809998,96.880409,4247500
2016-06-10,102.470001,102.970001,101.260002,101.980003,96.098289,8108400
2016-06-13,101.500000,103.099998,101.379997,102.099998,96.211380,6360100
2016-06-14,101.760002,102.050003,100.519997,101.279999,95.438660,6924000
2016-06-15,100.629997,101.639999,100.250000,100.629997,94.826149,5627000
2016-06-16,99.970001,101.260002,98.769997,101.070000,95.240776,8043000
2016-06-17,101.440002,101.739998,100.400002,101.570000,95.711945,8762200
2016-06-20,102.879997,103.400002,102.599998,102.610001,96.691956,6627000
2016-06-21,102.690002,103.449997,102.269997,103.239998,97.285622,4938700
2016-06-22,103.500000,103.550003,102.190002,102.290001,96.390411,4866400
2016-06-23,103.449997,104.449997,103.070000,104.440002,98.416412,5593600
2016-06-24,101.459999,103.010002,101.169998,101.900002,96.022903,11481400
2016-06-27,101.250000,101.400002,99.519997,100.360001,94.571732,8248700
2016-06-28,101.220001,102.000000,100.639999,101.629997,95.768471,7171100
2016-06-29,102.519997,104.680000,102.300003,103.419998,97.455238,8887500
2016-06-30,103.559998,105.000000,103.279999,104.830002,98.783920,7649700
2016-07-01,104.779999,104.879997,103.779999,104.150002,98.143135,6117800
2016-07-05,103.500000,103.870003,102.849998,103.570000,97.596588,7766600
2016-07-06,103.260002,104.599998,102.459999,104.580002,98.548325,6166900
2016-07-07,104.889999,105.000000,102.139999,103.050003,97.106575,7632800
2016-07-08,103.879997,104.970001,103.000000,104.769997,98.727379,9043600
2016-07-11,104.809998,106.000000,104.800003,105.389999,99.311623,7206100
2016-07-12,106.300003,107.300003,106.180000,106.779999,100.621460,8377200
2016-07-13,106.779999,107.199997,105.860001,106.650002,100.498947,5959900
2016-07-14,107.199997,107.580002,106.430000,106.699997,100.546066,4750900
2016-07-15,107.330002,107.540001,106.389999,107.029999,100.857025,6164300
2016-07-18,106.669998,106.750000,106.019997,106.089996,99.971245,4931500
2016-07-19,105.980003,106.269997,105.650002,106.040001,99.924126,4630800
2016-07-20,105.930000,106.129997,105.000000,105.589996,99.500084,6802000
2016-07-21,105.400002,105.849998,104.870003,105.389999,99.311623,5701000
2016-07-22,105.680000,106.000000,105.199997,105.660004,99.566048,5255400
2016-07-25,104.860001,105.110001,102.779999,103.070000,97.125427,7784000
2016-07-26,102.570000,103.160004,102.080002,102.680000,96.757919,6101100
2016-07-27,102.680000,103.320000,101.800003,102.260002,96.362144,5371100
2016-07-28,102.089996,102.220001,100.980003,101.790001,95.919243,8226200
2016-07-29,100.529999,102.660004,99.849998,102.480003,96.569450,10157600
2016-08-01,101.330002,102.099998,98.620003,99.110001,93.393822,11550600
2016-08-02,99.519997,100.070000,97.910004,99.589996,93.846138,9752700
2016-08-03,99.650002,100.639999,99.290001,100.610001,94.807297,6611700
2016-08-04,100.279999,101.080002,100.000000,100.389999,94.599998,6051600
2016-08-05,100.989998,101.070000,99.720001,100.510002,94.713074,6710500
2016-08-08,100.989998,101.680000,100.720001,101.199997,95.363281,5447500
2016-08-09,101.849998,102.000000,100.769997,101.320000,95.476364,4957300
2016-08-10,101.650002,101.809998,99.940002,100.139999,94.364403,5081300
2016-08-11,100.650002,101.860001,100.389999,101.400002,95.551735,4808400
2016-08-12,101.739998,102.330002,101.260002,102.160004,96.267914,5199000
2016-08-15,102.610001,103.059998,102.419998,102.769997,96.842720,4886300
2016-08-16,102.769997,102.930000,102.330002,102.620003,96.701378,5384300
2016-08-17,101.500000,102.300003,101.019997,102.220001,97.339386,5311600
2016-08-18,102.629997,103.599998,102.059998,103.550003,98.605896,6944400
2016-08-19,103.070000,103.129997,102.120003,102.320000,97.434616,5057200
2016-08-22,101.750000,102.400002,101.239998,101.940002,97.072762,5494900
2016-08-23,102.029999,102.169998,101.500000,101.680000,96.825172,4929700
2016-08-24,101.400002,102.290001,101.279999,102.199997,97.320343,5178300
2016-08-25,102.290001,102.290001,101.529999,101.889999,97.025139,4490100
2016-08-26,102.110001,102.480003,100.860001,101.320000,96.482353,4776200
2016-08-29,101.239998,102.230003,101.000000,102.050003,97.177505,3969800
2016-08-30,102.050003,102.629997,101.370003,101.699997,96.844200,3712800
2016-08-31,101.199997,101.330002,99.919998,100.580002,95.777687,6249100
2016-09-01,100.349998,100.580002,99.470001,100.209999,95.425354,6045000
2016-09-02,100.889999,101.459999,100.260002,100.930000,96.110985,4676600
2016-09-06,101.209999,102.610001,100.970001,102.430000,97.539360,5429000
2016-09-07,102.750000,103.050003,102.239998,102.879997,97.967873,5284300
2016-09-08,103.339996,104.349998,102.470001,104.120003,99.148674,5764900
2016-09-09,103.349998,103.410004,101.230003,101.269997,96.434746,7808700
2016-09-12,101.199997,102.550003,100.570000,102.250000,97.367958,8149100
2016-09-13,101.650002,101.650002,99.169998,99.430000,94.682602,9300400
2016-09-14,99.120003,99.949997,98.169998,98.419998,93.720825,8201400
2016-09-15,98.500000,100.389999,98.430000,99.500000,94.749252,6701600
2016-09-16,98.330002,98.809998,97.529999,97.839996,93.168510,12725600
2016-09-19,98.330002,98.849998,97.989998,98.040001,93.358963,6171100
2016-09-20,98.169998,98.480003,97.680000,97.699997,93.035202,5771900
2016-09-21,98.349998,99.690002,98.250000,99.629997,94.873055,6361600
2016-09-22,100.519997,100.750000,99.839996,99.980003,95.206345,5416700
2016-09-23,99.339996,100.550003,98.870003,99.220001,94.482635,7396800
2016-09-26,99.489998,100.279999,98.660004,98.779999,94.063637,5781800
2016-09-27,98.239998,99.660004,97.790001,98.980003,94.254082,6476100
2016-09-28,99.519997,102.279999,98.750000,102.150002,97.272736,10190900
2016-09-29,102.000000,102.269997,100.480003,101.269997,96.434746,8148400
2016-09-30,101.830002,103.599998,101.230003,102.919998,98.005959,9431500
2016-10-03,102.550003,102.830002,101.910004,102.449997,97.558403,4334700
2016-10-04,102.709999,102.919998,100.760002,101.269997,96.434746,6505400
2016-10-05,101.989998,102.870003,101.750000,102.230003,97.348915,5912800
2016-10-06,102.320000,102.699997,101.339996,102.180000,97.301300,4362900
2016-10-07,102.500000,103.470001,102.190002,102.269997,97.387001,5844500
2016-10-10,103.209999,104.419998,103.209999,103.980003,99.015350,5926700
2016-10-11,103.779999,104.099998,102.680000,103.040001,98.120232,5337300
2016-10-12,102.739998,102.830002,101.599998,102.150002,97.272736,4935100
2016-10-13,101.489998,101.720001,99.610001,100.790001,95.977654,7883000
2016-10-14,101.480003,101.959999,100.610001,101.080002,96.253822,5114700
2016-10-17,100.940002,101.489998,100.620003,101.360001,96.520454,4540800
2016-10-18,101.989998,102.250000,101.120003,101.790001,96.929916,4697500
2016-10-19,102.470001,103.699997,102.239998,102.269997,97.387001,5905700
2016-10-20,101.639999,102.220001,100.690002,101.870003,97.006096,4820900
2016-10-21,101.059998,101.559998,100.629997,101.300003,96.463318,5622400
2016-10-24,101.559998,101.580002,100.059998,100.660004,95.853874,6077300
2016-10-25,100.750000,101.669998,100.519997,100.769997,95.958611,4730700
2016-10-26,100.320000,101.529999,99.870003,101.190002,96.358574,6353700
2016-10-27,101.510002,101.980003,99.919998,99.919998,95.149208,9897800
2016-10-28,101.120003,105.029999,100.949997,103.820000,98.862991,17435400
2016-10-31,103.820000,105.459999,103.779999,104.750000,99.748596,12340800
2016-11-01,105.510002,106.739998,105.449997,106.480003,101.395988,12755600
2016-11-02,105.650002,106.050003,104.250000,105.389999,100.358032,8405200
2016-11-03,105.529999,106.190002,104.949997,105.389999,100.358032,5703200
2016-11-04,105.250000,105.489998,104.379997,104.779999,99.777168,7085400
2016-11-07,106.000000,106.980003,105.779999,106.849998,101.748322,7333800
2016-11-08,106.570000,108.190002,106.419998,107.290001,102.167320,8034800
2016-11-09,106.040001,108.260002,105.690002,107.639999,102.500610,9161800
2016-11-10,107.540001,108.500000,107.239998,107.790001,102.643448,8739500
2016-11-11,107.480003,107.650002,105.940002,106.639999,101.548340,7939500
2016-11-14,106.150002,106.730003,105.589996,106.589996,101.500740,7630000
2016-11-15,107.489998,109.059998,107.400002,108.959999,103.757584,12156500
2016-11-16,108.199997,109.000000,107.739998,108.349998,104.209618,7711000
2016-11-17,109.000000,110.099998,107.589996,108.120003,103.988403,6638100
2016-11-18,108.570000,109.669998,108.150002,109.199997,105.027130,6815500
2016-11-21,110.360001,111.000000,110.070000,110.180000,105.969681,8476800
2016-11-22,110.790001,111.000000,109.309998,110.620003,106.392876,6440500
2016-11-23,110.400002,111.470001,110.040001,111.000000,106.758354,4472700
2016-11-25,110.540001,111.220001,110.120003,111.000000,106.758354,3238600
2016-11-28,110.949997,111.570000,110.379997,110.500000,106.277466,6406700
2016-11-29,109.099998,109.720001,108.400002,109.339996,105.161781,7461900
2016-11-30,112.050003,112.980003,111.300003,111.559998,107.296951,17301900
2016-12-01,112.790001,114.910004,112.529999,113.290001,108.960838,11792300
2016-12-02,113.199997,113.809998,112.279999,113.000000,108.681923,6167400
2016-12-05,113.389999,114.480003,113.029999,113.250000,108.922363,6909800
2016-12-06,112.389999,113.489998,112.209999,112.760002,108.451103,6033600
2016-12-07,113.040001,114.480003,112.820000,114.440002,110.066902,6434100
2016-12-08,114.730003,115.400002,114.199997,115.169998,110.769005,5519700
2016-12-09,114.989998,115.989998,114.970001,115.809998,111.384552,5771600
2016-12-12,117.769997,118.989998,116.570000,117.150002,112.673340,10044700
2016-12-13,117.900002,118.309998,116.029999,117.419998,112.933022,8644200
2016-12-14,116.709999,117.879997,115.760002,115.959999,111.528816,7878400
2016-12-15,115.629997,117.389999,115.360001,117.050003,112.577164,7458300
2016-12-16,117.839996,118.580002,117.419998,118.080002,113.567810,12670700
2016-12-19,118.370003,118.449997,117.419998,117.650002,113.154236,5772500
2016-12-20,117.849998,118.629997,117.669998,117.949997,113.442772,4319100
2016-12-21,118.339996,119.000000,117.860001,117.910004,113.404305,5024600
2016-12-22,117.940002,118.989998,117.769997,118.769997,114.231430,4992500
2016-12-23,118.410004,118.699997,118.050003,118.419998,113.894806,2682900
2016-12-27,118.500000,118.900002,118.110001,118.220001,113.702454,2986900
2016-12-28,118.309998,118.860001,117.750000,117.910004,113.404305,4086700
2016-12-29,118.010002,118.419998,117.480003,117.820000,113.317741,3171100
2016-12-30,117.440002,118.239998,117.309998,117.699997,113.202324,5020500
2017-01-03,118.379997,119.000000,116.589996,117.849998,113.346596,7404800
2017-01-04,118.410004,118.650002,117.599998,117.820000,113.317741,6679900
2017-01-05,118.000000,118.480003,116.720001,117.309998,112.827232,5928600
2017-01-06,117.449997,117.580002,116.379997,116.839996,112.375191,4762500
2017-01-09,116.290001,116.360001,115.110001,115.839996,111.413391,6881000
2017-01-10,115.559998,116.389999,114.889999,114.959999,110.567024,6184400
2017-01-11,115.150002,116.449997,114.860001,115.930000,111.499969,6158200
2017-01-12,116.500000,116.989998,115.410004,116.160004,111.721176,4940000
2017-01-13,115.860001,116.879997,115.610001,116.379997,111.932762,4953000
2017-01-17,116.400002,116.769997,116.110001,116.279999,111.836594,4663100
2017-01-18,115.680000,116.040001,115.400002,115.940002,111.509583,4855300
2017-01-19,115.889999,115.959999,115.290001,115.580002,111.163345,3427800
2017-01-20,116.320000,116.750000,115.339996,115.599998,111.182571,6730900
2017-01-23,115.120003,115.959999,114.989998,115.389999,110.980598,5104100
2017-01-24,115.849998,117.110001,115.610001,116.370003,111.923157,5024400
2017-01-25,116.900002,117.430000,116.339996,117.239998,112.759903,5276800
2017-01-26,117.500000,117.820000,116.500000,116.550003,112.096268,6937300
2017-01-27,113.529999,114.699997,112.849998,113.790001,109.441742,11698900
2017-01-30,113.150002,113.800003,110.720001,111.820000,107.547020,8252900
2017-01-31,111.889999,112.199997,110.760002,111.349998,107.094971,7951000
2017-02-01,111.199997,111.779999,110.839996,111.000000,106.758354,5889300
2017-02-02,111.169998,112.239998,110.709999,112.209999,107.922119,6289000
2017-02-03,112.410004,114.279999,112.139999,113.570000,109.230141,6623500
2017-02-06,113.279999,113.500000,112.449997,112.980003,108.662697,5637300
2017-02-07,112.980003,113.099998,111.110001,111.389999,107.133446,6038400
2017-02-08,111.129997,111.790001,110.320000,111.580002,107.316185,5188800
2017-02-09,111.580002,112.629997,111.580002,112.260002,107.970207,4607800
2017-02-10,112.750000,113.449997,112.370003,113.050003,108.730019,6194300
2017-02-13,113.360001,113.989998,113.050003,113.910004,109.557167,4858500
2017-02-14,112.680000,113.070000,111.779999,112.519997,109.256149,5808200
2017-02-15,112.209999,113.239998,112.209999,112.570000,109.304695,7048100
2017-02-16,112.989998,112.989998,110.430000,110.680000,107.469521,9478200
2017-02-17,110.419998,110.570000,109.269997,110.330002,107.129669,8111000
2017-02-21,110.730003,112.309998,110.599998,111.720001,108.479355,6619100
2017-02-22,111.190002,111.779999,110.309998,110.379997,107.178223,5732000
2017-02-23,111.339996,111.830002,110.750000,111.019997,107.799660,8659700
2017-02-24,110.900002,111.019997,109.470001,110.120003,106.925766,6189400
2017-02-27,110.650002,112.269997,110.370003,111.750000,108.508484,7275800
2017-02-28,111.660004,112.760002,111.489998,112.500000,109.236732,7030200
2017-03-01,112.919998,114.389999,112.879997,113.879997,110.576698,7353800
2017-03-02,113.669998,114.269997,113.309998,113.360001,110.071785,5892500
2017-03-03,113.360001,113.889999,113.209999,113.550003,110.256271,4905600
2017-03-06,113.250000,113.500000,112.669998,113.169998,109.887299,4731900
2017-03-07,113.540001,113.879997,111.690002,111.809998,108.566742,6660300
2017-03-08,111.680000,111.919998,109.400002,109.610001,106.430565,9071600
2017-03-09,109.309998,110.169998,108.510002,110.040001,106.848091,7247400
2017-03-10,111.400002,111.410004,109.440002,110.610001,107.401550,6560300
2017-03-13,110.510002,110.809998,109.309998,109.349998,106.178101,6369300
2017-03-14,108.470001,108.570000,107.120003,107.360001,104.245827,9935700
2017-03-15,108.080002,108.980003,107.540001,108.879997,105.721733,9472100
2017-03-16,108.809998,108.879997,107.440002,107.860001,104.731316,8894700
2017-03-17,108.000000,108.419998,107.680000,107.680000,104.556541,14353400
2017-03-20,107.269997,107.849998,107.019997,107.660004,104.537125,5301900
2017-03-21,108.059998,108.230003,107.400002,108.040001,104.906097,7406300
2017-03-22,107.650002,108.849998,107.519997,108.389999,105.245941,8106800
2017-03-23,108.290001,108.860001,107.750000,107.870003,104.741028,5451200
2017-03-24,107.930000,108.419998,107.699997,107.989998,104.857552,6339900
2017-03-27,107.000000,107.349998,105.820000,106.279999,103.197151,6479400
2017-03-28,106.279999,107.739998,106.120003,107.169998,104.061333,6331500
2017-03-29,106.949997,108.080002,106.879997,108.070000,104.935226,4919900
2017-03-30,108.150002,108.680000,107.199997,107.779999,104.653641,6797700
2017-03-31,107.699997,108.139999,107.050003,107.370003,104.255539,6159000
2017-04-03,107.220001,107.970001,106.379997,107.800003,104.673065,5800900
2017-04-04,107.879997,108.720001,107.010002,108.660004,105.508125,4687400
2017-04-05,109.650002,110.669998,108.559998,108.639999,105.488701,6398800
2017-04-06,109.120003,109.650002,108.750000,109.290001,106.119843,3934500
2017-04-07,109.379997,109.580002,108.669998,108.860001,105.702316,4889400
2017-04-10,109.120003,110.199997,108.970001,109.430000,106.255775,4812100
2017-04-11,109.529999,109.540001,108.059998,108.970001,105.809120,3956500
2017-04-12,109.360001,109.360001,108.449997,108.970001,105.809120,5053300
2017-04-13,108.639999,108.739998,105.930000,106.099998,103.022369,6894800
2017-04-17,106.169998,106.480003,105.650002,106.169998,103.090340,5278800
2017-04-18,105.809998,106.680000,105.320000,105.680000,102.614555,4252700
2017-04-19,105.889999,106.139999,103.830002,104.230003,101.206627,6667900
2017-04-20,104.400002,105.690002,104.360001,104.879997,101.837761,4988100
2017-04-21,104.800003,105.430000,104.290001,104.889999,101.847466,5432600
2017-04-24,105.790001,106.410004,105.370003,105.930000,102.857300,4538200
2017-04-25,106.300003,106.970001,106.180000,106.730003,103.634102,4619000
2017-04-26,106.400002,107.480003,105.970001,106.080002,103.002960,6687400
2017-04-27,105.959999,105.980003,104.669998,105.470001,102.410645,5781800
2017-04-28,107.050003,107.599998,105.989998,106.699997,103.604973,6797800
2017-05-01,106.260002,106.730003,105.760002,105.919998,102.847588,4955500
2017-05-02,106.110001,106.529999,105.089996,105.360001,102.303833,5112200
2017-05-03,105.360001,107.260002,105.129997,106.720001,103.624390,5663000
2017-05-04,106.239998,106.330002,104.139999,104.809998,101.769791,8039900
2017-05-05,104.919998,105.889999,104.699997,105.790001,102.721367,5060000
2017-05-08,105.930000,106.720001,105.820000,106.680000,103.585548,5175100
2017-05-09,106.510002,106.750000,104.820000,105.080002,102.031967,5024000
2017-05-10,105.820000,106.830002,105.540001,106.500000,103.410767,5582800
2017-05-11,107.080002,107.080002,105.629997,106.209999,103.129181,4632100
2017-05-12,106.059998,106.290001,105.480003,105.959999,102.886429,4488200
2017-05-15,107.150002,107.709999,106.680000,106.849998,103.750618,6647500
2017-05-16,107.570000,107.660004,106.940002,107.250000,104.139023,5001400
2017-05-17,106.169998,106.269997,104.620003,104.699997,102.697128,6384300
2017-05-18,104.550003,105.680000,103.839996,105.169998,103.158142,5618100
2017-05-19,105.519997,106.519997,105.169998,106.519997,104.482307,8383500
2017-05-22,107.089996,107.089996,105.750000,106.120003,104.089973,4491100
2017-05-23,106.070000,106.559998,105.980003,106.269997,104.237091,3457100
2017-05-24,106.099998,106.360001,105.730003,106.220001,104.188057,3457200
2017-05-25,106.099998,106.709999,104.720001,105.110001,103.099289,5293800
2017-05-26,105.050003,105.290001,104.599998,104.720001,102.716751,3752500
2017-05-30,104.349998,104.709999,103.750000,104.059998,102.069374,4288000
2017-05-31,103.550003,103.889999,103.070000,103.480003,101.500473,8037900
2017-06-01,103.690002,104.279999,103.430000,104.269997,102.275352,4769400
2017-06-02,103.820000,103.940002,102.769997,103.110001,101.137543,5864000
2017-06-05,102.800003,103.580002,102.629997,103.190002,101.216019,4523300
2017-06-06,103.110001,104.449997,102.760002,104.169998,102.177269,4683900
2017-06-07,103.970001,104.430000,102.550003,103.769997,101.784920,7197100
2017-06-08,103.769997,104.739998,103.440002,104.000000,102.010521,6457800
2017-06-09,104.010002,106.489998,104.010002,106.400002,104.364616,6595600
2017-06-12,106.400002,108.430000,106.400002,108.040001,105.973244,8690600
2017-06-13,108.339996,108.489998,107.160004,108.129997,106.061516,6099700
2017-06-14,107.910004,107.989998,105.739998,106.599998,104.560783,6202300
2017-06-15,106.500000,106.800003,105.870003,106.330002,104.295952,5441400
2017-06-16,106.940002,108.360001,106.209999,108.349998,106.277306,11633900
2017-06-19,108.309998,108.379997,107.139999,107.459999,105.404335,4577800
2017-06-20,106.250000,106.599998,105.379997,106.480003,104.443085,5171200
2017-06-21,105.889999,106.900002,103.919998,104.489998,102.491142,6989400
2017-06-22,104.480003,105.139999,104.040001,104.449997,102.451912,4197400
2017-06-23,104.250000,105.419998,104.239998,105.000000,102.991394,5773300
2017-06-26,105.029999,105.190002,104.029999,104.139999,102.147850,3602500
2017-06-27,104.730003,104.889999,104.029999,104.070000,102.079185,4170300
2017-06-28,104.430000,104.900002,104.040001,104.279999,102.285164,4162300
2017-06-29,104.379997,105.150002,104.050003,104.120003,102.128235,4288600
2017-06-30,104.529999,104.720001,103.889999,104.330002,102.334213,5497000
2017-07-03,104.239998,106.959999,104.239998,106.300003,104.266525,4419100
2017-07-05,105.989998,106.300003,104.269997,104.620003,102.618668,4482700
2017-07-06,104.669998,105.129997,103.709999,103.820000,101.833969,5084800
2017-07-07,103.589996,103.760002,102.809998,103.489998,101.510277,6457000
2017-07-10,103.440002,103.580002,102.599998,103.040001,101.068893,4629000
2017-07-11,103.150002,103.500000,102.550003,103.120003,101.147354,4322400
2017-07-12,104.000000,104.750000,103.470001,103.889999,101.902626,3978100
2017-07-13,103.800003,104.209999,103.459999,104.129997,102.138039,4439100
2017-07-14,104.379997,104.639999,103.730003,104.440002,102.442108,3644300
2017-07-17,104.320000,104.970001,104.080002,104.209999,102.216499,5572400
2017-07-18,104.599998,104.599998,103.510002,103.720001,101.735878,4339400
2017-07-19,103.559998,104.480003,103.510002,104.459999,102.461723,4932000
2017-07-20,105.000000,105.370003,103.820000,104.629997,102.628471,5367800
2017-07-21,104.180000,104.379997,103.150002,103.250000,101.274872,5304100
2017-07-24,103.180000,103.570000,102.919998,103.199997,101.225822,4080400
2017-07-25,104.449997,105.150002,104.320000,104.389999,102.393066,7093800
2017-07-26,104.629997,106.080002,104.199997,105.120003,103.109100,5881400
2017-07-27,104.879997,106.320000,104.610001,106.110001,104.080162,5888400
2017-07-28,106.709999,109.129997,106.360001,108.120003,106.051712,7812600
2017-07-31,108.389999,110.000000,108.150002,109.190002,107.101242,7561200
2017-08-01,109.540001,110.970001,109.419998,110.779999,108.660820,8162900
2017-08-02,110.389999,111.199997,109.849998,110.459999,108.346947,6212300
2017-08-03,110.230003,110.449997,109.050003,109.430000,107.336647,5605400
2017-08-04,109.430000,110.199997,109.430000,110.110001,108.003647,4643500
2017-08-07,109.809998,110.290001,109.580002,109.779999,107.679955,4762800
2017-08-08,110.000000,110.709999,109.769997,110.349998,108.239052,4107300
2017-08-09,110.739998,111.410004,110.260002,110.889999,108.768723,3966800
2017-08-10,111.230003,111.440002,110.029999,110.110001,108.003647,4950700
2017-08-11,110.199997,110.489998,109.129997,109.230003,107.140480,3383000
2017-08-14,109.260002,109.820000,108.320000,108.709999,106.630424,4262300
2017-08-15,108.750000,108.900002,107.529999,108.570000,106.493103,5310700
2017-08-16,107.629997,107.919998,106.690002,106.839996,105.849121,4186600
2017-08-17,106.610001,106.870003,105.910004,105.919998,104.937660,5870300
2017-08-18,105.839996,107.339996,105.500000,106.480003,105.492470,5467400
2017-08-21,106.480003,106.480003,105.300003,105.779999,104.798958,3560400
2017-08-22,105.989998,106.919998,105.809998,106.360001,105.373581,5630900
2017-08-23,106.209999,107.059998,106.110001,106.610001,105.621262,4185800
2017-08-24,106.500000,107.669998,106.330002,107.440002,106.443565,5059700
2017-08-25,107.820000,108.709999,107.519997,108.230003,107.226242,4384200
2017-08-28,108.540001,108.589996,107.269997,107.760002,106.760597,3681600
2017-08-29,107.430000,108.050003,107.040001,107.860001,106.859665,3230600
2017-08-30,107.580002,107.839996,107.099998,107.730003,106.730873,3126000
2017-08-31,108.000000,108.230003,107.500000,107.620003,106.621895,5508200
2017-09-01,107.680000,109.160004,107.510002,108.760002,107.751320,3660300
2017-09-05,109.360001,110.260002,108.699997,109.440002,108.425018,5198500
2017-09-06,110.000000,112.230003,109.800003,111.790001,110.753220,8577300
2017-09-07,112.180000,112.870003,111.360001,111.800003,110.763130,5937800
2017-09-08,111.589996,111.750000,110.529999,110.779999,109.752586,4033100
2017-09-11,111.830002,112.570000,111.519997,112.519997,111.476448,5973400
2017-09-12,112.820000,112.949997,111.860001,112.489998,111.446724,5110100
2017-09-13,112.489998,114.320000,112.279999,114.180000,113.121056,5889400
2017-09-14,114.260002,115.339996,114.180000,114.449997,113.388550,5819100
2017-09-15,114.830002,114.910004,113.629997,114.629997,113.566879,8387600
2017-09-18,114.419998,115.220001,114.320000,115.190002,114.121689,4954600
2017-09-19,115.250000,116.419998,115.190002,116.339996,115.261017,6188000
2017-09-20,116.500000,117.150002,116.199997,116.370003,115.290749,5378200
2017-09-21,116.220001,116.519997,115.830002,116.470001,115.389816,4334500
2017-09-22,116.410004,117.830002,116.269997,117.290001,116.202209,5307100
2017-09-25,117.230003,118.330002,117.019997,117.989998,116.895714,5980300
2017-09-26,117.790001,118.029999,117.250000,117.519997,116.430077,4874700
2017-09-27,117.459999,117.599998,116.769997,117.449997,116.360725,3926800
2017-09-28,117.169998,118.129997,117.019997,117.620003,116.529152,4949000
2017-09-29,117.169998,117.519997,116.730003,117.500000,116.410263,4874800
2017-10-02,116.419998,117.790001,115.529999,117.430000,116.340912,4285600
2017-10-03,117.080002,118.250000,117.010002,117.820000,116.727295,3892200
2017-10-04,117.820000,117.870003,117.129997,117.580002,116.489525,3443400
2017-10-05,117.449997,118.690002,117.330002,118.580002,117.480247,5470900
2017-10-06,117.949997,118.150002,116.800003,117.029999,115.944618,3533300
2017-10-09,117.339996,118.080002,117.010002,117.709999,116.618317,2951900
2017-10-10,118.400002,119.820000,118.290001,118.800003,117.698212,5683100
2017-10-11,119.209999,119.519997,118.580002,119.330002,118.223289,3926100
2017-10-12,118.489998,119.650002,118.309998,119.139999,118.035049,3929700
2017-10-13,119.790001,120.000000,119.070000,119.160004,118.054871,4640100
2017-10-16,119.839996,120.889999,119.430000,120.129997,119.015869,5500700
2017-10-17,120.230003,120.739998,119.830002,120.220001,119.105034,4844300
2017-10-18,119.400002,120.019997,117.989998,118.150002,117.054237,5505100
2017-10-19,118.059998,118.739998,117.949997,118.199997,117.103767,4576600
2017-10-20,118.610001,118.779999,118.070000,118.639999,117.539688,4924300
2017-10-23,118.720001,119.300003,118.449997,118.930000,117.827003,3872400
2017-10-24,119.480003,119.919998,119.070000,119.230003,118.124222,4472400
2017-10-25,119.000000,119.440002,118.150002,118.440002,117.341545,4553100
2017-10-26,118.779999,119.000000,118.139999,118.440002,117.341545,4092900
2017-10-27,116.129997,116.400002,112.570000,113.540001,112.486992,14534100
2017-10-30,113.169998,115.099998,112.839996,114.389999,113.329102,7517800
2017-10-31,114.449997,116.379997,113.820000,115.889999,114.815193,7154800
2017-11-01,116.300003,116.970001,115.349998,115.900002,114.825104,5030300
2017-11-02,116.209999,116.470001,114.709999,115.330002,114.260391,4329600
2017-11-03,115.480003,115.750000,114.730003,114.989998,113.923538,4101800
2017-11-06,115.370003,117.160004,114.989998,117.040001,115.954529,5950300
2017-11-07,117.379997,118.000000,116.480003,117.239998,116.152672,5219500
2017-11-08,116.779999,117.150002,115.900002,116.669998,115.587959,5092800
2017-11-09,115.900002,117.500000,115.620003,117.239998,116.152672,5103300
2017-11-10,116.709999,117.309998,116.099998,117.180000,116.093231,5156900
2017-11-13,117.220001,117.769997,116.680000,117.230003,116.142769,4279200
2017-11-14,116.820000,117.260002,116.250000,116.919998,115.835640,6996500
2017-11-15,116.209999,117.230003,116.070000,116.449997,115.369995,5372600
2017-11-16,115.250000,115.820000,114.379997,114.570000,114.570000,5888700
2017-11-17,114.669998,114.989998,113.900002,114.709999,114.709999,4337500
