Date,Open,High,Low,Close,Adj Close,Volume
2006-01-03,52.049999,52.459999,50.700001,52.310001,41.077869,1722100
2006-01-04,52.240002,52.779999,51.779999,52.240002,41.022873,953000
2006-01-05,52.340000,52.380001,52.020000,52.310001,41.077869,883700
2006-01-06,52.500000,53.130001,52.099998,52.950001,41.580425,902200
2006-01-09,52.759998,53.040001,52.590000,52.700001,41.384125,1327100
2006-01-10,52.560001,52.700001,51.970001,52.340000,41.101418,1183500
2006-01-11,52.560001,52.799999,52.250000,52.709999,41.391960,1518800
2006-01-12,52.520000,52.669998,52.169998,52.230000,41.015018,1246600
2006-01-13,52.470001,52.889999,52.139999,52.450001,41.187790,633200
2006-01-17,52.200001,52.560001,51.910000,52.540001,41.258465,1128200
2006-01-18,51.139999,52.090000,50.750000,51.130001,40.151226,2568100
2006-01-19,51.009998,51.330002,49.549999,49.599998,38.949745,3069800
2006-01-20,49.790001,49.820000,49.119999,49.419998,38.808399,2750400
2006-01-23,49.330002,49.880001,49.180000,49.480000,38.855518,1027500
2006-01-24,49.810001,50.119999,49.480000,49.660000,38.996861,1191500
2006-01-25,50.119999,50.590000,49.830002,50.320000,39.515156,1231900
2006-01-26,50.790001,52.000000,50.459999,51.889999,40.748035,2113700
2006-01-27,51.970001,52.570000,51.880001,51.930000,40.779446,1203100
2006-01-30,52.070000,52.900002,51.889999,52.310001,41.077869,1300400
2006-01-31,52.279999,52.790001,52.099998,52.209999,40.999321,1474900
2006-02-01,51.900002,52.130001,51.740002,51.950001,40.795151,1269800
2006-02-02,51.799999,52.000000,51.349998,51.490002,40.433922,1017300
2006-02-03,51.220001,52.119999,51.110001,51.759998,40.645943,820900
2006-02-06,51.730000,52.290001,51.599998,52.080002,40.897251,904800
2006-02-07,52.009998,52.320000,51.680000,51.750000,40.638088,1283100
2006-02-08,51.680000,52.689999,51.619999,52.610001,41.313427,1577600
2006-02-09,52.849998,53.230000,52.410000,52.410000,41.156364,1204900
2006-02-10,52.389999,52.980000,52.160000,52.930000,41.564728,1100600
2006-02-13,52.709999,52.830002,52.049999,52.389999,41.140686,828200
2006-02-14,52.389999,53.000000,52.049999,52.459999,41.195637,1194200
2006-02-15,52.279999,52.619999,51.720001,52.189999,40.983608,1620300
2006-02-16,52.250000,52.759998,52.070000,52.750000,41.423378,985900
2006-02-17,52.810001,52.900002,52.250000,52.290001,41.062149,1083700
2006-02-21,52.250000,52.400002,51.790001,51.959999,40.802998,1231200
2006-02-22,52.150002,54.099998,52.099998,53.810001,42.255768,1337200
2006-02-23,53.560001,54.000000,53.279999,53.419998,41.949505,721100
2006-02-24,53.650002,53.650002,53.060001,53.110001,41.706070,784600
2006-02-27,53.570000,53.570000,52.990002,53.250000,41.816017,630700
2006-02-28,52.849998,53.180000,52.430000,52.720001,41.399807,1276500
2006-03-01,52.619999,53.279999,52.619999,53.279999,41.839569,925300
2006-03-02,53.029999,53.419998,52.369999,53.299999,41.855267,881500
2006-03-03,53.110001,53.549999,52.869999,53.040001,41.651108,1106000
2006-03-06,52.950001,53.230000,52.549999,52.799999,41.462635,627400
2006-03-07,52.610001,53.220001,52.549999,53.119999,41.713924,947000
2006-03-08,53.130001,53.270000,52.430000,52.869999,41.698166,759000
2006-03-09,53.000000,53.360001,52.529999,52.560001,41.453659,793200
2006-03-10,52.900002,53.939999,52.599998,53.169998,41.934746,1031400
2006-03-13,53.130001,53.840000,53.000000,53.250000,41.997852,393800
2006-03-14,53.139999,53.990002,52.639999,53.799999,42.431637,924400
2006-03-15,53.700001,53.849998,53.029999,53.419998,42.131927,561300
2006-03-16,53.599998,53.790001,53.099998,53.150002,41.918972,730100
2006-03-17,53.570000,53.619999,53.200001,53.490002,42.187149,1086800
2006-03-20,53.700001,53.700001,53.029999,53.360001,42.084625,548800
2006-03-21,53.340000,53.820000,53.209999,53.340000,42.068844,784500
2006-03-22,53.290001,53.490002,52.799999,53.310001,42.045170,563600
2006-03-23,53.340000,53.340000,52.560001,52.990002,41.792801,641900
2006-03-24,53.080002,53.299999,52.669998,53.180000,41.942638,543100
2006-03-27,53.290001,53.290001,52.599998,53.060001,41.848007,879600
2006-03-28,52.849998,53.599998,52.680000,52.740002,41.595623,993700
2006-03-29,52.840000,52.869999,51.980000,52.669998,41.540417,1438200
2006-03-30,52.570000,52.889999,52.430000,52.630001,41.508877,768200
2006-03-31,52.750000,52.830002,52.060001,52.500000,41.406342,1149200
2006-04-03,52.540001,52.950001,52.209999,52.290001,41.240719,974200
2006-04-04,51.660000,52.369999,51.520000,52.299999,41.248592,1298700
2006-04-05,52.180000,52.880001,52.180000,52.680000,41.548298,651000
2006-04-06,52.599998,52.779999,52.299999,52.549999,41.445770,465100
2006-04-07,52.900002,52.900002,51.830002,52.299999,41.248592,998100
2006-04-10,52.230000,52.939999,52.230000,52.799999,41.642944,950100
2006-04-11,52.799999,53.099998,52.580002,52.650002,41.524635,1499200
2006-04-12,52.790001,52.790001,52.180000,52.279999,41.232830,965400
2006-04-13,52.340000,52.799999,52.020000,52.740002,41.595623,701900
2006-04-17,52.810001,52.919998,52.099998,52.759998,41.611393,1407300
2006-04-18,55.000000,57.660000,54.919998,57.259998,45.160519,4871900
2006-04-19,56.869999,57.759998,56.740002,57.430000,45.294586,1799800
2006-04-20,57.320000,57.540001,56.799999,57.360001,45.239372,1528200
2006-04-21,57.669998,57.759998,57.240002,57.639999,45.460205,1269800
2006-04-24,57.400002,57.900002,57.259998,57.750000,45.546955,1392500
2006-04-25,57.900002,58.360001,57.410000,57.959999,45.712597,1108500
2006-04-26,58.599998,59.150002,58.369999,58.570000,46.193691,1722900
2006-04-27,58.380001,59.599998,58.250000,59.380001,46.832535,1578500
2006-04-28,59.270000,59.540001,58.349998,58.889999,46.446060,1399700
2006-05-01,58.799999,59.290001,58.040001,58.209999,45.909771,1109000
2006-05-02,58.130001,58.540001,57.860001,58.410000,46.067509,960000
2006-05-03,58.500000,58.560001,58.009998,58.349998,46.020176,925200
2006-05-04,58.590000,59.209999,58.450001,58.930000,46.477619,631300
2006-05-05,59.250000,59.900002,58.959999,59.720001,47.100693,689900
2006-05-08,59.840000,60.439999,59.599998,59.740002,47.116451,877100
2006-05-09,59.560001,59.759998,59.360001,59.389999,46.840416,605000
2006-05-10,59.049999,59.330002,58.099998,58.599998,46.217339,1567900
2006-05-11,58.779999,58.799999,57.580002,57.750000,45.546955,1253200
2006-05-12,57.810001,57.970001,57.310001,57.380001,45.255146,1096900
2006-05-15,57.310001,58.299999,57.259998,57.750000,45.546955,1336900
2006-05-16,57.790001,57.939999,56.950001,57.000000,44.955452,1128500
2006-05-17,56.770000,56.810001,55.639999,55.689999,43.922264,1431700
2006-05-18,55.889999,56.220001,55.360001,55.360001,43.662003,992800
2006-05-19,55.849998,56.959999,55.590000,56.520000,44.576866,1518000
2006-05-22,56.119999,56.840000,55.889999,56.509998,44.568989,1037600
2006-05-23,56.770000,57.180000,56.220001,56.279999,44.387596,1039400
2006-05-24,56.070000,57.130001,55.869999,56.189999,44.316612,1126600
2006-05-25,56.570000,56.740002,56.110001,56.400002,44.482243,713000
2006-05-26,56.619999,56.869999,55.939999,56.650002,44.679417,721100
2006-05-30,56.410000,56.500000,55.119999,55.130001,43.480595,769700
2006-05-31,55.139999,55.919998,55.139999,55.919998,44.103664,1079600
2006-06-01,55.919998,57.000000,55.730000,56.980000,44.939663,735000
2006-06-02,57.270000,57.580002,56.810001,57.450001,45.310360,847900
2006-06-05,57.150002,57.400002,56.029999,56.049999,44.206192,824000
2006-06-06,56.250000,56.299999,55.270000,55.750000,43.969570,1086700
2006-06-07,55.660000,56.500000,55.529999,55.840000,44.223019,964200
2006-06-08,55.770000,56.000000,54.820000,55.820000,44.207172,1050300
2006-06-09,55.980000,56.209999,55.439999,55.509998,43.961670,711000
2006-06-12,55.750000,55.750000,54.540001,54.549999,43.201389,912200
2006-06-13,54.700001,54.939999,53.529999,53.730000,42.551991,1098100
2006-06-14,53.570000,54.330002,53.099998,53.910000,42.694523,973500
2006-06-15,54.180000,55.389999,54.080002,55.209999,43.724068,1212100
2006-06-16,55.299999,55.720001,54.889999,54.900002,43.478569,816300
2006-06-19,54.779999,55.320000,54.009998,54.189999,42.916283,851000
2006-06-20,54.130001,54.369999,53.799999,53.880001,42.670776,939000
2006-06-21,54.029999,54.720001,53.770000,54.389999,43.074677,1442800
2006-06-22,54.439999,54.480000,53.950001,54.189999,42.916283,615300
2006-06-23,54.169998,54.480000,53.380001,53.669998,42.504471,537500
2006-06-26,53.560001,54.380001,53.529999,54.340000,43.035084,492800
2006-06-27,54.139999,54.419998,53.060001,53.099998,42.053036,601700
2006-06-28,53.340000,54.060001,53.070000,54.009998,42.773724,935500
2006-06-29,54.380001,55.520000,54.299999,55.490002,43.945824,1266400
2006-06-30,55.349998,56.060001,55.090000,55.299999,43.795349,1998300
2006-07-03,55.299999,55.480000,55.160000,55.279999,43.779499,314600
2006-07-05,54.830002,55.290001,54.130001,54.500000,43.161793,752800
2006-07-06,54.590000,55.020000,54.080002,54.200001,42.924202,824200
2006-07-07,54.110001,54.500000,53.750000,53.869999,42.662849,703600
2006-07-10,54.049999,54.090000,53.290001,53.590000,42.441101,1009900
2006-07-11,53.490002,53.830002,52.810001,53.759998,42.575733,654500
2006-07-12,53.840000,54.139999,53.490002,53.720001,42.544064,922000
2006-07-13,53.619999,53.680000,52.619999,53.000000,41.973835,774000
2006-07-14,52.900002,53.680000,52.779999,53.150002,42.092632,797700
2006-07-17,53.590000,54.480000,52.849998,54.080002,42.829155,1363200
2006-07-18,54.299999,55.000000,53.619999,54.490002,43.153870,1487000
2006-07-19,55.169998,57.110001,55.009998,56.700001,44.904091,1460700
2006-07-20,56.930000,57.689999,56.790001,57.000000,45.141689,1487200
2006-07-21,57.419998,57.419998,55.560001,56.000000,44.349724,1521100
2006-07-24,56.029999,57.139999,56.029999,56.959999,45.110008,556900
2006-07-25,57.250000,57.720001,56.889999,57.450001,45.498066,693300
2006-07-26,57.240002,57.779999,57.139999,57.330002,45.403042,727900
2006-07-27,57.660000,57.900002,56.680000,56.849998,45.022881,891400
2006-07-28,56.610001,58.009998,55.950001,57.779999,45.759415,824800
2006-07-31,57.509998,57.759998,56.910000,57.110001,45.228794,581300
2006-08-01,56.930000,57.080002,56.209999,56.520000,44.761539,569400
2006-08-02,56.430000,56.689999,56.259998,56.570000,44.801151,749100
2006-08-03,56.310001,57.090000,56.119999,56.869999,45.038731,675100
2006-08-04,57.189999,58.000000,56.970001,57.259998,45.347595,622600
2006-08-07,57.250000,57.630001,57.139999,57.470001,45.513908,934000
2006-08-08,57.880001,57.980000,56.820000,56.970001,45.117924,956400
2006-08-09,57.380001,57.540001,56.200001,56.259998,44.555630,809400
2006-08-10,56.320000,56.439999,55.750000,56.119999,44.444759,1291200
2006-08-11,56.009998,56.349998,55.849998,56.240002,44.539791,713800
2006-08-14,56.680000,56.849998,56.080002,56.259998,44.555630,662400
2006-08-15,56.430000,57.259998,56.400002,57.189999,45.292156,817200
2006-08-16,57.750000,57.770000,56.880001,57.500000,45.537655,739000
2006-08-17,57.660000,57.709999,57.180000,57.450001,45.498066,776400
2006-08-18,57.910000,57.910000,57.150002,57.410000,45.466381,572400
2006-08-21,57.230000,57.349998,56.939999,57.080002,45.205032,373400
2006-08-22,56.950001,57.220001,56.860001,57.009998,45.149597,697300
2006-08-23,57.090000,57.259998,56.709999,57.000000,45.141689,500100
2006-08-24,57.150002,57.150002,56.250000,56.369999,44.642757,514700
2006-08-25,56.090000,56.250000,55.759998,55.849998,44.230930,445000
2006-08-28,55.759998,56.150002,55.669998,56.000000,44.349724,664300
2006-08-29,56.000000,56.090000,55.730000,55.900002,44.270535,666200
2006-08-30,56.000000,56.250000,55.889999,56.169998,44.484367,503400
2006-08-31,56.450001,56.450001,55.910000,55.990002,44.341801,652800
2006-09-01,56.150002,56.290001,55.990002,56.139999,44.460602,335600
2006-09-05,56.340000,56.750000,56.169998,56.520000,44.761539,1095200
2006-09-06,56.750000,56.750000,55.810001,56.000000,44.530941,672100
2006-09-07,55.700001,56.259998,55.590000,55.680000,44.276466,613700
2006-09-08,55.910000,56.500000,55.660000,56.490002,44.920578,1235100
2006-09-11,56.150002,56.450001,56.029999,56.250000,44.729729,691400
2006-09-12,56.310001,56.810001,55.939999,56.790001,45.159149,1055400
2006-09-13,56.619999,57.099998,56.459999,56.970001,45.302273,952700
2006-09-14,56.599998,56.930000,56.330002,56.860001,45.214806,744700
2006-09-15,57.169998,57.939999,56.779999,57.299999,45.564705,1945900
2006-09-18,57.200001,57.459999,56.470001,57.009998,45.334076,1073200
2006-09-19,57.220001,57.540001,57.070000,57.389999,45.636257,1033400
2006-09-20,57.689999,58.150002,57.450001,57.860001,46.010002,1196300
2006-09-21,58.130001,58.500000,57.230000,57.599998,45.803242,1231300
2006-09-22,57.509998,57.650002,56.959999,57.230000,45.509014,660400
2006-09-25,57.290001,58.090000,56.900002,57.910000,46.049767,1013600
2006-09-26,57.790001,58.310001,57.380001,58.139999,46.232647,1136300
2006-09-27,58.209999,58.759998,57.900002,58.400002,46.439400,1053800
2006-09-28,58.570000,58.799999,58.360001,58.520000,46.534824,605900
2006-09-29,58.360001,58.580002,58.110001,58.430000,46.463264,759000
2006-10-02,58.400002,58.509998,57.599998,58.150002,46.240620,808900
2006-10-03,58.299999,59.580002,58.270000,59.580002,47.377720,1460800
2006-10-04,59.439999,60.209999,59.410000,60.150002,47.831001,1092200
2006-10-05,60.139999,60.139999,59.799999,60.000000,47.711697,625500
2006-10-06,60.000000,60.110001,59.389999,60.000000,47.711697,646200
2006-10-09,60.000000,60.099998,59.689999,59.950001,47.671959,628100
2006-10-10,60.119999,60.560001,60.099998,60.430000,48.053658,620200
2006-10-11,60.250000,60.299999,59.759998,60.000000,47.711697,618500
2006-10-12,60.250000,60.459999,60.000000,60.119999,47.807133,499400
2006-10-13,60.000000,60.290001,59.779999,59.779999,47.536766,826900
2006-10-16,60.080002,60.549999,59.759998,60.540001,48.141106,725500
2006-10-17,60.299999,60.799999,59.610001,60.540001,48.141106,954000
2006-10-18,59.400002,60.049999,58.889999,59.450001,47.274353,2054900
2006-10-19,59.150002,59.250000,57.009998,57.349998,45.604450,2016700
2006-10-20,57.880001,57.880001,56.490002,57.110001,45.413597,1689300
2006-10-23,57.000000,57.919998,56.830002,57.810001,45.970245,1894600
2006-10-24,57.529999,57.680000,56.889999,57.330002,45.588551,939100
2006-10-25,57.450001,57.549999,56.889999,57.389999,45.636257,962600
2006-10-26,57.299999,58.150002,57.279999,58.070000,46.176991,830000
2006-10-27,57.939999,58.310001,57.869999,58.099998,46.200844,782600
2006-10-30,58.380001,58.820000,58.250000,58.730000,46.701813,977200
2006-10-31,59.110001,59.380001,58.639999,58.720001,46.693878,1117900
2006-11-01,58.930000,58.970001,57.860001,58.009998,46.129272,1032900
2006-11-02,57.939999,58.009998,57.290001,57.680000,45.866856,905000
2006-11-03,57.970001,58.419998,57.660000,57.869999,46.017952,801000
2006-11-06,57.910000,58.580002,57.910000,58.529999,46.542774,613200
2006-11-07,58.590000,59.029999,58.389999,58.720001,46.693878,810400
2006-11-08,58.810001,59.029999,58.480000,58.790001,46.749535,494100
2006-11-09,58.730000,58.830002,58.200001,58.259998,46.328075,923100
2006-11-10,58.220001,58.689999,58.119999,58.540001,46.550732,636600
2006-11-13,58.450001,59.029999,58.200001,58.599998,46.598454,484000
2006-11-14,58.549999,58.689999,58.049999,58.290001,46.351936,1197500
2006-11-15,58.349998,58.560001,58.060001,58.099998,46.200844,1099800
2006-11-16,58.389999,58.450001,58.169998,58.180000,46.264462,1015800
2006-11-17,58.119999,58.419998,57.880001,57.970001,46.097458,1193600
2006-11-20,58.070000,58.270000,57.950001,58.160000,46.248562,1105500
2006-11-21,58.160000,58.209999,57.669998,57.790001,45.954330,594500
2006-11-22,57.709999,58.040001,57.669998,57.799999,45.962284,1037000
2006-11-24,57.610001,57.610001,57.200001,57.240002,45.516960,557300
2006-11-27,57.009998,57.250000,56.360001,56.360001,44.817211,1176400
2006-11-28,56.439999,56.930000,56.220001,56.509998,44.936485,940700
2006-11-29,56.540001,57.160000,56.520000,57.000000,45.326138,1106000
2006-11-30,57.049999,57.189999,56.480000,56.959999,45.294323,706700
2006-12-01,57.040001,57.330002,56.000000,56.470001,44.904671,1138200
2006-12-04,57.450001,58.580002,57.439999,58.389999,46.431461,2406300
2006-12-05,58.540001,58.580002,57.880001,57.959999,46.089523,1307500
2006-12-06,57.849998,57.939999,57.290001,57.380001,45.825966,717700
2006-12-07,57.450001,58.000000,57.380001,57.599998,46.001659,1340800
2006-12-08,57.450001,57.610001,57.000000,57.340000,45.794022,656200
2006-12-11,57.139999,57.590000,56.840000,57.299999,45.762081,801600
2006-12-12,57.220001,57.919998,57.200001,57.779999,46.145424,928000
2006-12-13,57.790001,58.119999,57.750000,57.889999,46.233257,688700
2006-12-14,57.880001,58.259998,57.680000,58.060001,46.369034,731200
2006-12-15,59.000000,59.500000,58.930000,59.340000,47.391300,1595700
2006-12-18,59.340000,59.509998,59.009998,59.340000,47.391300,923300
2006-12-19,59.230000,59.900002,59.070000,59.790001,47.750683,1743300
2006-12-20,59.880001,60.500000,59.570000,60.349998,48.197918,1269500
2006-12-21,60.459999,61.070000,60.080002,60.910000,48.645164,1804000
2006-12-22,60.970001,60.990002,60.130001,60.660000,48.445503,1219700
2006-12-26,60.959999,61.180000,60.520000,61.020000,48.733028,678000
2006-12-27,61.139999,61.299999,60.849998,61.290001,48.948650,583300
2006-12-28,61.189999,61.400002,60.880001,61.070000,48.772953,408400
2006-12-29,61.070000,61.130001,60.549999,60.689999,48.469463,450300
2007-01-03,60.820000,61.689999,60.770000,61.310001,48.964634,1068700
2007-01-04,61.110001,61.180000,60.380001,60.770000,48.533360,1426300
2007-01-05,61.270000,61.349998,59.950001,59.970001,47.894447,1709000
2007-01-08,59.570000,60.619999,59.290001,60.520000,48.333694,1396400
2007-01-09,60.759998,61.279999,60.680000,61.020000,48.733028,1585100
2007-01-10,60.709999,61.480000,60.669998,61.310001,48.964634,1179200
2007-01-11,61.310001,61.680000,61.250000,61.529999,49.140324,862600
2007-01-12,61.240002,61.639999,61.220001,61.570000,49.172264,1014400
2007-01-16,61.689999,62.689999,61.610001,62.330002,49.779240,2398700
2007-01-17,60.570000,61.150002,58.660000,60.169998,48.054165,5939300
2007-01-18,60.389999,60.849998,60.230000,60.590000,48.389606,1991600
2007-01-19,60.779999,60.799999,60.349998,60.570000,48.373634,1235700
2007-01-22,60.360001,60.830002,60.349998,60.610001,48.405563,1000200
2007-01-23,60.619999,60.759998,60.160000,60.369999,48.213894,573000
2007-01-24,60.270000,60.970001,60.240002,60.950001,48.677113,689500
2007-01-25,60.709999,60.799999,60.160000,60.200001,48.078144,968900
2007-01-26,60.220001,60.520000,59.900002,60.029999,47.942360,861700
2007-01-29,59.889999,60.290001,59.770000,60.220001,48.094109,825600
2007-01-30,60.220001,60.500000,60.000000,60.470001,48.293770,488000
2007-01-31,60.529999,60.860001,59.930000,60.750000,48.517384,859100
2007-02-01,60.720001,61.549999,60.610001,61.040001,48.748993,725300
2007-02-02,60.970001,61.209999,60.619999,60.660000,48.445503,1274600
2007-02-05,62.070000,62.580002,61.959999,61.990002,49.507687,1643700
2007-02-06,62.209999,62.830002,62.080002,62.259998,49.723324,1010800
2007-02-07,62.299999,62.459999,62.000000,62.400002,49.835140,548600
2007-02-08,62.320000,62.470001,62.080002,62.380001,49.819164,563900
2007-02-09,62.369999,62.430000,61.779999,61.939999,49.467758,801600
2007-02-12,61.910000,62.250000,61.799999,62.009998,49.523659,459800
2007-02-13,62.250000,62.340000,61.900002,62.169998,49.651440,597500
2007-02-14,62.119999,63.000000,62.090000,62.720001,50.090702,621000
2007-02-15,62.669998,63.200001,62.669998,63.090000,50.386204,572400
2007-02-16,63.189999,63.369999,62.950001,63.080002,50.378212,708300
2007-02-20,63.139999,63.490002,62.619999,63.360001,50.601841,496800
2007-02-21,63.349998,63.360001,62.759998,63.040001,50.346268,649300
2007-02-22,62.970001,63.400002,62.849998,63.150002,50.434120,839000
2007-02-23,63.369999,63.400002,62.540001,62.810001,50.162579,705500
2007-02-26,62.709999,63.060001,61.970001,62.369999,49.811188,611900
2007-02-27,61.950001,62.290001,59.759998,59.910000,47.846516,1184900
2007-02-28,59.959999,60.869999,59.720001,60.299999,48.157993,854800
2007-03-01,59.910000,60.419998,58.930000,60.090000,47.990276,1387800
2007-03-02,60.000000,60.060001,59.439999,59.509998,47.527073,970800
2007-03-05,59.349998,59.619999,58.459999,58.509998,46.728424,1067900
2007-03-06,58.689999,59.880001,58.509998,59.790001,47.750683,1245800
2007-03-07,58.750000,59.599998,58.750000,58.980000,47.301567,922400
2007-03-08,59.320000,60.169998,59.200001,59.419998,47.654457,678300
2007-03-09,59.560001,59.740002,59.080002,59.400002,47.638412,639300
2007-03-12,59.230000,59.650002,58.639999,58.950001,47.277527,724400
2007-03-13,58.660000,58.799999,56.730000,56.820000,45.569279,1315000
2007-03-14,57.139999,58.029999,56.520000,57.840000,46.387310,1703600
2007-03-15,57.509998,58.650002,57.509998,58.029999,46.539692,968100
2007-03-16,58.230000,58.650002,57.759998,57.849998,46.395321,1433200
2007-03-19,57.820000,58.730000,57.820000,58.610001,47.004837,882300
2007-03-20,58.540001,59.160000,58.480000,59.139999,47.429890,868500
2007-03-21,58.919998,61.410000,58.910000,61.330002,49.186260,1527700
2007-03-22,61.070000,61.480000,60.770000,61.009998,48.929615,1310900
2007-03-23,61.509998,61.970001,61.200001,61.360001,49.210323,969200
2007-03-26,61.029999,61.279999,60.279999,61.180000,49.065968,978400
2007-03-27,60.919998,61.070000,60.270000,60.310001,48.368225,595700
2007-03-28,60.110001,60.330002,59.689999,59.779999,47.943172,1220600
2007-03-29,60.299999,60.590000,59.860001,60.389999,48.432377,897900
2007-03-30,60.330002,60.599998,59.599998,60.139999,48.231876,1004100
2007-04-02,60.250000,60.250000,59.369999,59.959999,48.087521,798200
2007-04-03,59.950001,60.950001,59.950001,60.689999,48.672974,928400
2007-04-04,60.790001,60.790001,60.200001,60.349998,48.400291,785100
2007-04-05,60.180000,61.070000,60.180000,61.049999,48.961697,558000
2007-04-09,61.180000,61.180000,60.380001,60.830002,48.785255,697400
2007-04-10,60.759998,61.029999,60.419998,60.500000,48.520599,608000
2007-04-11,60.639999,60.720001,59.939999,60.430000,48.464466,924700
2007-04-12,60.230000,60.439999,60.000000,60.410000,48.448421,1038900
2007-04-13,60.360001,61.230000,60.230000,61.200001,49.082005,707000
2007-04-16,61.349998,62.799999,61.279999,62.549999,50.164692,1558500
2007-04-17,63.060001,64.849998,63.060001,64.279999,51.552143,2283300
2007-04-18,64.279999,65.000000,64.209999,64.639999,51.840862,1451600
2007-04-19,64.120003,64.580002,63.810001,63.939999,51.279453,1406800
2007-04-20,64.349998,64.720001,63.500000,64.599998,51.808765,1213400
2007-04-23,64.660004,64.779999,63.990002,64.239998,51.520054,738600
2007-04-24,64.309998,64.309998,63.529999,63.970001,51.303516,796500
2007-04-25,64.120003,64.930000,63.959999,64.860001,52.017296,1081200
2007-04-26,64.750000,64.949997,64.199997,64.430000,51.672443,1297700
2007-04-27,64.029999,64.320000,63.770000,64.120003,51.423820,797800
2007-04-30,64.010002,64.139999,62.939999,62.950001,50.485481,1226900
2007-05-01,62.930000,63.290001,62.259998,63.029999,50.549652,1268300
2007-05-02,63.470001,63.740002,62.779999,63.419998,50.862427,800100
2007-05-03,63.709999,63.860001,63.290001,63.840000,51.199261,574100
2007-05-04,63.689999,63.889999,63.360001,63.759998,51.135098,479800
2007-05-07,64.059998,64.419998,63.869999,64.110001,51.415806,868200
2007-05-08,64.120003,64.120003,63.590000,64.099998,51.407776,831700
2007-05-09,64.080002,65.250000,63.950001,65.070000,52.185707,1435400
2007-05-10,65.000000,65.269997,64.220001,64.220001,51.504013,1260200
2007-05-11,64.690002,64.849998,64.180000,64.830002,51.993233,915900
2007-05-14,65.040001,65.089996,63.779999,64.089996,51.399761,815900
2007-05-15,64.000000,64.440002,63.709999,63.709999,51.095009,1110500
2007-05-16,64.199997,64.830002,63.619999,64.349998,51.608273,1020200
2007-05-17,64.349998,64.599998,64.019997,64.029999,51.351635,904400
2007-05-18,64.470001,64.470001,64.029999,64.169998,51.463921,1086300
2007-05-21,64.000000,64.389999,63.660000,64.070000,51.383724,980700
2007-05-22,63.750000,64.470001,63.750000,64.209999,51.495995,1169800
2007-05-23,64.010002,64.919998,64.010002,64.279999,51.552143,1237900
2007-05-24,64.349998,64.879997,63.529999,63.790001,51.159172,1539900
2007-05-25,63.990002,64.660004,63.650002,64.550003,51.768669,1200200
2007-05-29,64.559998,64.980003,64.349998,64.500000,51.728577,859500
2007-05-30,64.389999,65.110001,64.089996,65.019997,52.145611,975600
2007-05-31,64.900002,65.500000,64.900002,65.080002,52.193726,1186500
2007-06-01,65.099998,65.370003,64.750000,65.040001,52.161648,1286200
2007-06-04,64.849998,65.309998,64.849998,65.169998,52.265907,705900
2007-06-05,65.080002,65.120003,63.939999,64.019997,51.343620,1330800
2007-06-06,63.650002,64.019997,63.500000,63.849998,51.408028,1476700
2007-06-07,63.669998,63.910000,62.549999,62.549999,50.361355,1487800
2007-06-08,62.360001,63.779999,62.360001,63.730000,51.311428,1282400
2007-06-11,63.730000,64.500000,63.419998,64.190002,51.681786,637100
2007-06-12,64.089996,64.190002,63.189999,63.200001,50.884693,1024200
2007-06-13,63.250000,64.839996,63.200001,64.839996,52.205128,1308200
2007-06-14,65.000000,65.139999,64.559998,64.849998,52.213169,924500
2007-06-15,65.330002,65.500000,65.050003,65.370003,52.631844,1373800
2007-06-18,65.330002,65.489998,64.949997,65.370003,52.631844,685500
2007-06-19,65.029999,65.849998,65.029999,65.769997,52.953899,882100
2007-06-20,65.959999,66.150002,65.010002,65.010002,52.342003,888900
2007-06-21,64.919998,65.209999,64.260002,65.180000,52.478867,1108700
2007-06-22,65.320000,65.320000,63.900002,64.120003,51.625412,1442900
2007-06-25,64.199997,64.949997,63.509998,63.900002,51.448292,982700
2007-06-26,64.309998,64.629997,63.689999,63.939999,51.480495,1286500
2007-06-27,63.500000,63.750000,62.860001,63.680000,51.271160,1517600
2007-06-28,63.750000,65.260002,63.529999,64.800003,52.172928,1604800
2007-06-29,64.879997,65.160004,63.750000,64.239998,51.722038,1142400
2007-07-02,64.730003,65.250000,64.570000,64.769997,52.148754,859500
2007-07-03,64.790001,65.300003,64.790001,65.000000,52.333939,332300
2007-07-05,64.889999,65.279999,64.470001,64.669998,52.068237,674800
2007-07-06,64.459999,65.029999,64.309998,64.930000,52.277576,615500
2007-07-09,64.930000,65.900002,64.769997,65.349998,52.615742,1519500
2007-07-10,65.129997,65.589996,64.599998,64.660004,52.060188,1894400
2007-07-11,64.599998,65.040001,64.029999,64.489998,51.923309,1688800
2007-07-12,64.900002,66.940002,64.489998,66.870003,53.839546,1716500
2007-07-13,66.529999,67.300003,66.199997,66.250000,53.340355,1302100
2007-07-16,66.000000,67.379997,65.989998,67.129997,54.048878,1236800
2007-07-17,67.809998,68.419998,67.500000,67.889999,54.660782,1276800
2007-07-18,67.360001,67.949997,66.180000,67.309998,54.193806,1736700
2007-07-19,67.000000,67.800003,65.949997,66.349998,53.420883,1554800
2007-07-20,66.029999,66.300003,64.389999,64.980003,52.317833,2136400
2007-07-23,65.500000,66.349998,65.080002,65.379997,52.639889,1227300
2007-07-24,64.970001,65.010002,62.980000,63.099998,50.804188,1185900
2007-07-25,63.450001,64.269997,62.029999,63.180000,50.868595,1631600
2007-07-26,62.790001,63.400002,61.180000,62.110001,50.007092,2122300
2007-07-27,61.849998,63.110001,61.180000,62.180000,50.063454,1953300
2007-07-30,61.930000,64.419998,61.130001,63.980000,51.512703,2413600
2007-07-31,64.040001,64.599998,62.459999,62.459999,50.288883,2117500
2007-08-01,62.400002,63.200001,60.840000,62.799999,50.562641,2155600
2007-08-02,63.200001,64.690002,62.750000,64.070000,51.585155,1715600
2007-08-03,63.889999,64.180000,61.750000,61.790001,49.749462,1939000
2007-08-06,62.049999,65.339996,60.990002,65.279999,52.559372,2578200
2007-08-07,64.379997,66.650002,63.619999,65.809998,52.986095,2450200
2007-08-08,66.080002,68.669998,65.540001,67.720001,54.523914,2221700
2007-08-09,66.160004,66.860001,63.099998,64.510002,51.939438,2607600
2007-08-10,63.919998,65.660004,61.900002,63.500000,51.126232,1887600
2007-08-13,63.650002,65.769997,63.130001,63.980000,51.512703,1927100
2007-08-14,64.000000,64.190002,60.740002,60.970001,49.089241,1961400
2007-08-15,60.730000,62.169998,59.950001,60.509998,48.718872,1558000
2007-08-16,60.459999,63.689999,58.730000,63.389999,51.037674,2576000
2007-08-17,65.760002,67.750000,63.299999,64.849998,52.213169,2352800
2007-08-20,65.089996,65.440002,61.500000,62.230000,50.103710,1706300
2007-08-21,61.939999,62.759998,61.320000,62.439999,50.272785,1281700
2007-08-22,62.799999,63.619999,61.500000,62.740002,50.514317,984700
2007-08-23,62.680000,63.090000,60.200001,61.020000,49.129482,2183600
2007-08-24,60.880001,61.779999,60.230000,61.730000,49.701138,1110000
2007-08-27,61.500000,62.200001,61.380001,61.820000,49.773605,765600
2007-08-28,61.320000,61.509998,59.529999,59.560001,47.953991,1478600
2007-08-29,59.980000,60.939999,59.029999,60.820000,48.968475,1265200
2007-08-30,60.750000,61.669998,59.900002,60.959999,49.081184,1089000
2007-08-31,61.599998,62.459999,60.959999,61.459999,49.483749,944300
2007-09-04,60.639999,62.240002,60.639999,61.840000,49.789700,740900
2007-09-05,61.099998,61.320000,60.349998,60.919998,49.048977,900500
2007-09-06,60.980000,60.980000,59.610001,60.470001,48.887283,977200
2007-09-07,59.509998,60.299999,59.119999,59.349998,47.981808,803400
2007-09-10,59.860001,60.520000,59.049999,59.849998,48.386047,836900
2007-09-11,60.270000,61.480000,60.060001,60.799999,49.154076,811600
2007-09-12,60.509998,61.119999,60.150002,60.540001,48.943878,639100
2007-09-13,61.130001,62.139999,61.020000,61.830002,49.986778,925900
2007-09-14,61.380001,62.480000,61.080002,62.349998,50.407177,697500
2007-09-17,61.880001,62.369999,61.580002,62.020000,50.140400,597600
2007-09-18,62.200001,66.000000,61.650002,66.000000,53.358040,1480800
2007-09-19,66.000000,67.139999,65.800003,66.580002,53.826958,1794000
2007-09-20,66.820000,66.820000,65.059998,65.379997,52.856796,1090500
2007-09-21,66.330002,66.330002,65.150002,65.489998,52.945732,1652000
2007-09-24,65.430000,66.080002,64.269997,64.419998,52.080681,1113200
2007-09-25,64.220001,65.209999,63.810001,65.059998,52.598103,1317100
2007-09-26,65.379997,66.589996,65.059998,65.730003,53.139755,1112400
2007-09-27,66.370003,66.760002,65.690002,66.510002,53.770351,554700
2007-09-28,66.309998,66.680000,65.510002,66.269997,53.576317,900400
2007-10-01,66.489998,67.769997,66.080002,67.680000,54.716244,1103500
2007-10-02,67.800003,67.959999,67.059998,67.750000,54.772835,809600
2007-10-03,67.300003,68.250000,67.290001,67.510002,54.578827,861100
2007-10-04,67.510002,68.110001,67.309998,67.680000,54.716244,603600
2007-10-05,68.430000,69.809998,68.330002,69.680000,56.333160,1714700
2007-10-08,69.360001,71.139999,69.360001,70.760002,57.206287,1717300
2007-10-09,70.620003,72.110001,70.239998,72.059998,58.257301,1393100
2007-10-10,72.000000,72.620003,71.699997,72.400002,58.532166,1691400
2007-10-11,72.470001,72.599998,70.370003,70.620003,57.093105,1716200
2007-10-12,70.330002,71.449997,70.199997,70.400002,56.915249,1462700
2007-10-15,70.769997,70.879997,69.089996,69.769997,56.405914,1365600
2007-10-16,70.290001,72.269997,69.320000,71.370003,57.699451,2771600
2007-10-17,71.800003,71.800003,67.089996,69.260002,55.993622,3898200
2007-10-18,68.889999,70.690002,68.629997,69.849998,56.470604,1523300
2007-10-19,69.959999,70.250000,68.650002,68.650002,55.500458,2151800
2007-10-22,68.099998,69.980003,67.989998,69.760002,56.397835,1608000
2007-10-23,70.489998,72.489998,70.080002,72.290001,58.443226,2004000
2007-10-24,71.650002,72.949997,70.080002,72.599998,58.693851,2536300
2007-10-25,72.160004,73.970001,71.660004,72.980003,59.001064,2089600
2007-10-26,72.910004,74.570000,72.680000,74.349998,60.108624,1992200
2007-10-29,74.389999,75.000000,74.010002,74.769997,60.448162,1545000
2007-10-30,74.110001,74.760002,73.459999,74.199997,59.987392,1721900
2007-10-31,74.449997,75.750000,73.690002,75.209999,60.803898,2318900
2007-11-01,74.209999,74.669998,71.410004,71.489998,57.796448,1762000
2007-11-02,71.570000,73.150002,70.269997,72.839996,58.887871,2077600
2007-11-05,72.540001,74.330002,71.620003,73.639999,59.534660,2004500
2007-11-06,74.129997,77.150002,73.629997,76.720001,62.024681,1704700
2007-11-07,75.989998,76.669998,74.500000,74.519997,60.246063,2184300
2007-11-08,74.580002,76.470001,73.379997,76.160004,61.571972,1739100
2007-11-09,74.720001,77.489998,73.779999,76.110001,61.531521,1818800
2007-11-12,76.480003,78.669998,75.400002,76.879997,62.154030,3040700
2007-11-13,77.260002,80.230003,77.180000,80.209999,64.846176,2026600
2007-11-14,79.449997,80.000000,78.050003,78.519997,63.479927,3055300
2007-11-15,78.580002,78.580002,75.250000,75.830002,61.305157,2657700
2007-11-16,75.959999,77.040001,74.730003,76.320000,61.701279,2122500
2007-11-19,75.800003,75.989998,73.800003,75.010002,60.642227,2102100
2007-11-20,75.949997,77.519997,74.129997,76.160004,61.571972,2189100
2007-11-21,75.089996,75.949997,73.510002,74.750000,60.432041,1768700
2007-11-23,75.449997,77.400002,75.080002,76.940002,62.202534,530500
2007-11-26,77.000000,77.070000,74.339996,74.360001,60.116741,1554900
2007-11-27,74.510002,76.000000,73.620003,75.879997,61.345581,1755100
2007-11-28,77.010002,79.820000,76.250000,79.680000,64.417686,2160500
2007-11-29,79.570000,80.000000,77.110001,79.830002,64.538963,2060400
2007-11-30,80.080002,83.169998,80.080002,80.989998,65.476776,2436800
2007-12-03,80.660004,81.410004,79.279999,80.320000,64.935112,1677600
2007-12-04,79.459999,80.949997,78.809998,80.430000,65.024055,1615500
2007-12-05,78.220001,79.860001,77.559998,79.559998,64.320686,3251800
2007-12-06,79.110001,80.199997,78.570000,79.980003,64.888618,1928700
2007-12-07,80.480003,80.480003,78.370003,78.370003,63.582401,2199600
2007-12-10,78.370003,80.379997,78.370003,80.230003,65.091438,2351400
2007-12-11,80.320000,80.599998,76.459999,76.510002,62.073357,2029500
2007-12-12,78.660004,79.239998,76.099998,77.550003,62.917145,1735900
2007-12-13,77.250000,78.010002,75.610001,77.489998,62.868450,1647200
2007-12-14,77.339996,77.629997,75.370003,75.410004,61.180923,1783000
2007-12-17,74.690002,75.820000,74.269997,74.459999,60.410183,1731000
2007-12-18,74.309998,75.449997,72.309998,74.320000,60.296608,2062100
2007-12-19,74.120003,75.879997,73.709999,75.279999,61.075474,1258300
2007-12-20,76.500000,76.860001,75.000000,76.480003,62.049038,1792900
2007-12-21,76.650002,77.949997,75.699997,77.379997,62.779182,2504700
2007-12-24,78.150002,79.050003,77.889999,78.320000,63.541809,408300
2007-12-26,78.379997,78.739998,77.209999,78.519997,63.704067,568000
2007-12-27,78.120003,78.290001,77.169998,77.169998,62.608852,862200
2007-12-28,78.050003,78.279999,76.489998,76.720001,62.243740,788000
2007-12-31,76.379997,77.570000,75.790001,76.580002,62.130165,957900
2008-01-02,76.449997,76.860001,73.930000,74.059998,60.085659,1665200
2008-01-03,74.209999,77.129997,74.199997,76.059998,61.708290,2661000
2008-01-04,75.580002,76.000000,73.160004,73.160004,59.355476,2268700
2008-01-07,73.769997,74.650002,72.070000,73.629997,59.736797,1754700
2008-01-08,74.139999,74.889999,71.040001,71.150002,57.724754,2279700
2008-01-09,71.440002,73.279999,70.410004,72.989998,59.217564,3815200
2008-01-10,72.059998,76.199997,71.900002,74.599998,60.523769,2984500
2008-01-11,73.510002,75.440002,72.800003,74.150002,60.158688,1836900
2008-01-14,73.480003,74.720001,73.239998,74.000000,60.036980,2221400
2008-01-15,72.699997,72.699997,69.519997,69.779999,56.613255,3033200
2008-01-16,69.110001,74.800003,69.099998,72.529999,58.844353,3919600
2008-01-17,73.089996,74.489998,71.019997,71.500000,58.008698,3181300
2008-01-18,71.480003,73.290001,68.279999,69.209999,56.150803,3014700
2008-01-22,68.050003,71.449997,66.129997,69.989998,56.783619,3628500
2008-01-23,68.160004,72.849998,66.309998,71.220001,57.781517,3388800
2008-01-24,71.449997,71.510002,69.389999,70.230003,56.978359,3868600
2008-01-25,71.070000,71.870003,68.680000,69.440002,56.337402,2259500
2008-01-28,69.680000,71.029999,68.680000,70.529999,57.221722,3024700
2008-01-29,70.760002,71.860001,69.470001,71.769997,58.227764,1787400
2008-01-30,71.930000,74.309998,70.800003,72.279999,58.641518,2831700
2008-01-31,71.279999,74.050003,70.190002,73.360001,59.517746,3029100
2008-02-01,73.879997,74.669998,72.199997,73.800003,59.874725,2643600
2008-02-04,73.589996,73.589996,72.160004,72.540001,58.852467,1209400
2008-02-05,70.970001,72.239998,69.570000,69.669998,56.524006,1582900
2008-02-06,71.120003,71.199997,69.019997,69.800003,56.629475,2040300
2008-02-07,69.680000,72.879997,69.160004,72.220001,58.592857,2074800
2008-02-08,71.480003,71.910004,69.639999,70.529999,57.221722,1703100
2008-02-11,70.419998,71.160004,69.430000,70.589996,57.270382,1073300
2008-02-12,70.820000,72.769997,70.519997,72.040001,58.446796,1920400
2008-02-13,72.750000,72.989998,70.849998,72.980003,59.209427,1867600
2008-02-14,73.300003,74.099998,72.300003,72.750000,59.022842,1787700
2008-02-15,72.800003,72.800003,71.199997,72.660004,58.949825,1484900
2008-02-19,73.860001,74.000000,71.019997,71.230003,57.789654,1986500
2008-02-20,70.720001,73.269997,70.500000,73.029999,59.250000,1983500
2008-02-21,73.440002,73.489998,71.260002,71.400002,57.927574,1417900
2008-02-22,71.000000,71.000000,67.919998,70.269997,57.010784,2921300
2008-02-25,70.089996,72.650002,69.550003,72.279999,58.641518,2279400
2008-02-26,71.760002,72.680000,71.029999,71.599998,58.089817,1659800
2008-02-27,71.309998,72.379997,70.349998,71.349998,57.887001,1384300
2008-02-28,70.980003,71.330002,69.550003,69.809998,56.637573,1147800
2008-02-29,69.199997,69.220001,67.290001,67.629997,54.868942,2010000
2008-03-03,67.639999,69.300003,65.709999,68.470001,55.550434,2805400
2008-03-04,68.639999,69.089996,66.959999,68.860001,55.866837,2485000
2008-03-05,69.169998,70.699997,68.070000,69.010002,55.988541,2076600
2008-03-06,68.709999,68.709999,66.400002,66.440002,54.123066,1820800
2008-03-07,66.239998,68.190002,65.040001,66.910004,54.505936,2182700
2008-03-10,66.570000,67.989998,65.250000,65.300003,53.194416,2111900
2008-03-11,67.040001,70.059998,66.480003,70.040001,57.055691,2162500
2008-03-12,70.180000,71.239998,67.959999,68.120003,55.491611,2233900
2008-03-13,67.610001,69.430000,64.800003,68.800003,56.045574,2471900
2008-03-14,67.970001,69.900002,65.160004,66.080002,53.829800,2432600
2008-03-17,65.010002,67.180000,62.540001,64.830002,52.811546,3951400
2008-03-18,66.709999,70.230003,66.110001,70.230003,57.210457,4029300
2008-03-19,70.010002,70.930000,65.910004,66.360001,54.057899,3305200
2008-03-20,66.800003,69.739998,65.430000,69.599998,56.697247,3050400
2008-03-24,69.699997,71.669998,68.720001,68.959999,56.175880,1892800
2008-03-25,69.070000,70.510002,67.540001,70.019997,57.039410,1811300
2008-03-26,69.739998,69.779999,67.599998,67.680000,55.133194,1447900
2008-03-27,68.099998,68.419998,65.900002,66.760002,54.383747,1950600
2008-03-28,67.500000,67.989998,65.349998,65.529999,53.381779,1421200
2008-03-31,67.129997,67.699997,65.040001,66.470001,54.147514,1995000
2008-04-01,67.160004,71.220001,67.160004,71.190002,57.992500,2547800
2008-04-02,71.220001,72.489998,70.190002,70.779999,57.658489,2049400
2008-04-03,70.120003,72.099998,69.879997,71.660004,58.375359,1592300
2008-04-04,71.669998,71.989998,69.760002,69.900002,56.941639,1513700
2008-04-07,70.529999,72.000000,69.860001,70.269997,57.243046,1661500
2008-04-08,70.190002,70.480003,68.250000,68.849998,56.086285,1658300
2008-04-09,68.910004,69.580002,66.769997,66.849998,54.457062,2743100
2008-04-10,66.800003,67.699997,65.660004,66.769997,54.391895,2812200
2008-04-11,65.599998,68.690002,65.599998,67.220001,54.758472,2249200
2008-04-14,66.889999,67.500000,64.900002,65.000000,52.950027,2454900
2008-04-15,67.980003,68.290001,65.610001,68.040001,55.426445,4036200
2008-04-16,69.860001,72.279999,69.500000,72.279999,58.880432,3204700
2008-04-17,72.529999,73.610001,71.260002,73.150002,59.589142,2872900
2008-04-18,74.730003,74.970001,72.570000,72.910004,59.393627,2367300
2008-04-21,72.599998,74.150002,72.320000,74.099998,60.363037,2075400
2008-04-22,73.440002,74.220001,72.300003,73.430000,59.817230,2113200
2008-04-23,73.430000,75.430000,72.779999,75.080002,61.161346,3465600
2008-04-24,74.989998,76.110001,74.419998,74.910004,61.022869,2528500
2008-04-25,75.290001,76.980003,75.089996,76.699997,62.481010,1726000
2008-04-28,74.449997,75.660004,73.860001,74.949997,61.055439,1841200
2008-04-29,75.199997,75.580002,73.879997,74.599998,60.770336,1558500
2008-04-30,74.449997,75.910004,73.930000,74.110001,60.371170,2043500
2008-05-01,75.029999,77.500000,73.820000,77.160004,62.855751,1666100
2008-05-02,77.470001,78.000000,75.400002,75.919998,61.845654,1908000
2008-05-05,75.500000,76.510002,75.040001,76.070000,61.967827,1276800
2008-05-06,75.570000,77.129997,75.000000,76.650002,62.440285,1428800
2008-05-07,76.849998,77.000000,73.809998,73.820000,60.134922,1222100
2008-05-08,74.500000,75.169998,73.459999,74.260002,60.493366,1333700
2008-05-09,73.059998,73.959999,72.550003,72.949997,59.426220,1322900
2008-05-12,73.459999,76.000000,73.279999,75.839996,61.780441,1003700
2008-05-13,75.760002,76.239998,75.070000,75.449997,61.462738,1876700
2008-05-14,76.500000,76.989998,75.449997,76.059998,61.959663,1739800
2008-05-15,75.800003,77.580002,75.540001,77.580002,63.197884,1612800
2008-05-16,77.309998,77.489998,75.330002,76.059998,61.959663,1630800
2008-05-19,76.419998,77.000000,75.260002,75.430000,61.446468,1425200
2008-05-20,74.610001,75.080002,74.120003,74.660004,60.819218,1637300
2008-05-21,74.989998,75.440002,73.459999,73.570000,59.931290,1575400
2008-05-22,73.489998,75.239998,73.250000,75.010002,61.104328,1796100
2008-05-23,75.099998,75.449997,74.099998,74.709999,60.859936,2281800
2008-05-27,74.540001,76.199997,74.290001,75.190002,61.250950,1880500
2008-05-28,75.690002,75.750000,74.349998,75.320000,61.356861,1617400
2008-05-29,75.330002,76.930000,74.919998,76.290001,62.147026,1417600
2008-05-30,75.959999,76.389999,75.269997,76.000000,61.910782,1322100
2008-06-02,75.959999,75.959999,73.059998,74.540001,60.721443,1619600
2008-06-03,75.150002,75.419998,72.959999,74.040001,60.314148,2010500
2008-06-04,73.809998,73.989998,71.419998,71.970001,58.627884,3017100
2008-06-05,71.970001,74.470001,71.739998,74.279999,60.509655,1941000
2008-06-06,72.980003,74.570000,71.360001,71.370003,58.359127,1796500
2008-06-09,72.120003,72.269997,69.199997,70.040001,57.271568,1788900
2008-06-10,69.309998,72.120003,69.300003,70.790001,57.884842,1533800
2008-06-11,70.639999,71.209999,68.980003,68.980003,56.404812,1837400
2008-06-12,69.849998,71.760002,69.480003,70.410004,57.574127,1456200
2008-06-13,69.750000,71.309998,68.919998,70.910004,57.982971,2606800
2008-06-16,70.540001,72.010002,69.769997,71.349998,58.342754,1857200
2008-06-17,71.790001,72.400002,70.589996,70.629997,57.754025,1984400
2008-06-18,70.389999,72.650002,69.449997,71.540001,58.498131,2409300
2008-06-19,71.790001,74.010002,70.570000,73.809998,60.354294,3095400
2008-06-20,71.730003,74.940002,71.300003,72.690002,59.438469,4270100
2008-06-23,73.220001,73.220001,70.620003,70.790001,57.884842,2236700
2008-06-24,70.669998,71.830002,69.449997,70.949997,58.015671,3016600
2008-06-25,70.970001,72.669998,70.529999,70.860001,57.942089,2081500
2008-06-26,69.739998,70.680000,68.919998,69.589996,56.903603,1812600
2008-06-27,69.989998,71.029999,68.070000,68.980003,56.404812,2432400
2008-06-30,68.519997,69.629997,67.839996,68.570000,56.069546,1563400
2008-07-01,67.970001,70.260002,66.989998,70.230003,57.426937,3194800
2008-07-02,70.989998,71.309998,68.279999,68.529999,56.036861,2313900
2008-07-03,69.050003,69.540001,67.120003,67.989998,55.595299,1174600
2008-07-07,67.820000,69.070000,64.980003,66.290001,54.205212,2442000
2008-07-08,66.430000,71.040001,65.680000,70.940002,58.007515,3386500
2008-07-09,71.320000,71.940002,67.480003,68.029999,55.628002,2687700
2008-07-10,68.099998,70.150002,67.070000,69.370003,56.723717,2966000
2008-07-11,68.400002,71.300003,67.349998,69.739998,57.026257,3125500
2008-07-14,71.449997,71.500000,66.309998,66.440002,54.327858,2731100
2008-07-15,67.129997,71.449997,65.010002,67.190002,54.941128,5287300
2008-07-16,70.500000,76.300003,70.440002,76.000000,62.145069,6129800
2008-07-17,76.580002,79.220001,72.029999,78.480003,64.172958,5560200
2008-07-18,77.820000,78.309998,75.959999,78.129997,63.886745,3890600
2008-07-21,77.279999,79.260002,76.209999,77.080002,63.028156,2638200
2008-07-22,77.099998,80.610001,75.260002,80.589996,65.898285,4362000
2008-07-23,80.680000,81.449997,76.800003,78.680000,64.336502,4500700
2008-07-24,78.760002,79.050003,74.910004,75.470001,61.711678,3244800
2008-07-25,76.199997,77.440002,74.889999,77.070000,63.019997,2665600
2008-07-28,76.989998,77.940002,74.180000,74.339996,60.787663,2445700
2008-07-29,74.500000,78.330002,73.500000,78.260002,63.993057,3848000
2008-07-30,78.839996,79.949997,77.379997,78.629997,64.295593,3076600
2008-07-31,77.769997,79.239998,77.209999,78.169998,63.919464,2528500
2008-08-01,78.830002,79.150002,76.419998,78.480003,64.172958,2428700
2008-08-04,78.449997,79.529999,77.000000,78.129997,63.886745,2105300
2008-08-05,79.470001,80.849998,78.889999,80.809998,66.078186,2643200
2008-08-06,79.940002,81.629997,79.480003,81.029999,66.258064,2778000
2008-08-07,80.480003,81.330002,76.849998,77.480003,63.355263,2968000
2008-08-08,77.290001,79.959999,76.309998,79.339996,64.876137,2152400
2008-08-11,79.279999,81.980003,78.519997,81.110001,66.323479,2732400
2008-08-12,80.000000,80.440002,77.989998,78.620003,64.287445,2519900
2008-08-13,78.370003,78.370003,75.000000,76.349998,62.431236,2723500
2008-08-14,75.750000,78.879997,75.620003,78.669998,64.328308,1957100
2008-08-15,78.879997,79.919998,78.010002,79.300003,64.843452,2375900
2008-08-18,79.410004,79.410004,76.550003,76.790001,62.791046,2254800
2008-08-19,76.320000,76.480003,75.129997,75.540001,61.768925,2198700
2008-08-20,76.120003,78.250000,74.410004,78.190002,63.935806,2265500
2008-08-21,77.529999,77.830002,76.510002,77.209999,63.134464,1620100
2008-08-22,78.290001,79.410004,76.769997,79.360001,64.892517,1752600
2008-08-25,78.709999,78.709999,76.500000,76.739998,62.750145,1376500
2008-08-26,76.769997,77.650002,76.160004,77.339996,63.240788,1370800
2008-08-27,77.349998,79.400002,76.949997,78.809998,64.442802,1119800
2008-08-28,79.940002,81.599998,79.169998,81.599998,66.724144,1618900
2008-08-29,81.260002,81.599998,79.989998,80.389999,65.734741,1502000
2008-09-02,81.790001,82.000000,79.169998,80.370003,65.718399,1866200
2008-09-03,81.169998,82.480003,79.830002,81.820000,66.904083,2642500
2008-09-04,80.360001,80.610001,77.410004,77.410004,63.298016,2804300
2008-09-05,77.000000,80.639999,76.419998,80.629997,65.930992,2332100
2008-09-08,82.610001,84.139999,80.900002,84.129997,69.032646,5146200
2008-09-09,84.000000,84.290001,82.279999,82.400002,67.613106,4768800
2008-09-10,82.260002,85.370003,81.169998,83.699997,68.679817,3716600
2008-09-11,82.379997,87.239998,81.070000,87.199997,71.551743,4791900
2008-09-12,86.860001,88.070000,85.510002,87.089996,71.461472,3364700
2008-09-15,85.889999,88.919998,84.000000,84.089996,68.999817,4918100
2008-09-16,83.260002,83.489998,76.010002,80.339996,65.922775,8846400
2008-09-17,79.099998,79.739998,70.099998,70.720001,58.029121,8634000
2008-09-18,74.330002,77.000000,47.889999,75.449997,61.910297,16772600
2008-09-19,81.059998,85.470001,76.550003,76.550003,62.812912,107300
2008-09-22,72.309998,75.000000,69.019997,71.000000,58.258842,3247500
2008-09-23,74.519997,75.000000,69.029999,69.029999,56.642403,2319200
2008-09-24,69.110001,75.309998,68.550003,73.199997,60.064075,2979800
2008-09-25,74.000000,77.059998,71.000000,74.489998,61.122581,2572000
2008-09-26,74.489998,79.900002,71.010002,79.900002,65.561760,2337000
2008-09-29,78.989998,79.379997,64.870003,64.870003,53.228916,3259700
2008-09-30,70.269997,75.669998,63.830002,72.199997,59.243538,2632100
2008-10-01,71.989998,74.339996,69.809998,71.540001,58.701962,2044600
2008-10-02,71.290001,72.199997,64.809998,64.809998,53.179672,1939500
2008-10-03,66.489998,70.779999,64.029999,64.029999,52.539658,2077700
2008-10-06,61.970001,61.990002,52.549999,60.680000,49.790825,5133600
2008-10-07,60.139999,61.250000,54.900002,55.430000,45.482944,4057400
2008-10-08,54.110001,63.419998,52.549999,56.799999,46.607094,3418400
2008-10-09,58.250000,61.599998,50.919998,50.919998,41.782272,3709800
2008-10-10,50.490002,57.900002,49.000000,56.570000,46.418369,5377300
2008-10-13,61.209999,66.940002,58.750000,63.009998,51.702698,3012000
2008-10-14,65.629997,66.690002,61.160000,63.770000,52.326305,4503300
2008-10-15,60.009998,61.400002,54.930000,54.930000,45.072670,2679000
2008-10-16,55.209999,58.709999,52.509998,58.259998,47.805103,3280800
2008-10-17,55.389999,59.470001,55.389999,56.279999,46.180401,2444600
2008-10-20,57.950001,58.759998,54.910000,58.410000,47.928177,1812900
2008-10-21,57.680000,59.880001,57.169998,58.189999,47.747654,2453900
2008-10-22,56.680000,57.810001,49.520000,51.130001,41.954597,3057900
2008-10-23,51.889999,54.660000,46.889999,50.610001,41.527912,3505800
2008-10-24,47.980000,50.810001,46.830002,49.540001,40.649918,2586600
2008-10-27,48.840000,52.279999,47.240002,49.680000,40.764809,2496000
2008-10-28,51.209999,55.240002,47.639999,54.970001,45.105495,3000700
2008-10-29,54.299999,58.360001,53.919998,55.110001,45.220379,2499800
2008-10-30,55.810001,57.630001,54.619999,55.549999,45.581409,2325300
2008-10-31,55.009998,57.900002,54.820000,56.310001,46.205032,2448300
2008-11-03,55.790001,56.240002,52.849998,53.340000,43.767994,2241700
2008-11-04,53.020000,57.340000,53.020000,57.330002,47.041985,3573300
2008-11-05,55.869999,56.799999,52.070000,52.279999,42.898228,2080000
2008-11-06,52.020000,53.480000,49.759998,49.860001,40.912498,1902800
2008-11-07,50.020000,51.630001,49.160000,51.500000,42.258205,1905900
2008-11-10,51.820000,53.119999,49.720001,50.529999,41.462257,1277000
2008-11-11,49.590000,50.669998,46.119999,46.509998,38.163662,2883600
2008-11-12,46.000000,47.410000,44.709999,45.340000,37.203629,2790200
2008-11-13,45.630001,50.299999,43.020000,49.799999,40.863266,3415700
2008-11-14,48.400002,48.950001,44.509998,44.919998,36.858994,2743000
2008-11-17,44.610001,45.090000,42.000000,42.160000,34.594284,2698200
2008-11-18,40.720001,43.669998,40.599998,43.570000,35.751244,3533800
2008-11-19,43.139999,44.119999,38.650002,38.650002,31.714163,2743100
2008-11-20,38.509998,39.180000,33.970001,34.490002,28.300688,3609200
2008-11-21,35.040001,38.169998,33.880001,37.939999,31.131578,4200500
2008-11-24,39.160000,44.070000,37.990002,43.889999,36.013836,4563400
2008-11-25,44.730000,45.000000,38.680000,41.560001,34.101959,3654700
2008-11-26,41.000000,44.430000,40.560001,44.410000,36.440510,2382400
2008-11-28,44.369999,46.110001,43.790001,45.889999,37.654922,1666500
2008-12-01,44.099998,44.709999,39.389999,39.400002,32.329578,2980200
2008-12-02,40.910000,42.830002,39.090000,42.619999,34.971741,2869900
2008-12-03,41.380001,45.610001,40.910000,45.549999,37.375931,3088900
2008-12-04,44.919998,48.939999,43.310001,46.169998,37.884670,3506800
2008-12-05,45.299999,50.580002,43.730000,50.580002,41.503288,2723300
2008-12-08,52.740002,52.980000,50.119999,52.860001,43.615593,3049600
2008-12-09,52.389999,52.790001,48.750000,50.110001,41.346516,3180000
2008-12-10,50.459999,51.349998,48.340000,50.270000,41.478535,2213700
2008-12-11,49.509998,50.700001,45.470001,45.630001,37.650005,2375100
2008-12-12,44.380001,46.700001,44.330002,45.790001,37.782032,2478800
2008-12-15,45.150002,46.689999,44.560001,45.220001,37.311707,1623800
2008-12-16,45.290001,51.000000,45.290001,51.000000,42.080879,2770800
2008-12-17,50.990002,51.490002,49.270000,50.529999,41.693069,1966300
2008-12-18,51.939999,52.130001,48.930000,49.360001,40.727680,2073300
2008-12-19,49.840000,53.990002,49.500000,51.570000,42.551193,3643600
2008-12-22,51.689999,53.049999,49.490002,49.970001,41.231007,2140200
2008-12-23,50.680000,50.720001,48.590000,49.419998,40.777187,1103400
2008-12-24,48.730000,49.660000,48.439999,49.580002,40.909210,353900
2008-12-26,49.990002,49.990002,48.779999,49.270000,40.653427,538400
2008-12-29,49.040001,49.040001,47.000000,47.810001,39.448753,1034700
2008-12-30,48.220001,50.380001,47.650002,50.330002,41.528049,1191900
2008-12-31,50.520000,52.200001,49.529999,52.139999,43.021503,1835400
2009-01-02,52.000000,53.310001,49.830002,53.220001,43.912632,2308300
2009-01-05,52.799999,53.230000,51.160000,52.700001,43.483574,2151700
2009-01-06,53.189999,54.500000,52.900002,54.169998,44.696487,2276800
2009-01-07,54.410000,55.290001,52.049999,52.259998,43.120529,2983800
2009-01-08,52.049999,53.299999,51.270000,52.369999,43.211281,2293900
2009-01-09,52.490002,52.869999,50.139999,50.160000,41.387775,1572400
2009-01-12,50.119999,50.660000,48.240002,48.490002,40.009830,1848100
2009-01-13,48.150002,49.110001,46.830002,48.250000,39.811798,2434600
2009-01-14,46.880001,47.840000,45.740002,47.240002,38.978439,2610800
2009-01-15,47.349998,49.869999,45.330002,48.279999,39.836563,3521500
2009-01-16,49.720001,51.360001,47.869999,51.080002,42.146877,4801500
2009-01-20,44.509998,50.200001,43.320000,43.930000,36.247307,12022600
2009-01-21,50.090000,57.740002,49.049999,57.509998,47.452374,10788300
2009-01-22,56.400002,58.369999,52.169998,54.480000,44.952278,5632600
2009-01-23,53.000000,57.419998,52.500000,56.549999,46.660275,3170700
2009-01-26,55.639999,57.689999,54.139999,55.209999,45.554600,3105100
2009-01-27,56.529999,57.299999,54.549999,56.119999,46.305462,3265300
2009-01-28,58.240002,61.330002,57.540001,61.220001,50.513554,4883800
2009-01-29,59.980000,60.889999,56.529999,56.830002,46.891296,3299200
2009-01-30,57.689999,59.830002,56.590000,57.520000,47.460625,3595200
2009-02-02,56.790001,60.900002,56.220001,60.340000,49.787437,3903600
2009-02-03,60.169998,61.619999,57.549999,58.939999,48.632286,4544700
2009-02-04,59.480000,60.770000,58.060001,58.450001,48.227978,3436000
2009-02-05,57.590000,62.160000,56.599998,60.340000,49.787437,4676900
2009-02-06,59.189999,61.799999,59.189999,61.619999,50.843597,3664000
2009-02-09,61.779999,63.080002,61.020000,62.320000,51.421177,2032100
2009-02-10,61.400002,62.320000,57.709999,57.970001,47.831924,3775300
2009-02-11,58.180000,61.500000,57.849998,61.009998,50.340275,3288000
2009-02-12,60.389999,60.389999,57.200001,60.029999,49.531673,4108900
2009-02-13,58.900002,59.919998,57.580002,57.590000,47.518387,2163100
2009-02-17,56.340000,56.869999,54.119999,55.389999,45.703125,3647400
2009-02-18,56.450001,57.570000,54.900002,57.020000,47.048069,3175700
2009-02-19,58.330002,58.580002,55.070000,55.070000,45.439095,3424800
2009-02-20,54.049999,57.720001,53.250000,56.490002,46.610764,5195400
2009-02-23,57.810001,58.160000,54.599998,54.680000,45.117298,2685300
2009-02-24,55.570000,60.799999,55.070000,60.790001,50.158760,4905800
2009-02-25,59.639999,59.990002,56.139999,58.139999,47.972198,4659000
2009-02-26,59.580002,60.029999,56.000000,56.840000,46.899548,4129500
2009-02-27,55.580002,57.730000,55.020000,55.549999,45.835136,3584500
2009-03-02,54.020000,56.209999,53.790001,54.320000,44.820259,3186300
2009-03-03,54.869999,56.240002,53.590000,54.310001,44.812004,4210600
2009-03-04,55.110001,55.730000,50.950001,53.070000,43.788857,5655800
2009-03-05,51.860001,52.889999,48.049999,48.639999,40.133602,6760500
2009-03-06,48.900002,50.250000,45.779999,47.380001,39.320309,5008200
2009-03-09,47.480000,49.430000,45.779999,47.880001,39.735256,3794500
2009-03-10,49.230000,53.759998,48.779999,53.759998,44.615025,5567900
2009-03-11,53.970001,56.029999,52.049999,55.060001,45.693890,3931100
2009-03-12,54.310001,59.450001,53.720001,59.040001,48.996845,4546300
2009-03-13,59.700001,59.700001,55.650002,58.730000,48.739582,4294500
2009-03-16,59.610001,59.919998,55.320000,55.500000,46.059025,3811800
2009-03-17,55.880001,60.119999,55.529999,59.970001,49.768654,4015700
2009-03-18,58.549999,62.049999,57.799999,61.770000,51.262459,5535700
2009-03-19,61.090000,62.639999,56.549999,56.580002,46.955315,4886200
2009-03-20,57.180000,59.860001,56.490002,57.810001,47.976089,6269600
2009-03-23,59.119999,64.860001,58.560001,64.599998,53.611057,4679600
2009-03-24,64.220001,65.639999,60.919998,60.930000,50.565350,4827500
2009-03-25,61.310001,64.760002,60.560001,64.570000,53.586147,4438000
2009-03-26,64.980003,64.989998,61.130001,62.490002,51.859985,4714200
2009-03-27,61.490002,62.360001,58.630001,58.770000,48.772789,3843600
2009-03-30,57.520000,59.880001,56.230000,56.990002,47.295567,4111200
2009-03-31,57.919998,60.590000,57.919998,59.820000,49.644173,3894600
2009-04-01,58.900002,63.590000,58.700001,62.959999,52.250034,4418900
2009-04-02,63.299999,63.369999,58.270000,59.570000,49.436695,7460300
2009-04-03,60.840000,61.599998,58.599998,61.380001,50.938793,3249800
2009-04-06,60.360001,60.950001,58.639999,59.410000,49.303921,2516800
2009-04-07,57.910000,58.830002,56.660000,56.990002,47.295567,2855300
2009-04-08,57.270000,58.930000,57.099998,58.299999,48.382736,3364000
2009-04-09,60.500000,64.250000,60.020000,64.120003,53.212711,4612100
2009-04-13,63.139999,66.080002,62.209999,65.540001,54.391159,3607400
2009-04-14,64.260002,64.760002,61.060001,61.139999,50.739620,3522300
2009-04-15,60.590000,64.930000,60.020000,64.529999,53.552967,2647300
2009-04-16,63.810001,64.620003,61.529999,63.759998,52.913948,3384400
2009-04-17,63.840000,64.250000,61.759998,63.060001,52.333019,3974100
2009-04-20,61.880001,62.340000,58.009998,58.150002,48.258247,3833000
2009-04-21,51.790001,56.230000,49.779999,56.169998,46.615063,13974000
2009-04-22,54.549999,57.349998,52.849998,53.700001,44.565228,6495600
2009-04-23,54.040001,57.430000,54.000000,56.959999,47.270672,5129300
2009-04-24,56.299999,56.470001,54.400002,55.570000,46.117130,5876600
2009-04-27,54.990002,56.340000,54.259998,55.009998,45.652374,3565100
2009-04-28,51.630001,54.459999,51.500000,53.169998,44.125381,16490300
2009-04-29,54.000000,55.099998,53.330002,55.000000,45.644089,5712900
2009-04-30,57.029999,57.410000,53.689999,54.360001,45.112965,4077800
2009-05-01,54.070000,54.360001,52.180000,52.779999,43.801735,3362100
2009-05-04,53.029999,56.299999,52.709999,55.639999,46.175217,5402200
2009-05-05,54.189999,54.599998,53.000000,53.540001,44.432453,4294300
2009-05-06,54.820000,55.970001,53.430000,55.410000,45.984337,5324400
2009-05-07,56.730000,56.730000,51.529999,52.349998,43.444878,7280400
2009-05-08,53.139999,55.299999,51.529999,55.290001,45.884762,6666400
2009-05-11,53.840000,54.180000,52.639999,52.709999,43.743629,4552700
2009-05-12,52.880001,54.930000,52.049999,53.509998,44.407555,4677500
2009-05-13,52.540001,53.730000,52.009998,52.400002,43.486362,4918500
2009-05-14,53.119999,55.160000,52.759998,55.000000,45.644089,4605000
2009-05-15,54.619999,55.000000,53.360001,53.549999,44.440746,3024600
2009-05-18,54.549999,54.939999,52.740002,54.889999,45.552799,5375500
2009-05-19,54.110001,54.849998,52.139999,52.389999,43.478081,4718800
2009-05-20,53.049999,54.090000,50.660000,50.910000,42.249825,4534200
2009-05-21,50.509998,51.750000,50.400002,51.500000,42.739456,3480300
2009-05-22,51.540001,52.599998,50.910000,52.000000,43.154415,2993900
2009-05-26,51.099998,54.919998,51.099998,54.919998,45.577694,3320700
2009-05-27,54.820000,54.849998,53.299999,53.419998,44.332859,3559800
2009-05-28,53.599998,55.750000,53.060001,55.470001,46.034126,3470400
2009-05-29,55.270000,57.650002,54.459999,57.650002,47.843307,3639900
2009-06-01,57.750000,58.279999,55.790001,56.529999,46.913822,3760600
2009-06-02,56.389999,57.279999,55.349998,55.730000,46.249912,3143700
2009-06-03,55.680000,55.849998,54.619999,55.279999,45.876453,2759800
2009-06-04,55.259998,57.169998,55.180000,57.160000,47.436661,2934400
2009-06-05,57.580002,57.939999,54.860001,55.590000,46.133732,2538000
2009-06-08,54.430000,56.180000,54.430000,55.380001,46.192116,2451700
2009-06-09,55.389999,57.080002,55.389999,56.360001,47.009518,2495700
2009-06-10,56.549999,56.759998,54.290001,54.990002,45.866821,1995100
2009-06-11,55.200001,56.720001,54.939999,55.349998,46.167084,2028900
2009-06-12,55.090000,55.490002,54.439999,55.189999,46.033634,1522200
2009-06-15,54.500000,55.490002,53.990002,54.180000,45.191193,2223400
2009-06-16,54.459999,54.490002,52.700001,52.730000,43.981766,3282300
2009-06-17,52.580002,52.830002,51.139999,51.150002,42.663902,3473200
2009-06-18,51.570000,52.939999,51.279999,52.500000,43.789925,2619800
2009-06-19,53.290001,54.349998,52.009998,54.290001,45.282951,3746500
2009-06-22,53.540001,54.119999,51.709999,51.880001,43.272781,3447000
2009-06-23,52.439999,52.680000,51.389999,51.869999,43.264446,2716500
2009-06-24,52.660000,53.380001,52.180000,52.790001,44.031815,2248500
2009-06-25,52.040001,53.869999,51.950001,53.869999,44.932625,2094700
2009-06-26,53.400002,53.869999,52.750000,53.000000,44.206974,4167900
2009-06-29,53.299999,54.020000,52.790001,54.009998,45.049393,2240000
2009-06-30,53.919998,54.700001,53.369999,53.680000,44.774155,2738900
2009-07-01,54.509998,54.650002,52.750000,53.480000,44.607338,2615800
2009-07-02,53.009998,53.740002,52.619999,52.759998,44.006786,2646200
2009-07-06,52.040001,54.299999,52.009998,54.150002,45.166164,2841200
2009-07-07,54.240002,54.439999,53.500000,53.500000,44.624008,2648600
2009-07-08,53.669998,54.470001,53.240002,54.240002,45.241253,4986800
2009-07-09,54.310001,56.070000,54.310001,55.380001,46.192116,2827500
2009-07-10,54.939999,55.360001,53.990002,54.310001,45.299641,1915400
2009-07-13,54.630001,56.869999,54.330002,56.770000,47.351498,3845400
2009-07-14,57.480000,57.490002,56.610001,57.049999,47.585052,2460300
2009-07-15,57.490002,59.090000,56.910000,58.599998,48.877888,2855600
2009-07-16,58.299999,58.790001,57.549999,58.450001,48.752785,1912100
2009-07-17,58.270000,58.410000,57.400002,57.730000,48.152233,1798500
2009-07-20,58.070000,58.310001,57.360001,57.910000,48.302364,2035400
2009-07-21,57.869999,57.900002,56.250000,57.540001,47.993755,2947200
2009-07-22,57.110001,58.910000,56.970001,57.939999,48.327385,3061100
2009-07-23,58.020000,59.310001,57.099998,58.860001,49.094761,3549100
2009-07-24,58.669998,58.669998,57.020000,57.700001,48.127213,2144800
2009-07-27,57.500000,58.340000,57.340000,58.150002,48.502556,1539100
2009-07-28,57.360001,58.349998,56.820000,57.830002,48.235649,1784200
2009-07-29,58.200001,58.849998,57.270000,58.540001,48.827843,1635900
2009-07-30,59.560001,60.540001,58.400002,60.040001,50.078979,1913800
2009-07-31,59.970001,60.299999,59.259998,59.810001,49.887154,1653500
2009-08-03,60.060001,60.709999,59.740002,60.360001,50.345901,2375100
2009-08-04,60.049999,61.189999,59.830002,61.189999,51.038200,2422200
2009-08-05,61.270000,61.790001,60.799999,61.349998,51.171650,2334800
2009-08-06,61.709999,61.790001,60.200001,60.820000,50.729584,3040600
2009-08-07,60.840000,62.349998,60.840000,61.700001,51.463589,1702600
2009-08-10,61.700001,61.700001,60.959999,61.389999,51.205017,1271400
2009-08-11,61.049999,61.380001,60.470001,60.820000,50.729584,2008100
2009-08-12,60.750000,61.810001,60.720001,61.049999,50.921432,1690800
2009-08-13,60.990002,61.430000,60.000000,61.000000,50.879715,1640300
2009-08-14,60.540001,61.189999,60.029999,61.169998,51.021526,1365500
2009-08-17,60.099998,60.400002,59.810001,59.900002,49.962219,1785500
2009-08-18,60.070000,60.450001,60.070000,60.380001,50.362579,1148400
2009-08-19,59.630001,60.360001,59.599998,59.919998,49.978905,1281000
2009-08-20,60.320000,61.180000,59.840000,61.110001,50.971466,1498400
2009-08-21,60.630001,61.639999,59.770000,60.349998,50.337551,2402600
2009-08-24,60.130001,60.900002,59.130001,59.299999,49.461750,1747400
2009-08-25,59.480000,60.240002,58.970001,60.110001,50.137383,1662800
2009-08-26,59.709999,60.029999,58.810001,59.860001,49.928852,2111000
2009-08-27,59.580002,60.000000,59.250000,59.790001,49.870457,1328400
2009-08-28,59.970001,59.990002,58.419998,58.540001,48.827843,1438700
2009-08-31,58.240002,58.560001,57.630001,58.459999,48.761112,1847100
2009-09-01,58.200001,58.590000,56.240002,56.340000,46.992840,2751300
2009-09-02,56.020000,57.439999,56.009998,56.810001,47.384865,2060200
2009-09-03,56.919998,57.480000,56.139999,57.389999,47.868637,1691100
2009-09-04,57.459999,58.480000,57.020000,58.380001,48.694389,1604500
2009-09-08,58.020000,58.799999,58.009998,58.740002,49.230789,1318600
2009-09-09,58.270000,58.970001,58.150002,58.820000,49.297821,1348400
2009-09-10,59.009998,59.310001,57.840000,58.840000,49.314587,1685500
2009-09-11,58.990002,59.150002,58.470001,58.580002,49.096691,1651100
2009-09-14,58.230000,59.470001,58.009998,59.310001,49.708515,1007100
2009-09-15,59.139999,59.799999,58.930000,59.220001,49.633076,1810200
2009-09-16,58.959999,60.020000,58.400002,60.000000,50.286808,2996100
2009-09-17,60.049999,60.849998,58.389999,58.790001,49.272690,2943800
2009-09-18,58.849998,59.000000,58.169998,58.730000,49.222412,2949600
2009-09-21,58.520000,58.599998,58.020000,58.320000,48.878780,1523500
2009-09-22,58.650002,58.990002,58.340000,58.849998,49.322987,1357400
2009-09-23,58.810001,60.230000,58.520000,58.660000,49.163742,1806200
2009-09-24,59.209999,59.439999,57.770000,58.160000,48.744678,1772900
2009-09-25,58.080002,58.110001,57.099998,57.610001,48.283722,1620400
2009-09-28,57.980000,58.680000,57.689999,58.680000,49.180496,1331700
2009-09-29,58.709999,59.169998,58.299999,58.450001,48.987728,1524100
2009-09-30,58.419998,58.939999,57.700001,58.160000,48.744678,1878300
2009-10-01,58.060001,58.160000,56.930000,57.090000,47.847893,2047800
2009-10-02,56.799999,57.750000,56.400002,56.480000,47.336647,1660300
2009-10-05,56.959999,57.680000,56.500000,57.520000,48.208282,1563400
2009-10-06,57.740002,58.500000,57.090000,57.849998,48.484863,1299400
2009-10-07,57.580002,58.470001,57.160000,58.200001,48.778206,1480500
2009-10-08,58.689999,59.610001,58.310001,59.509998,49.876137,1962500
2009-10-09,59.689999,60.459999,59.200001,60.450001,50.663967,1680600
2009-10-12,60.470001,60.840000,59.990002,60.270000,50.513100,1152700
2009-10-13,59.810001,60.389999,58.840000,59.139999,49.566029,2196600
2009-10-14,59.990002,60.090000,58.700001,59.169998,49.591183,3011700
2009-10-15,59.040001,59.900002,58.650002,59.900002,50.203011,2507400
2009-10-16,59.270000,59.730000,57.970001,58.250000,48.820107,2135600
2009-10-19,58.000000,58.820000,58.000000,58.279999,48.845253,1475500
2009-10-20,58.119999,58.419998,56.959999,57.450001,48.149620,2662100
2009-10-21,54.650002,55.220001,52.689999,54.160000,45.392223,8555500
2009-10-22,53.910000,54.230000,52.400002,53.900002,45.174316,5461700
2009-10-23,53.820000,53.869999,52.900002,53.139999,44.537354,2195700
2009-10-26,53.189999,53.580002,51.639999,51.939999,43.531612,3117100
2009-10-27,51.759998,52.549999,51.590000,51.619999,43.263412,2704500
2009-10-28,51.529999,51.720001,49.959999,49.980000,41.888912,2364900
2009-10-29,50.590000,51.459999,50.500000,51.310001,43.003593,2664800
2009-10-30,51.000000,51.090000,49.709999,50.250000,42.115204,3931700
2009-11-02,50.480000,51.369999,49.930000,50.669998,42.467209,3325000
2009-11-03,50.049999,50.599998,49.330002,49.639999,41.603951,2668300
2009-11-04,49.930000,50.490002,49.619999,49.790001,41.729679,3221100
2009-11-05,50.060001,50.549999,49.459999,50.419998,42.257687,2378700
2009-11-06,50.080002,50.529999,49.349998,49.730000,41.679375,2638400
2009-11-09,50.110001,50.980000,49.849998,50.980000,42.727020,2163400
2009-11-10,50.500000,51.130001,50.360001,50.950001,42.701885,1962000
2009-11-11,51.230000,52.160000,51.230000,51.639999,43.280163,1999100
2009-11-12,51.349998,51.459999,49.029999,49.180000,41.218418,3810900
2009-11-13,49.180000,49.360001,47.900002,48.040001,40.262962,4201600
2009-11-16,48.169998,48.950001,47.709999,47.910000,40.154015,3891200
2009-11-17,48.209999,48.689999,47.759998,48.590000,40.723930,3007800
2009-11-18,48.580002,48.730000,48.070000,48.680000,40.799366,2581800
2009-11-19,48.369999,48.509998,47.349998,47.669998,39.952858,2268500
2009-11-20,47.680000,47.680000,47.020000,47.240002,39.592480,2901800
2009-11-23,47.759998,48.490002,47.590000,48.160000,40.363544,1928200
2009-11-24,48.020000,48.180000,47.529999,48.070000,40.288116,1937800
2009-11-25,48.180000,48.500000,47.880001,48.209999,40.405457,1926800
2009-11-27,47.009998,48.459999,46.720001,47.689999,39.969631,1512500
2009-11-30,47.740002,49.509998,47.619999,49.490002,41.478241,2982500
2009-12-01,49.639999,49.709999,48.889999,49.380001,41.386044,2554500
2009-12-02,49.500000,50.299999,49.380001,50.020000,41.922428,1854100
2009-12-03,50.320000,50.320000,48.759998,48.759998,40.866409,4106800
2009-12-04,49.509998,49.740002,48.180000,48.689999,40.807735,3130300
2009-12-07,48.380001,48.509998,47.849998,48.070000,40.288116,2264400
2009-12-08,47.650002,48.080002,47.200001,47.299999,39.875034,2732500
2009-12-09,47.279999,47.590000,46.889999,47.490002,40.035198,1957300
2009-12-10,47.660000,48.049999,47.520000,47.660000,40.178520,2661700
2009-12-11,47.919998,48.130001,47.360001,48.119999,40.566296,2499200
2009-12-14,48.240002,48.540001,47.810001,48.529999,40.911957,3074600
2009-12-15,48.020000,48.680000,48.020000,48.389999,40.793922,2098500
2009-12-16,48.689999,48.990002,48.169998,48.970001,41.282887,2593800
2009-12-17,48.740002,49.080002,48.369999,48.860001,41.190147,2686900
2009-12-18,49.430000,50.070000,49.250000,50.070000,42.210209,3895000
2009-12-21,50.139999,50.680000,49.939999,50.630001,42.682301,1607500
2009-12-22,50.750000,51.360001,50.580002,51.279999,43.230259,2112000
2009-12-23,51.439999,52.090000,51.299999,51.889999,43.744514,1547400
2009-12-24,51.950001,52.330002,51.770000,52.200001,44.005852,585200
2009-12-28,52.380001,52.580002,51.950001,52.340000,44.123875,1173300
2009-12-29,52.509998,52.660000,52.240002,52.270000,44.064854,1138900
2009-12-30,51.990002,52.660000,51.790001,52.610001,44.351486,934800
2009-12-31,52.840000,52.889999,52.400002,52.400002,44.174461,1267200
2010-01-04,52.090000,52.750000,52.090000,52.529999,44.284050,1967200
2010-01-05,52.000000,52.740002,52.000000,52.459999,44.225033,2126100
2010-01-06,52.330002,52.599998,51.630001,51.700001,43.584343,2241300
2010-01-07,51.540001,52.340000,51.400002,52.189999,43.997421,2001100
2010-01-08,51.950001,52.560001,51.700001,52.419998,44.191319,1367800
2010-01-11,51.619999,52.080002,50.410000,51.040001,43.027943,2925300
2010-01-12,50.840000,51.700001,50.580002,50.950001,42.952068,2018900
2010-01-13,51.130001,51.759998,50.730000,51.549999,43.457878,1517300
2010-01-14,51.380001,51.660000,51.000000,51.299999,43.247124,2012600
2010-01-15,51.279999,51.759998,50.810001,51.549999,43.457878,2052000
2010-01-19,51.549999,52.650002,51.529999,52.430000,44.199741,1897200
2010-01-20,54.169998,56.110001,53.590000,55.439999,46.737244,4863200
2010-01-21,54.509998,55.080002,53.439999,53.509998,45.110207,3039700
2010-01-22,53.410000,54.070000,51.730000,52.070000,43.896259,3157500
2010-01-25,52.720001,52.759998,51.590000,51.990002,43.828812,1214200
2010-01-26,51.660000,52.160000,50.930000,50.930000,42.935211,1298700
2010-01-27,50.990002,52.630001,50.790001,52.490002,44.250332,1890200
2010-01-28,52.919998,52.919998,51.169998,51.590000,43.491608,1615900
2010-01-29,51.759998,51.860001,50.509998,50.520000,42.589573,1933600
2010-02-01,51.619999,52.689999,51.549999,52.169998,43.980553,1764800
2010-02-02,52.320000,52.480000,51.830002,52.119999,43.938408,1212000
2010-02-03,51.900002,52.070000,51.419998,51.610001,43.508457,1114900
2010-02-04,51.169998,51.450001,49.880001,49.889999,42.058449,2133600
2010-02-05,49.880001,50.560001,48.889999,50.540001,42.606438,2548500
2010-02-08,50.730000,51.459999,49.919998,49.990002,42.142769,1780900
2010-02-09,50.400002,50.919998,49.599998,50.080002,42.218632,1869100
2010-02-10,49.990002,50.869999,49.959999,50.560001,42.623291,1773200
2010-02-11,50.470001,50.590000,49.910000,50.340000,42.437820,1227600
2010-02-12,50.000000,50.279999,49.549999,50.009998,42.159626,1789100
2010-02-16,50.220001,50.990002,50.049999,50.990002,42.985794,1325700
2010-02-17,51.320000,51.990002,50.750000,51.840000,43.702354,2045800
2010-02-18,51.779999,52.599998,51.630001,52.470001,44.233459,1499200
2010-02-19,52.500000,54.880001,52.400002,54.599998,46.029102,4349500
2010-02-22,54.470001,55.009998,53.900002,54.650002,46.071255,2457900
2010-02-23,54.639999,54.759998,53.209999,53.459999,45.068058,1483600
2010-02-24,53.810001,54.099998,53.299999,53.560001,45.152370,1580100
2010-02-25,52.849998,53.139999,52.320000,53.110001,44.773006,1831800
2010-02-26,53.360001,53.509998,52.700001,53.290001,44.924744,1241700
2010-03-01,53.320000,53.540001,52.939999,53.439999,45.051201,1096500
2010-03-02,53.490002,53.720001,53.180000,53.410000,45.025913,1273400
2010-03-03,53.279999,53.799999,53.279999,53.459999,45.068058,923100
2010-03-04,53.549999,53.840000,53.360001,53.759998,45.320965,928700
2010-03-05,54.110001,54.900002,53.770000,54.889999,46.273579,1412200
2010-03-08,54.470001,55.000000,54.369999,54.900002,46.519314,1489200
2010-03-09,54.619999,55.150002,54.209999,54.799999,46.434578,1225500
2010-03-10,54.740002,54.990002,53.700001,54.029999,45.782112,2509600
2010-03-11,53.849998,54.220001,53.419998,54.049999,45.799072,1776900
2010-03-12,54.299999,54.549999,53.889999,53.970001,45.731270,1788700
2010-03-15,54.080002,54.389999,53.790001,54.259998,45.977016,1936300
2010-03-16,54.250000,54.860001,54.169998,54.810001,46.443047,1513400
2010-03-17,55.099998,56.000000,54.930000,55.799999,47.281925,1584400
2010-03-18,55.889999,55.970001,55.259998,55.619999,47.129391,1250600
2010-03-19,55.869999,56.009998,54.480000,55.450001,46.985355,1922600
2010-03-22,55.299999,55.869999,55.099998,55.630001,47.137871,1146300
2010-03-23,55.930000,55.930000,55.279999,55.790001,47.273445,944100
2010-03-24,55.430000,55.680000,55.049999,55.160000,46.739624,954300
2010-03-25,55.400002,56.500000,55.220001,55.980000,47.434452,1799700
2010-03-26,55.820000,55.990002,55.160000,55.349998,46.900612,1609900
2010-03-29,55.660000,55.680000,54.869999,55.189999,46.765049,1641100
2010-03-30,55.110001,55.189999,54.450001,54.650002,46.307476,1396700
2010-03-31,54.380001,55.480000,54.299999,55.259998,46.824360,1870800
2010-04-01,55.419998,56.750000,55.250000,56.639999,47.993698,1937300
2010-04-05,56.740002,57.180000,56.340000,57.169998,48.442791,1515300
2010-04-06,56.830002,57.470001,56.619999,57.450001,48.680042,1759000
2010-04-07,57.220001,57.439999,56.779999,56.910000,48.222473,1563000
2010-04-08,57.000000,58.009998,56.630001,57.820000,48.993561,2064700
2010-04-09,57.759998,58.549999,57.660000,58.009998,49.154564,2082100
2010-04-12,58.320000,58.840000,58.119999,58.770000,49.798538,1707000
2010-04-13,58.570000,59.160000,58.490002,59.020000,50.010376,2128900
2010-04-14,59.119999,59.360001,57.939999,58.959999,49.959530,3052500
2010-04-15,58.669998,58.970001,58.410000,58.650002,49.696865,2093200
2010-04-16,58.669998,58.869999,56.759998,57.389999,48.629211,3128400
2010-04-19,57.490002,58.369999,57.290001,58.369999,49.459599,1672900
2010-04-20,55.230000,56.009998,54.750000,55.369999,46.917568,7549000
2010-04-21,55.230000,55.590000,54.459999,54.730000,46.375271,3544300
2010-04-22,54.630001,55.730000,53.880001,55.630001,47.137871,3197400
2010-04-23,55.470001,56.389999,55.119999,56.310001,47.714073,2231800
2010-04-26,56.340000,56.349998,55.299999,55.310001,46.866734,1864300
2010-04-27,55.080002,55.630001,54.259998,54.340000,46.044807,2372700
2010-04-28,54.650002,55.040001,54.009998,54.369999,46.070210,1508900
2010-04-29,54.500000,55.860001,54.500000,55.650002,47.154816,2226200
2010-04-30,55.500000,56.130001,54.830002,54.980000,46.587105,2209100
2010-05-03,54.549999,55.250000,54.529999,54.900002,46.519314,1619400
2010-05-04,54.500000,54.779999,53.610001,53.919998,45.688911,1832600
2010-05-05,53.279999,54.740002,53.270000,53.930000,45.697388,1581800
2010-05-06,53.869999,54.160000,49.930000,51.669998,43.782375,2883200
2010-05-07,51.459999,53.099998,51.009998,51.799999,43.892540,4539500
2010-05-10,53.590000,55.500000,53.349998,55.110001,46.697243,2564800
2010-05-11,54.570000,55.080002,54.150002,54.450001,46.138016,2038700
2010-05-12,54.709999,55.439999,54.160000,55.340000,46.892147,2054700
2010-05-13,55.080002,55.419998,54.240002,54.279999,45.993961,1431900
2010-05-14,54.009998,54.160000,52.910000,53.180000,45.061874,2539000
2010-05-17,53.090000,53.939999,52.820000,53.820000,45.604176,1575600
2010-05-18,54.139999,54.330002,52.500000,52.790001,44.731411,1841000
2010-05-19,52.709999,53.419998,51.840000,52.349998,44.358582,1582200
2010-05-20,51.279999,51.610001,50.090000,50.099998,42.452065,1729000
2010-05-21,49.259998,52.049999,49.250000,51.880001,43.960331,2701000
2010-05-24,52.189999,52.240002,50.639999,50.650002,42.918091,1764000
2010-05-25,49.619999,50.930000,49.500000,50.779999,43.028248,2604900
2010-05-26,51.119999,51.900002,50.259998,50.480000,42.774044,1593500
2010-05-27,51.250000,52.200001,51.189999,51.970001,44.036594,2115300
2010-05-28,52.200001,52.270000,50.599998,50.810001,43.053661,2229900
2010-06-01,50.389999,50.810001,49.529999,49.820000,42.214787,1842900
2010-06-02,50.189999,51.139999,49.830002,51.110001,43.307861,1302900
2010-06-03,51.009998,51.419998,50.490002,50.930000,43.155346,1247800
2010-06-04,49.779999,50.150002,48.919998,49.020000,41.536911,2221300
2010-06-07,49.200001,49.759998,48.500000,48.500000,41.096294,1458000
2010-06-08,48.299999,49.160000,47.740002,49.060001,41.812199,1492300
2010-06-09,49.200001,49.799999,48.610001,48.750000,41.547997,1611300
2010-06-10,49.610001,49.610001,48.970001,49.500000,42.187210,1990900
2010-06-11,49.090000,50.000000,48.790001,49.930000,42.553669,1583400
2010-06-14,50.040001,50.340000,49.279999,49.340000,42.050835,1643700
2010-06-15,49.790001,50.810001,49.400002,50.759998,43.261059,1312600
2010-06-16,50.590000,51.520000,50.410000,51.320000,43.738327,1526200
2010-06-17,51.189999,51.400002,50.490002,50.900002,43.380375,1842500
2010-06-18,50.880001,51.000000,50.020000,50.299999,42.869011,2900600
2010-06-21,50.680000,50.980000,49.090000,49.389999,42.093449,2384800
2010-06-22,49.490002,49.730000,48.549999,48.610001,41.428669,1988300
2010-06-23,48.520000,48.750000,48.200001,48.450001,41.292328,2018400
2010-06-24,48.139999,48.470001,47.330002,47.439999,40.431530,2309600
2010-06-25,47.529999,49.119999,47.529999,48.439999,41.283791,5659300
2010-06-28,48.480000,48.849998,47.970001,48.299999,41.164474,1621200
2010-06-29,47.950001,48.220001,47.049999,47.419998,40.414478,3380700
2010-06-30,47.130001,47.750000,46.599998,46.700001,39.800858,2459300
2010-07-01,46.669998,47.189999,45.980000,46.570000,39.690048,3188300
2010-07-02,46.740002,46.779999,45.450001,45.810001,39.042332,3522300
2010-07-06,46.150002,46.689999,45.590000,45.959999,39.170181,2119200
2010-07-07,47.020000,49.320000,46.910000,49.139999,41.880383,4879800
2010-07-08,49.380001,49.380001,47.310001,47.900002,40.823574,3434800
2010-07-09,47.900002,48.730000,47.590000,48.529999,41.360497,1696600
2010-07-12,48.240002,49.220001,48.240002,49.090000,41.837769,1980100
2010-07-13,49.430000,50.360001,49.410000,50.139999,42.732647,2992100
2010-07-14,49.619999,50.000000,49.240002,49.779999,42.425827,1552700
2010-07-15,49.599998,49.959999,49.130001,49.730000,42.383213,1426500
2010-07-16,49.380001,49.660000,48.320000,48.360001,41.215614,2215500
2010-07-19,48.520000,48.770000,47.970001,48.560001,41.386066,1382800
2010-07-20,48.020000,49.320000,47.709999,49.320000,42.033794,2893600
2010-07-21,49.959999,50.180000,46.980000,47.160000,40.192886,3461000
2010-07-22,47.799999,47.919998,46.650002,46.970001,40.030964,3279200
2010-07-23,47.029999,47.650002,46.810001,47.509998,40.491184,1375800
2010-07-26,47.380001,48.349998,47.299999,48.220001,41.096294,1561800
2010-07-27,48.459999,49.060001,48.020000,48.259998,41.130394,1242000
2010-07-28,48.270000,48.669998,47.509998,47.639999,40.601986,1071600
2010-07-29,48.209999,48.700001,47.240002,47.490002,40.474136,1148200
2010-07-30,47.009998,47.450001,46.540001,46.990002,40.048016,1220200
2010-08-02,47.570000,48.779999,47.480000,48.520000,41.351978,1867100
2010-08-03,48.500000,48.700001,47.860001,48.320000,41.181519,1562000
2010-08-04,48.630001,48.700001,48.099998,48.509998,41.343456,1653600
2010-08-05,48.290001,49.310001,48.110001,49.110001,41.854813,2079100
2010-08-06,48.750000,49.040001,47.730000,48.570000,41.394596,1987300
2010-08-09,48.820000,49.180000,48.599998,48.980000,41.744019,1416400
2010-08-10,48.669998,49.660000,48.500000,49.139999,41.880383,1867700
2010-08-11,48.410000,50.619999,48.410000,49.099998,41.846283,4138700
2010-08-12,48.720001,50.849998,48.720001,50.189999,42.775253,4589600
2010-08-13,50.099998,50.369999,49.200001,49.389999,42.093449,2314900
2010-08-16,49.849998,50.130001,48.459999,49.630001,42.297993,3730000
2010-08-17,49.709999,50.509998,49.340000,50.500000,43.039463,3104700
2010-08-18,50.410000,50.740002,49.779999,49.810001,42.451408,2276100
2010-08-19,49.869999,50.000000,48.230000,48.299999,41.164474,2453300
2010-08-20,48.279999,48.450001,47.770000,48.310001,41.173008,2034000
2010-08-23,48.660000,48.660000,47.700001,47.720001,40.670166,1498900
2010-08-24,47.369999,47.470001,46.880001,46.939999,40.005394,1827600
2010-08-25,46.680000,46.849998,45.950001,46.500000,39.630402,1968800
2010-08-26,46.580002,46.849998,45.709999,45.860001,39.084953,1886900
2010-08-27,46.130001,47.080002,45.849998,47.049999,40.099140,1700700
2010-08-30,46.770000,46.880001,45.799999,45.840000,39.067905,1477100
2010-08-31,45.689999,46.369999,45.299999,46.130001,39.315052,1519300
2010-09-01,46.669998,47.450001,46.369999,47.400002,40.397438,1938500
2010-09-02,47.439999,47.650002,46.790001,47.220001,40.244045,1633800
2010-09-03,47.630001,49.009998,47.630001,48.860001,41.641750,2763100
2010-09-07,48.750000,48.750000,47.639999,47.709999,40.661648,1353400
2010-09-08,47.639999,48.310001,47.430000,47.830002,41.004559,1184800
2010-09-09,48.400002,48.599998,47.590000,47.939999,41.098869,1113000
2010-09-10,48.049999,48.299999,47.590000,47.700001,40.893112,1292400
2010-09-13,48.349998,49.029999,48.270000,48.980000,41.990448,1698500
2010-09-14,48.930000,48.930000,48.160000,48.610001,41.673260,1242900
2010-09-15,48.400002,48.730000,48.070000,48.680000,41.733261,1272000
2010-09-16,49.040001,49.619999,48.669998,49.250000,42.221924,2112000
2010-09-17,49.520000,49.520000,48.730000,49.040001,42.041897,1863400
2010-09-20,49.259998,49.580002,48.500000,49.480000,42.419098,2353100
2010-09-21,49.389999,49.779999,48.209999,48.439999,41.527512,1542000
2010-09-22,48.470001,48.650002,47.500000,47.540001,40.755951,1866000
2010-09-23,47.180000,47.610001,46.950001,46.970001,40.267288,1733000
2010-09-24,47.540001,48.669998,47.320000,48.639999,41.698975,1807200
2010-09-27,48.430000,48.480000,47.919998,47.970001,41.124580,1845100
2010-09-28,48.000000,48.200001,47.230000,48.099998,41.236038,1054300
2010-09-29,47.840000,48.419998,47.520000,47.820000,40.995995,1395500
2010-09-30,48.310001,49.200001,48.000000,48.240002,41.356056,1191900
2010-10-01,48.700001,49.000000,47.970001,48.720001,41.767563,1400000
2010-10-04,48.470001,48.509998,47.439999,47.669998,40.867405,1346000
2010-10-05,48.200001,48.880001,47.790001,48.599998,41.664684,1869200
2010-10-06,48.599998,48.900002,48.389999,48.889999,41.913284,908000
2010-10-07,48.910000,49.000000,47.889999,48.220001,41.338905,1331800
2010-10-08,48.230000,48.480000,47.910000,48.349998,41.450356,1156600
2010-10-11,48.349998,49.110001,48.110001,48.950001,41.964733,1326200
2010-10-12,48.930000,49.349998,48.500000,49.259998,42.230495,1445100
2010-10-13,49.419998,49.660000,48.730000,49.480000,42.419098,1821400
2010-10-14,49.200001,49.560001,48.689999,49.299999,42.264793,1878000
2010-10-15,49.599998,49.599998,48.439999,48.740002,41.784706,2143300
2010-10-18,48.830002,50.169998,48.639999,50.150002,42.993481,1672200
2010-10-19,49.459999,50.049999,49.119999,49.290001,42.256218,2945000
2010-10-20,49.480000,49.480000,48.730000,48.919998,41.939003,1993300
2010-10-21,47.900002,48.549999,47.020000,47.410000,40.644497,3952000
2010-10-22,47.439999,48.099998,47.209999,47.810001,40.987419,1713400
2010-10-25,48.049999,48.369999,47.880001,48.020000,41.167446,2089000
2010-10-26,50.000000,50.689999,49.500000,50.570000,43.353554,6643800
2010-10-27,50.150002,50.560001,49.130001,50.310001,43.130661,3786400
2010-10-28,50.250000,50.500000,49.169998,50.020000,42.882042,2497400
2010-10-29,49.680000,49.919998,49.349998,49.630001,42.547691,1809800
2010-11-01,49.880001,49.930000,48.860001,49.410000,42.359093,1575100
2010-11-02,49.790001,50.860001,49.599998,50.610001,43.387844,2069600
2010-11-03,50.660000,50.810001,49.700001,50.419998,43.224957,1580800
2010-11-04,51.000000,51.639999,50.680000,51.630001,44.262295,1968800
2010-11-05,50.689999,52.599998,50.689999,51.880001,44.476624,3127000
2010-11-08,51.820000,51.900002,50.939999,51.299999,43.979385,1189100
2010-11-09,51.500000,51.500000,50.410000,50.529999,43.319256,1313100
2010-11-10,50.410000,51.490002,50.180000,51.439999,44.099396,1442100
2010-11-11,50.919998,51.380001,50.520000,51.200001,43.893650,860300
2010-11-12,50.759998,51.369999,50.500000,50.599998,43.379272,1245900
2010-11-15,50.759998,51.930000,50.759998,51.299999,43.979385,1307700
2010-11-16,50.820000,51.380001,50.430000,50.590000,43.370705,1504400
2010-11-17,50.540001,50.619999,50.099998,50.430000,43.233540,1122900
2010-11-18,50.820000,51.430000,50.720001,51.049999,43.765060,905500
2010-11-19,50.799999,51.209999,50.360001,51.169998,43.867935,1049400
2010-11-22,51.000000,51.080002,50.509998,50.860001,43.602165,1095900
2010-11-23,50.279999,50.509998,49.900002,50.340000,43.156376,1250900
2010-11-24,50.560001,51.209999,50.410000,51.169998,43.867935,829500
2010-11-26,50.709999,51.240002,50.630001,50.730000,43.490730,384900
2010-11-29,50.380001,51.029999,50.040001,50.590000,43.370705,970000
2010-11-30,50.099998,50.759998,50.099998,50.299999,43.122086,1043100
2010-12-01,51.020000,51.599998,50.680000,51.520000,44.167995,1656000
2010-12-02,51.549999,53.119999,51.549999,52.990002,45.428226,1586100
2010-12-03,52.740002,52.910000,51.959999,52.820000,45.282478,1190300
2010-12-06,52.619999,52.900002,52.509998,52.639999,45.128155,1014100
2010-12-07,53.270000,53.400002,52.119999,52.509998,45.016708,2510300
2010-12-08,52.310001,52.680000,52.169998,52.549999,45.292519,1635200
2010-12-09,52.759998,53.720001,52.610001,53.599998,46.197495,2535700
2010-12-10,53.750000,54.139999,53.310001,54.099998,46.628448,1475300
2010-12-13,54.220001,54.630001,53.900002,54.459999,46.938747,1943800
2010-12-14,54.599998,55.049999,54.290001,54.500000,46.973221,1601200
2010-12-15,54.430000,55.090000,54.150002,54.150002,46.671547,1538600
2010-12-16,54.189999,54.820000,54.139999,54.700001,47.145599,1629700
2010-12-17,54.669998,54.700001,54.029999,54.259998,46.766361,2686700
2010-12-20,54.740002,54.810001,53.990002,54.250000,46.757744,1538500
2010-12-21,54.580002,54.919998,54.099998,54.900002,47.317963,1812000
2010-12-22,54.950001,55.970001,54.910000,55.730000,48.033340,1587500
2010-12-23,55.540001,55.820000,55.139999,55.299999,47.662731,961600
2010-12-27,55.000000,55.650002,55.000000,55.580002,47.904068,1094000
2010-12-28,55.630001,55.750000,55.290001,55.700001,48.007484,666700
2010-12-29,55.639999,56.049999,55.500000,55.509998,47.843716,942400
2010-12-30,55.520000,55.720001,55.270000,55.500000,47.835110,788800
2010-12-31,55.349998,55.730000,55.320000,55.410000,47.757534,1072000
2011-01-03,55.810001,56.459999,55.790001,55.930000,48.205723,2223900
2011-01-04,55.900002,56.189999,55.599998,56.000000,48.266056,1555700
2011-01-05,55.889999,56.860001,55.490002,56.549999,48.740097,2388600
2011-01-06,56.439999,56.650002,56.040001,56.349998,48.567722,1190300
2011-01-07,56.439999,56.520000,55.020000,55.259998,47.628254,2060100
2011-01-10,55.060001,55.410000,54.680000,54.709999,47.154202,1564600
2011-01-11,54.840000,55.279999,54.799999,54.849998,47.274860,1298500
2011-01-12,55.130001,56.180000,55.130001,55.900002,48.179871,2003300
2011-01-13,55.990002,56.139999,55.490002,55.500000,47.835110,1400100
2011-01-14,55.389999,56.139999,55.360001,55.880001,48.162632,2056100
2011-01-18,55.580002,56.099998,55.459999,55.639999,47.955769,2693000
2011-01-19,53.500000,54.400002,52.470001,52.490002,45.240807,4939800
2011-01-20,52.450001,53.160000,52.400002,52.910000,45.602806,2665800
2011-01-21,53.270000,53.330002,52.680000,52.910000,45.602806,2194100
2011-01-24,52.930000,53.200001,52.270000,52.560001,45.301140,2276600
2011-01-25,52.470001,52.840000,52.009998,52.590000,45.326992,1791600
2011-01-26,52.660000,52.849998,52.360001,52.549999,45.292519,1735900
2011-01-27,52.509998,53.279999,52.189999,52.509998,45.258045,1717800
2011-01-28,52.099998,53.040001,51.419998,51.689999,44.551296,2161200
2011-01-31,51.950001,52.310001,51.610001,51.980000,44.801243,1610500
2011-02-01,52.380001,52.799999,52.200001,52.299999,45.077042,1779000
2011-02-02,52.250000,52.470001,51.750000,51.880001,44.715050,1751000
2011-02-03,51.959999,52.320000,51.770000,52.020000,44.835709,1858300
2011-02-04,52.040001,52.189999,51.790001,51.840000,44.680573,2608500
2011-02-07,51.919998,52.439999,51.880001,52.119999,44.921898,2531600
2011-02-08,52.250000,52.869999,51.990002,52.490002,45.240807,1824600
2011-02-09,52.220001,52.430000,51.840000,52.110001,44.913284,1401900
2011-02-10,51.919998,52.439999,51.820000,52.020000,44.835709,1673700
2011-02-11,51.459999,52.900002,51.430000,52.860001,45.559711,1890200
2011-02-14,52.900002,52.950001,52.509998,52.639999,45.370098,990700
2011-02-15,52.410000,52.990002,52.270000,52.830002,45.533855,976600
2011-02-16,52.970001,54.080002,52.810001,54.000000,46.542255,2409100
2011-02-17,53.169998,54.139999,53.160000,54.040001,46.576740,1552300
2011-02-18,54.060001,54.900002,53.740002,54.549999,47.016308,1610800
2011-02-22,53.840000,54.000000,52.869999,52.950001,45.637276,1516800
2011-02-23,53.049999,53.200001,52.110001,52.400002,45.163235,1032800
2011-02-24,52.279999,52.590000,51.730000,52.139999,44.939140,1211700
2011-02-25,52.330002,52.570000,52.070000,52.209999,44.999474,1592100
2011-02-28,52.470001,52.570000,51.509998,51.570000,44.447865,1869000
2011-03-01,51.669998,51.790001,51.060001,51.080002,44.025539,1706100
2011-03-02,51.029999,51.520000,50.740002,51.070000,44.016911,1152200
2011-03-03,51.520000,52.169998,51.439999,51.830002,44.671955,1623900
2011-03-04,51.700001,51.840000,50.860001,51.439999,44.335815,1110500
2011-03-07,51.570000,51.830002,50.889999,50.939999,43.904861,976700
2011-03-08,50.930000,52.099998,50.799999,51.930000,45.005516,1371000
2011-03-09,51.889999,52.060001,51.360001,52.060001,45.118187,1050500
2011-03-10,51.410000,51.529999,50.680000,50.939999,44.147537,1370500
2011-03-11,50.779999,51.279999,50.779999,50.950001,44.156204,1161400
2011-03-14,50.470001,50.779999,50.180000,50.549999,43.809540,1080900
2011-03-15,49.320000,50.110001,49.150002,49.779999,43.142208,1943800
2011-03-16,49.770000,49.889999,48.930000,49.240002,42.674221,1853400
2011-03-17,49.919998,49.959999,49.389999,49.810001,43.168217,1115800
2011-03-18,50.369999,50.459999,49.770000,49.939999,43.280876,1585600
2011-03-21,50.500000,50.840000,50.290001,50.430000,43.705536,1303900
2011-03-22,50.500000,50.799999,50.330002,50.439999,43.714211,785400
2011-03-23,50.189999,50.520000,49.810001,50.349998,43.636196,644500
2011-03-24,50.779999,51.110001,50.400002,51.020000,44.216869,842100
2011-03-25,51.090000,51.119999,50.549999,50.680000,43.922215,835600
2011-03-28,50.330002,50.990002,50.139999,50.410000,43.688206,1676600
2011-03-29,50.360001,50.630001,50.150002,50.549999,43.809540,868500
2011-03-30,50.770000,51.419998,50.750000,51.119999,44.303535,936500
2011-03-31,50.880001,51.110001,50.509998,50.750000,43.982868,1204400
2011-04-01,51.290001,51.779999,50.820000,51.689999,44.797512,1713900
2011-04-04,51.869999,51.980000,51.610001,51.810001,44.901524,975800
2011-04-05,51.540001,51.889999,51.540001,51.700001,44.806194,957700
2011-04-06,51.889999,52.349998,51.770000,52.340000,45.360847,808600
2011-04-07,52.200001,52.330002,51.730000,52.240002,45.274197,1166800
2011-04-08,52.500000,52.500000,52.040001,52.119999,45.170189,1042600
2011-04-11,52.250000,52.570000,52.150002,52.360001,45.378193,1066000
2011-04-12,52.029999,52.180000,51.709999,51.959999,45.031528,1188500
2011-04-13,52.320000,52.450001,51.520000,51.630001,44.745529,1391900
2011-04-14,51.290001,51.779999,51.070000,51.630001,44.745529,925500
2011-04-15,51.860001,52.040001,51.480000,51.779999,44.875519,1034300
2011-04-18,51.439999,51.500000,50.849998,51.400002,44.546207,1472000
2011-04-19,50.610001,51.279999,48.639999,48.669998,42.180214,5272900
2011-04-20,49.220001,49.590000,48.660000,49.029999,42.492218,2693200
2011-04-21,49.200001,49.630001,49.000000,49.380001,42.795547,1345100
2011-04-25,49.080002,49.419998,48.709999,48.980000,42.448879,2135200
2011-04-26,49.180000,49.700001,48.959999,49.650002,43.029552,1800000
2011-04-27,49.750000,49.869999,49.500000,49.869999,43.220207,1246100
2011-04-28,49.709999,49.919998,49.419998,49.919998,43.263546,1390200
2011-04-29,49.750000,50.049999,49.470001,49.990002,43.324200,1063200
2011-05-02,50.169998,50.200001,49.110001,49.160000,42.604881,2069000
2011-05-03,49.049999,49.490002,48.860001,49.369999,42.786880,1700000
2011-05-04,49.430000,49.509998,48.759998,49.160000,42.604881,1899100
2011-05-05,48.930000,49.200001,48.570000,48.630001,42.145557,1902000
2011-05-06,49.009998,49.189999,48.310001,48.430000,41.972229,1698500
2011-05-09,48.369999,48.549999,48.080002,48.509998,42.041553,1432100
2011-05-10,48.490002,49.349998,48.419998,49.279999,42.708878,2034900
2011-05-11,49.209999,49.320000,48.400002,48.430000,41.972229,1398200
2011-05-12,48.310001,48.840000,48.020000,48.820000,42.310215,1500000
2011-05-13,48.990002,48.990002,48.000000,48.240002,41.807568,1537200
2011-05-16,48.139999,48.820000,48.049999,48.630001,42.145557,1474100
2011-05-17,48.380001,49.139999,48.169998,49.040001,42.500885,1159700
2011-05-18,49.070000,49.529999,48.860001,49.490002,42.890884,995300
2011-05-19,49.689999,49.750000,49.290001,49.439999,42.847534,1046400
2011-05-20,49.299999,49.520000,48.889999,48.930000,42.405563,1144400
2011-05-23,48.400002,48.730000,48.310001,48.529999,42.058891,1195100
2011-05-24,48.580002,48.779999,47.820000,48.610001,42.128223,1521600
2011-05-25,48.299999,48.740002,47.900002,48.639999,42.154228,1743000
2011-05-26,48.500000,48.869999,48.060001,48.520000,42.050228,1120100
2011-05-27,48.549999,48.689999,48.279999,48.450001,41.989563,1070800
2011-05-31,48.849998,49.060001,48.430000,48.790001,42.284214,1234800
2011-06-01,48.509998,48.529999,47.470001,47.520000,41.183567,1984800
2011-06-02,47.500000,47.939999,47.290001,47.639999,41.287560,1523300
2011-06-03,46.950001,47.730000,46.930000,47.230000,40.932240,1295300
2011-06-06,47.200001,47.369999,46.840000,47.070000,40.793571,1262100
2011-06-07,47.180000,47.369999,46.770000,46.779999,40.542244,1129800
2011-06-08,46.500000,46.900002,46.279999,46.410000,40.463772,1335000
2011-06-09,46.580002,47.500000,46.349998,47.349998,41.283337,1299500
2011-06-10,47.060001,47.200001,46.270000,46.770000,40.777649,1372500
2011-06-13,46.869999,47.430000,46.669998,47.299999,41.239738,1453400
2011-06-14,47.689999,48.000000,47.369999,47.439999,41.361809,1267000
2011-06-15,47.099998,47.139999,46.209999,46.360001,40.420177,2419800
2011-06-16,46.400002,46.900002,46.200001,46.349998,40.411457,1969600
2011-06-17,46.860001,46.959999,46.349998,46.790001,40.795086,2335200
2011-06-20,46.680000,46.770000,46.490002,46.560001,40.594547,1057300
2011-06-21,46.740002,46.950001,46.540001,46.830002,40.829956,1024100
2011-06-22,46.529999,46.770000,46.200001,46.240002,40.315544,1277600
2011-06-23,45.720001,45.830002,45.200001,45.509998,39.679092,1698200
2011-06-24,45.490002,45.720001,44.580002,44.980000,39.216991,4908600
2011-06-27,45.060001,45.660000,44.970001,45.279999,39.478546,1248800
2011-06-28,45.410000,45.529999,44.959999,45.259998,39.461113,1121500
2011-06-29,45.459999,46.299999,45.340000,46.139999,40.228359,2283300
2011-06-30,46.340000,46.340000,45.619999,45.959999,40.071423,1647400
2011-07-01,46.000000,46.630001,45.849998,46.500000,40.542244,1461100
2011-07-05,46.410000,46.419998,45.689999,45.770000,39.905773,1260400
2011-07-06,45.650002,46.160000,45.439999,46.000000,40.106300,1672100
2011-07-07,46.310001,46.980000,46.250000,46.599998,40.629425,1519000
2011-07-08,46.049999,46.209999,45.689999,45.869999,39.992958,1509400
2011-07-11,45.400002,45.490002,44.650002,44.980000,39.216991,1830000
2011-07-12,44.779999,45.830002,44.770000,45.310001,39.504700,1412800
2011-07-13,45.430000,46.000000,45.320000,45.340000,39.530857,1081000
2011-07-14,45.439999,45.590000,44.310001,44.439999,38.746174,1948300
2011-07-15,44.590000,44.750000,43.830002,44.290001,38.615379,1743800
2011-07-18,44.090000,44.150002,43.209999,43.389999,37.830711,2518600
2011-07-19,43.549999,43.840000,42.980000,43.639999,38.048668,3588200
2011-07-20,43.900002,45.610001,43.700001,44.189999,38.528202,3550900
2011-07-21,44.290001,45.869999,44.009998,45.849998,39.975513,3014000
2011-07-22,45.959999,46.000000,45.270000,45.919998,40.036549,2481300
2011-07-25,45.639999,45.799999,45.389999,45.570000,39.731396,1727700
2011-07-26,45.660000,45.860001,45.320000,45.599998,39.757549,1163000
2011-07-27,45.389999,45.470001,44.810001,44.860001,39.112358,1837800
2011-07-28,44.980000,45.490002,44.630001,44.639999,38.920547,1335300
2011-07-29,44.279999,45.130001,44.080002,44.900002,39.147240,1911400
2011-08-01,45.320000,45.740002,44.419998,44.779999,39.042614,1841400
2011-08-02,44.360001,44.509998,43.000000,43.040001,37.525551,1755800
2011-08-03,43.040001,43.490002,42.540001,43.349998,37.795818,1339000
2011-08-04,42.939999,43.020000,41.020000,41.080002,35.816669,3288000
2011-08-05,41.639999,41.840000,40.439999,41.299999,36.008484,3618800
2011-08-08,40.680000,41.220001,37.520000,37.650002,32.826138,5620900
2011-08-09,38.740002,39.099998,37.000000,39.040001,34.038040,5941100
2011-08-10,38.139999,38.139999,35.950001,36.130001,31.500883,6835200
2011-08-11,35.840000,37.490002,35.709999,37.160000,32.398914,7461100
2011-08-12,37.540001,38.110001,36.500000,36.709999,32.006577,3518100
2011-08-15,37.020000,37.639999,37.020000,37.630001,32.808701,2745200
2011-08-16,37.240002,37.720001,36.830002,37.220001,32.451225,2351200
2011-08-17,37.500000,37.630001,36.970001,37.250000,32.477383,1674000
2011-08-18,36.189999,36.240002,35.099998,35.349998,30.820822,3344300
2011-08-19,34.930000,35.939999,34.700001,34.779999,30.323849,2596600
2011-08-22,35.500000,35.660000,34.980000,35.099998,30.602852,2787300
2011-08-23,35.160000,36.520000,34.869999,36.209999,31.570631,3480600
2011-08-24,35.990002,37.500000,35.869999,37.470001,32.669205,1976800
2011-08-25,38.049999,38.660000,36.639999,37.180000,32.416355,5309600
2011-08-26,36.889999,37.669998,36.189999,37.230000,32.459942,3337300
2011-08-29,37.730000,38.830002,37.639999,38.820000,33.846226,5821600
2011-08-30,38.470001,38.820000,37.970001,38.570000,33.628262,1742200
2011-08-31,38.770000,39.009998,38.099998,38.419998,33.497478,3834200
2011-09-01,38.570000,38.860001,38.000000,38.020000,33.148731,3141800
2011-09-02,37.209999,37.330002,36.470001,36.529999,31.849630,1838000
2011-09-06,35.270000,36.080002,35.119999,36.009998,31.396271,2562700
2011-09-07,36.270000,37.419998,36.150002,37.410000,32.872486,1507800
2011-09-08,37.009998,37.290001,36.340000,36.430000,32.011353,1955400
2011-09-09,36.009998,36.520000,35.270000,35.509998,31.202934,2490700
2011-09-12,35.029999,35.970001,34.680000,35.919998,31.563211,2224500
2011-09-13,36.060001,36.480000,35.470001,35.750000,31.413837,2038800
2011-09-14,36.040001,37.009998,35.310001,36.560001,32.125587,1879100
2011-09-15,36.950001,37.340000,36.500000,37.189999,32.679169,2369900
2011-09-16,37.250000,37.520000,36.540001,37.000000,32.512215,2834700
2011-09-19,36.439999,36.520000,35.349998,35.669998,31.343529,2099400
2011-09-20,35.799999,36.110001,35.630001,35.639999,31.317179,1758700
2011-09-21,35.799999,35.970001,34.830002,34.830002,30.605425,3151500
2011-09-22,33.950001,34.310001,33.509998,34.029999,29.902456,4112900
2011-09-23,33.970001,34.950001,33.630001,34.279999,30.122129,2292300
2011-09-26,34.630001,35.110001,34.009998,35.070000,30.816305,2084600
2011-09-27,35.919998,36.689999,35.330002,35.599998,31.282024,2539600
2011-09-28,35.669998,35.869999,34.779999,34.790001,30.570272,2591600
2011-09-29,35.570000,36.020000,35.020000,36.009998,31.642298,2692000
2011-09-30,35.380001,35.730000,34.980000,34.980000,30.737230,2418500
2011-10-03,34.540001,35.169998,33.860001,34.009998,29.884878,3150600
2011-10-04,33.439999,36.049999,33.200001,36.020000,31.651085,4092400
2011-10-05,35.630001,36.560001,35.360001,36.369999,31.958624,3041900
2011-10-06,36.310001,36.799999,35.580002,36.709999,32.257393,2146100
2011-10-07,37.060001,37.320000,35.540001,35.669998,31.343529,3015200
2011-10-10,36.580002,37.459999,36.389999,37.439999,32.898849,2014400
2011-10-11,37.119999,37.529999,36.540001,37.310001,32.784622,2057100
2011-10-12,37.599998,38.599998,37.369999,38.029999,33.417278,2128900
2011-10-13,37.720001,37.820000,36.459999,36.849998,32.380413,2830100
2011-10-14,37.360001,37.450001,36.389999,36.930000,32.450703,2700700
2011-10-17,36.830002,37.439999,36.660000,37.150002,32.644024,3315000
2011-10-18,37.680000,39.060001,37.439999,38.779999,34.076313,5164900
2011-10-19,39.060001,39.709999,37.790001,37.930000,33.329411,3713900
2011-10-20,37.910000,38.830002,37.439999,38.610001,33.926937,2375300
2011-10-21,39.110001,39.990002,38.990002,39.990002,35.139561,3622100
2011-10-24,39.910000,41.000000,39.869999,40.610001,35.684349,2650700
2011-10-25,40.270000,40.270000,39.320000,39.380001,34.603554,2225800
2011-10-26,39.910000,40.250000,39.160000,39.849998,35.016541,2548200
2011-10-27,41.490002,42.700001,41.230000,42.419998,37.274822,2992100
2011-10-28,42.279999,42.279999,41.619999,42.020000,36.923325,1751800
2011-10-31,41.389999,41.500000,40.470001,40.470001,35.561340,2407800
2011-11-01,39.180000,39.639999,38.650002,38.700001,34.006012,2832400
2011-11-02,39.380001,40.040001,39.130001,39.709999,34.893520,1540000
2011-11-03,40.209999,40.660000,39.070000,40.580002,35.657990,1953500
2011-11-04,40.139999,40.169998,39.130001,39.669998,34.858364,1899300
2011-11-07,39.709999,40.110001,39.270000,40.020000,35.165913,1030500
2011-11-08,40.279999,40.849998,39.919998,40.799999,35.851315,1370200
2011-11-09,39.709999,39.720001,38.430000,38.520000,33.847851,1887200
2011-11-10,39.110001,39.250000,38.450001,38.820000,34.111469,1622900
2011-11-11,39.500000,40.160000,39.400002,40.020000,35.165913,1331800
2011-11-14,39.889999,40.000000,38.439999,38.820000,34.111469,1893500
2011-11-15,38.779999,39.290001,38.369999,39.090000,34.348721,1544600
2011-11-16,38.630001,38.770000,37.759998,37.869999,33.276699,2412300
2011-11-17,37.860001,38.020000,36.880001,37.090000,32.591301,2039100
2011-11-18,37.369999,37.490002,36.730000,36.939999,32.459496,1942600
2011-11-21,36.360001,36.830002,36.240002,36.650002,32.204666,2344600
2011-11-22,36.580002,36.700001,36.000000,36.000000,31.633505,1528400
2011-11-23,35.709999,35.790001,35.009998,35.099998,30.842669,2159400
2011-11-25,34.889999,35.689999,34.869999,35.080002,30.825098,682900
2011-11-28,36.070000,36.410000,35.139999,35.580002,31.264448,2165000
2011-11-29,35.619999,35.779999,35.230000,35.389999,31.097496,1280600
2011-11-30,36.610001,37.689999,36.220001,37.630001,33.065800,2896000
2011-12-01,37.369999,37.619999,37.009998,37.330002,32.802197,1271400
2011-12-02,37.799999,38.560001,37.700001,38.270000,33.628178,2039500
2011-12-05,38.860001,39.490002,38.590000,39.389999,34.612328,2339600
2011-12-06,39.369999,40.200001,38.799999,39.910000,35.069260,3990100
2011-12-07,39.419998,40.680000,39.209999,40.520000,35.856831,2369000
2011-12-08,40.160000,40.220001,38.889999,38.970001,34.485218,2460800
2011-12-09,39.299999,39.900002,39.200001,39.740002,35.166595,1610900
2011-12-12,39.380001,39.520000,38.970001,39.250000,34.732986,2341100
2011-12-13,39.220001,39.709999,38.639999,39.160000,34.653347,3548900
2011-12-14,38.970001,39.590000,38.759998,39.250000,34.732986,2124600
2011-12-15,39.770000,39.860001,39.200001,39.240002,34.724148,1994500
2011-12-16,39.500000,39.930000,38.779999,38.980000,34.494064,2983000
2011-12-19,39.000000,39.230000,38.150002,38.290001,33.883472,2010700
2011-12-20,39.009998,39.650002,38.759998,39.439999,34.901115,2093900
2011-12-21,39.500000,39.700001,39.070000,39.619999,35.060413,1422400
2011-12-22,39.849998,40.720001,39.770000,40.529999,35.865677,1148700
2011-12-23,40.820000,40.820000,40.330002,40.689999,36.007275,677100
2011-12-27,40.430000,40.970001,40.240002,40.259998,35.626743,909800
2011-12-28,40.130001,40.529999,39.400002,39.459999,34.918812,1151100
2011-12-29,39.570000,40.110001,39.529999,39.939999,35.343578,1214200
2011-12-30,40.029999,40.029999,39.509998,39.660000,35.095810,710900
2012-01-03,40.720001,41.200001,40.599998,40.660000,35.980721,1307100
2012-01-04,40.509998,40.770000,40.080002,40.610001,35.936474,1173600
2012-01-05,40.349998,41.130001,39.860001,40.959999,36.246197,1033400
2012-01-06,41.049999,41.099998,40.430000,41.009998,36.290443,1056400
2012-01-09,41.180000,41.430000,40.959999,41.410000,36.644409,950900
2012-01-10,41.970001,42.200001,41.779999,42.000000,37.166508,1281200
2012-01-11,41.810001,42.290001,41.790001,42.259998,37.396591,883000
2012-01-12,42.290001,42.580002,41.910000,42.520000,37.626671,1211000
2012-01-13,41.840000,42.169998,41.400002,42.169998,37.316948,1664700
2012-01-17,42.610001,42.720001,41.830002,41.930000,37.104557,2403100
2012-01-18,41.500000,41.860001,40.779999,41.220001,36.476273,3782600
2012-01-19,41.290001,42.320000,41.080002,42.119999,37.272694,1471200
2012-01-20,42.180000,43.099998,41.980000,43.070000,38.113377,1488700
2012-01-23,42.759998,43.340000,42.549999,43.169998,38.201859,1695800
2012-01-24,43.000000,43.169998,42.610001,42.790001,37.865601,1159500
2012-01-25,42.630001,43.470001,42.000000,42.259998,37.396591,2827700
2012-01-26,42.189999,42.669998,41.000000,41.080002,36.352390,2687700
2012-01-27,40.730000,41.830002,40.639999,41.669998,36.874477,1640300
2012-01-30,41.299999,41.599998,40.990002,41.360001,36.600163,1203800
2012-01-31,41.419998,41.619999,40.900002,41.169998,36.432030,1326600
2012-02-01,41.529999,42.540001,41.439999,42.150002,37.299255,1856600
2012-02-02,42.230000,42.580002,41.970001,42.400002,37.520477,1480400
2012-02-03,43.119999,44.250000,43.040001,44.090000,39.015991,2501100
2012-02-06,43.900002,44.290001,43.750000,44.150002,39.069092,1790100
2012-02-07,43.980000,44.299999,43.470001,44.169998,39.086784,1453600
2012-02-08,44.209999,44.290001,43.970001,44.189999,39.104485,1019000
2012-02-09,44.330002,44.360001,43.900002,44.060001,38.989449,1243900
2012-02-10,43.580002,43.849998,43.290001,43.630001,38.608929,1124200
2012-02-13,43.930000,43.990002,43.380001,43.650002,38.626625,777900
2012-02-14,43.580002,43.580002,42.869999,43.410000,38.414249,1195000
2012-02-15,43.590000,43.730000,42.950001,43.180000,38.210720,837200
2012-02-16,43.270000,43.930000,43.080002,43.849998,38.803612,911600
2012-02-17,44.049999,44.220001,43.540001,43.880001,38.830154,1018700
2012-02-21,43.849998,44.169998,43.549999,43.730000,38.697422,665300
2012-02-22,43.599998,43.709999,42.910000,43.020000,38.069130,949300
2012-02-23,43.049999,43.880001,42.759998,43.880001,38.830154,800400
2012-02-24,44.090000,44.139999,43.730000,43.860001,38.812458,707700
2012-02-27,43.580002,44.480000,43.270000,44.430000,39.316856,1135500
2012-02-28,44.500000,44.610001,44.139999,44.389999,39.281452,1001000
2012-02-29,44.450001,44.830002,44.230000,44.410000,39.299164,1369700
2012-03-01,44.529999,45.070000,44.470001,44.959999,39.785866,1078400
2012-03-02,44.900002,45.250000,44.790001,44.930000,39.759315,811700
2012-03-05,44.709999,44.720001,43.849998,44.330002,39.228371,998800
2012-03-06,43.900002,44.000000,43.110001,43.490002,38.485043,1228700
2012-03-07,43.389999,43.720001,43.349998,43.639999,38.868027,1104200
2012-03-08,43.980000,44.070000,43.599998,43.970001,39.161934,1133200
2012-03-09,44.259998,44.590000,43.950001,44.279999,39.438030,1047200
2012-03-12,44.349998,44.639999,44.189999,44.619999,39.740856,1037600
2012-03-13,45.080002,45.669998,44.750000,45.570000,40.586971,2321600
2012-03-14,45.549999,45.959999,45.160000,45.939999,40.916519,2699400
2012-03-15,46.000000,47.490002,45.740002,47.200001,42.038731,2322100
2012-03-16,47.360001,47.500000,46.790001,47.270000,42.101067,2654800
2012-03-19,47.200001,47.799999,46.580002,47.619999,42.412819,1359000
2012-03-20,47.330002,47.720001,46.919998,47.610001,42.403908,808000
2012-03-21,47.709999,47.820000,47.189999,47.400002,42.216862,1047600
2012-03-22,47.060001,47.180000,46.580002,46.950001,41.816071,1266000
2012-03-23,46.840000,47.349998,46.820000,47.259998,42.092175,1073600
2012-03-26,47.680000,48.110001,47.549999,47.900002,42.662193,1234400
2012-03-27,48.040001,48.150002,47.380001,47.480000,42.288120,1341000
2012-03-28,47.529999,47.880001,47.110001,47.529999,42.332653,2404400
2012-03-29,47.209999,47.240002,46.580002,47.099998,41.949661,856900
2012-03-30,47.439999,47.570000,46.840000,47.450001,42.261402,1046400
2012-04-02,47.590000,48.020000,47.139999,47.830002,42.599854,985400
2012-04-03,47.779999,47.950001,47.430000,47.900002,42.662193,1305000
2012-04-04,47.330002,47.580002,46.820000,47.040001,41.896236,1009900
2012-04-05,46.810001,47.230000,46.810001,47.099998,41.949661,1166100
2012-04-09,46.380001,46.779999,45.939999,46.220001,41.165897,884500
2012-04-10,46.049999,46.439999,45.279999,45.299999,40.346497,1281900
2012-04-11,45.919998,46.349998,45.779999,46.020000,40.987766,1227100
2012-04-12,45.869999,46.840000,45.869999,46.790001,41.673569,744700
2012-04-13,46.660000,46.740002,45.610001,45.700001,40.702755,1217800
2012-04-16,46.259998,46.320000,45.560001,46.160000,41.112461,1196200
2012-04-17,46.130001,47.310001,45.830002,46.869999,41.744827,1811400
2012-04-18,46.650002,47.169998,46.470001,46.549999,41.459812,1016500
2012-04-19,46.639999,47.020000,46.070000,46.459999,41.379654,1088000
2012-04-20,46.660000,46.889999,46.230000,46.320000,41.254959,1411900
2012-04-23,45.820000,45.970001,45.439999,45.810001,40.800728,985200
2012-04-24,45.820000,46.610001,45.790001,46.419998,41.344025,794100
2012-04-25,46.880001,47.070000,46.529999,46.910000,41.780453,1239200
2012-04-26,46.700001,47.330002,46.580002,47.169998,42.012012,1345600
2012-04-27,47.360001,47.770000,47.169998,47.580002,42.377186,1062800
2012-04-30,47.500000,47.730000,47.270000,47.560001,42.359364,875900
2012-05-01,47.490002,48.310001,47.419998,47.820000,42.590939,1063600
2012-05-02,47.509998,47.580002,46.990002,47.119999,41.967480,1230000
2012-05-03,47.080002,47.540001,46.970001,47.040001,41.896236,1171100
2012-05-04,46.820000,46.950001,46.439999,46.610001,41.513260,1174400
2012-05-07,46.450001,47.009998,46.349998,46.730000,41.620129,601900
2012-05-08,46.340000,46.770000,45.810001,46.230000,41.174801,1302500
2012-05-09,45.619999,45.730000,44.740002,45.160000,40.221802,1556300
2012-05-10,45.630001,45.980000,45.290001,45.369999,40.408852,1374400
2012-05-11,44.950001,45.400002,44.680000,45.119999,40.186180,1249600
2012-05-14,44.570000,44.799999,44.180000,44.189999,39.357872,1224800
2012-05-15,44.209999,44.650002,44.000000,44.369999,39.518200,1261200
2012-05-16,44.700001,44.919998,43.950001,43.970001,39.161934,996100
2012-05-17,43.930000,44.049999,43.490002,43.570000,38.805676,1413700
2012-05-18,43.740002,44.009998,43.060001,43.169998,38.449413,1845500
2012-05-21,43.180000,43.540001,42.810001,43.310001,38.574108,1501100
2012-05-22,43.279999,44.080002,43.150002,43.369999,38.627544,1697100
2012-05-23,43.020000,43.590000,42.639999,43.520000,38.761147,1633400
2012-05-24,43.590000,43.669998,43.040001,43.660000,38.885830,1379700
2012-05-25,43.590000,43.830002,43.270000,43.490002,38.734425,825900
2012-05-29,43.880001,44.110001,43.439999,43.939999,39.135212,1026000
2012-05-30,43.520000,43.520000,42.830002,42.849998,38.164394,1149100
2012-05-31,42.799999,43.369999,42.310001,43.180000,38.458324,1120900
2012-06-01,42.330002,42.540001,41.689999,41.720001,37.157974,1198100
2012-06-04,41.900002,42.029999,41.299999,41.590000,37.042175,1490300
2012-06-05,41.310001,41.590000,41.110001,41.470001,36.935307,1879100
2012-06-06,41.360001,42.400002,41.259998,42.389999,38.029812,1258400
2012-06-07,42.939999,43.259998,42.590000,42.759998,38.361755,1310600
2012-06-08,42.720001,43.290001,42.259998,43.270000,38.819302,1143800
2012-06-11,43.730000,43.779999,42.759998,42.820000,38.415588,1090100
2012-06-12,42.820000,43.689999,42.630001,43.689999,39.196110,1314100
2012-06-13,43.380001,43.689999,42.880001,43.029999,38.603985,1140700
2012-06-14,43.160000,43.910000,43.110001,43.639999,39.151245,1383000
2012-06-15,43.740002,44.410000,43.509998,44.349998,39.788212,1554000
2012-06-18,44.049999,44.400002,43.849998,43.990002,39.465252,599300
2012-06-19,44.230000,44.830002,44.060001,44.639999,40.048382,795000
2012-06-20,44.660000,44.700001,43.980000,44.529999,39.949696,1060400
2012-06-21,44.610001,44.820000,43.270000,43.290001,38.837246,1265700
2012-06-22,43.549999,44.070000,43.509998,43.939999,39.420391,1110000
2012-06-25,43.389999,43.619999,42.849998,43.459999,38.989758,1453800
2012-06-26,43.540001,43.910000,43.029999,43.730000,39.231987,819200
2012-06-27,43.849998,44.049999,43.439999,43.950001,39.429356,972300
2012-06-28,43.599998,44.070000,42.950001,44.009998,39.483181,1127000
2012-06-29,44.820000,46.040001,44.619999,46.020000,41.286449,1764200
2012-07-02,45.980000,46.610001,45.959999,46.349998,41.582508,1386800
2012-07-03,46.290001,46.810001,46.180000,46.619999,41.824726,692400
2012-07-05,46.459999,47.290001,46.330002,47.049999,42.210491,2203400
2012-07-06,46.439999,46.580002,46.189999,46.490002,41.708096,1202000
2012-07-09,47.130001,47.259998,46.009998,46.439999,41.663239,1140800
2012-07-10,46.810001,46.869999,45.630001,45.799999,41.089062,976500
2012-07-11,45.880001,46.799999,45.520000,46.660000,41.860603,1871600
2012-07-12,46.189999,46.310001,45.730000,45.820000,41.107010,899700
2012-07-13,45.700001,47.099998,45.660000,47.049999,42.210491,1130800
2012-07-16,46.939999,47.320000,46.840000,47.029999,42.192551,978800
2012-07-17,47.139999,47.230000,45.570000,47.070000,42.228443,2390900
2012-07-18,45.990002,47.250000,45.660000,46.240002,41.483814,2185200
2012-07-19,46.310001,46.750000,45.900002,46.000000,41.268501,1114800
2012-07-20,45.740002,45.919998,45.090000,45.299999,40.640499,1381400
2012-07-23,44.680000,45.220001,44.250000,45.060001,40.425179,863500
2012-07-24,45.110001,45.150002,44.349998,44.810001,40.200897,1094900
2012-07-25,44.980000,45.009998,44.540001,44.570000,39.985584,1002600
2012-07-26,45.380001,45.549999,44.930000,45.439999,40.766090,804000
2012-07-27,45.980000,46.490002,45.369999,46.250000,41.492779,784600
2012-07-30,46.090000,46.130001,45.570000,45.709999,41.008324,817500
2012-07-31,45.740002,45.750000,45.340000,45.400002,40.730209,1000800
2012-08-01,45.490002,45.680000,44.990002,45.049999,40.416218,1028300
2012-08-02,44.660000,44.689999,43.689999,44.090000,39.554955,1464000
2012-08-03,44.869999,45.520000,44.520000,45.480000,40.801979,850000
2012-08-06,45.720001,45.900002,45.290001,45.299999,40.640499,685400
2012-08-07,45.369999,46.380001,45.340000,46.009998,41.277466,1186900
2012-08-08,45.880001,46.259998,45.700001,46.080002,41.340267,734700
2012-08-09,46.040001,46.410000,46.009998,46.169998,41.421005,948000
2012-08-10,46.230000,46.299999,45.810001,46.220001,41.465874,599000
2012-08-13,46.130001,46.320000,46.000000,46.230000,41.474842,502800
2012-08-14,46.639999,46.660000,46.230000,46.330002,41.564552,880000
2012-08-15,46.169998,46.619999,46.150002,46.490002,41.708096,467300
2012-08-16,46.369999,47.310001,46.369999,47.180000,42.327129,796100
2012-08-17,47.299999,47.389999,47.009998,47.240002,42.380955,1038100
2012-08-20,47.009998,47.139999,46.660000,47.099998,42.255348,814700
2012-08-21,47.150002,47.720001,46.849998,46.950001,42.120785,726300
2012-08-22,46.990002,47.080002,46.599998,46.880001,42.057987,757400
2012-08-23,46.740002,46.830002,46.150002,46.180000,41.429981,821700
2012-08-24,46.070000,46.540001,45.959999,46.470001,41.690163,778000
2012-08-27,46.540001,46.540001,46.169998,46.270000,41.510731,663200
2012-08-28,46.040001,46.480000,45.990002,46.310001,41.546612,572700
2012-08-29,46.380001,46.650002,46.310001,46.380001,41.609402,1111200
2012-08-30,46.169998,46.389999,45.650002,46.169998,41.421005,1132900
2012-08-31,46.340000,46.669998,46.110001,46.439999,41.663239,1173900
2012-09-04,46.459999,46.930000,46.220001,46.750000,41.941353,909200
2012-09-05,46.619999,46.970001,46.340000,46.740002,42.203217,1039200
2012-09-06,47.000000,47.990002,46.950001,47.910000,43.259636,1505000
2012-09-07,47.939999,48.000000,47.480000,47.990002,43.331879,1274600
2012-09-10,47.619999,47.750000,47.009998,47.099998,42.528259,1877100
2012-09-11,47.160000,47.689999,47.139999,47.439999,42.835255,778200
2012-09-12,47.529999,48.020000,47.439999,47.939999,43.286724,1302800
2012-09-13,47.880001,49.130001,47.639999,48.880001,44.135490,1454500
2012-09-14,48.880001,49.680000,48.880001,49.130001,44.361214,1578000
2012-09-17,49.139999,49.669998,48.560001,48.639999,43.918777,1000200
2012-09-18,48.380001,48.889999,48.279999,48.520000,43.810432,957100
2012-09-19,47.810001,48.490002,47.689999,47.830002,43.187408,1967600
2012-09-20,47.599998,47.790001,47.130001,47.750000,43.115173,1618100
2012-09-21,48.220001,48.259998,47.669998,47.840000,43.196430,4314300
2012-09-24,47.650002,48.380001,47.320000,47.759998,43.124195,727200
2012-09-25,47.740002,47.990002,46.930000,46.959999,42.401848,1270300
2012-09-26,46.880001,47.230000,46.340000,46.410000,41.905235,1174400
2012-09-27,46.570000,46.959999,46.290001,46.549999,42.031639,1079700
2012-09-28,46.150002,46.560001,45.950001,46.419998,41.914265,1128900
2012-10-01,46.860001,47.310001,46.630001,46.880001,42.329620,1135400
2012-10-02,47.160000,47.259998,46.849998,47.200001,42.618557,1329200
2012-10-03,47.150002,47.840000,46.990002,47.470001,42.862343,1288000
2012-10-04,47.759998,47.990002,47.529999,47.709999,43.079052,940000
2012-10-05,48.049999,48.220001,47.090000,47.349998,42.753986,1514100
2012-10-08,47.220001,47.259998,46.830002,47.110001,42.537292,922200
2012-10-09,47.250000,47.259998,46.700001,46.750000,42.212231,891700
2012-10-10,46.869999,46.889999,46.529999,46.799999,42.257385,876200
2012-10-11,47.240002,47.389999,47.020000,47.049999,42.483116,853700
2012-10-12,46.849998,46.959999,45.930000,46.290001,41.796886,1007600
2012-10-15,46.529999,46.680000,46.020000,46.660000,42.130981,722300
2012-10-16,46.779999,47.720001,46.660000,47.529999,42.916527,1767800
2012-10-17,47.790001,48.340000,46.680000,48.209999,43.530521,1865700
2012-10-18,48.400002,48.520000,48.080002,48.320000,43.629841,977000
2012-10-19,48.320000,48.430000,47.009998,47.099998,42.528259,1891500
2012-10-22,47.220001,47.349998,46.700001,47.189999,42.609520,1253500
2012-10-23,46.490002,47.049999,46.130001,46.930000,42.374760,1351500
2012-10-24,46.970001,47.369999,46.930000,47.090000,42.519230,937300
2012-10-25,47.500000,47.610001,47.119999,47.330002,42.735947,866500
2012-10-26,47.459999,47.599998,46.820000,47.169998,42.591465,949100
2012-10-31,47.290001,48.020000,46.770000,47.799999,43.160313,1485300
2012-11-01,47.990002,48.320000,47.529999,48.299999,43.611778,896200
2012-11-02,48.349998,48.660000,47.730000,47.799999,43.160313,752200
2012-11-05,47.779999,48.720001,47.540001,48.610001,43.891697,1009400
2012-11-06,48.849998,49.330002,48.700001,48.759998,44.027126,1022500
2012-11-07,48.220001,48.250000,46.860001,47.009998,42.446991,1693600
2012-11-08,46.910000,47.480000,46.470001,46.540001,42.022621,1168100
2012-11-09,46.349998,47.259998,46.349998,46.639999,42.112919,1009000
2012-11-12,46.709999,47.240002,46.549999,46.980000,42.419914,965200
2012-11-13,46.740002,47.130001,46.590000,46.660000,42.130981,749300
2012-11-14,46.810001,47.029999,45.980000,46.090000,41.616295,969500
2012-11-15,46.259998,46.689999,46.009998,46.520000,42.004555,1392000
2012-11-16,47.610001,47.610001,46.099998,46.849998,42.302525,1591800
2012-11-19,47.380001,47.639999,47.180000,47.349998,42.753986,1289600
2012-11-20,47.360001,48.130001,47.180000,47.669998,43.042934,1452500
2012-11-21,47.750000,47.869999,47.430000,47.810001,43.169342,915700
2012-11-23,47.939999,48.349998,47.450001,48.290001,43.602760,416500
2012-11-26,48.040001,48.240002,47.669998,48.200001,43.521481,1047500
2012-11-27,48.060001,48.220001,47.680000,47.880001,43.232552,847500
2012-11-28,47.570000,47.970001,47.270000,47.950001,43.295761,1319300
2012-11-29,48.240002,48.400002,47.950001,48.130001,43.458279,770800
2012-11-30,48.020000,48.230000,47.630001,48.020000,43.358959,1038200
2012-12-03,48.119999,48.240002,47.730000,48.060001,43.395088,1061100
2012-12-04,48.060001,48.340000,47.400002,47.570000,42.952641,956300
2012-12-05,47.480000,47.869999,47.220001,47.439999,43.107109,757400
2012-12-06,47.500000,47.660000,47.209999,47.650002,43.297932,572900
2012-12-07,47.779999,47.880001,47.509998,47.849998,43.479671,559400
2012-12-10,47.630001,47.849998,47.209999,47.730000,43.370632,1325700
2012-12-11,47.939999,48.040001,47.459999,47.950001,43.570530,1193700
2012-12-12,48.049999,48.209999,47.660000,47.720001,43.361542,1041700
2012-12-13,47.700001,47.779999,47.400002,47.549999,43.207062,551000
2012-12-14,47.450001,47.529999,47.009998,47.119999,42.816334,1400500
2012-12-17,47.439999,48.730000,47.270000,48.700001,44.252029,1530900
2012-12-18,48.660000,49.520000,48.590000,49.490002,44.969883,1896500
2012-12-19,49.610001,49.830002,49.320000,49.599998,45.069832,1575500
2012-12-20,49.570000,50.209999,49.369999,50.209999,45.624115,1923600
2012-12-21,49.779999,50.259998,49.250000,50.160000,45.578686,3127800
2012-12-24,50.049999,50.330002,49.669998,50.169998,45.587772,679300
2012-12-26,50.450001,50.459999,49.619999,49.900002,45.342434,1019200
2012-12-27,49.930000,50.110001,49.369999,49.939999,45.378773,964100
2012-12-28,49.720001,50.220001,49.540001,49.950001,45.387863,1420300
2012-12-31,50.020000,50.189999,49.610001,50.160000,45.578686,1109600
2013-01-02,50.950001,51.849998,50.880001,51.810001,47.077980,1642000
2013-01-03,51.700001,51.840000,51.380001,51.790001,47.059814,1479500
2013-01-04,51.799999,53.500000,51.619999,53.419998,48.540932,1904800
2013-01-07,53.090000,53.240002,52.480000,53.090000,48.241070,1590900
2013-01-08,52.869999,52.889999,51.950001,52.139999,47.377846,1215600
2013-01-09,52.029999,52.660000,51.869999,52.150002,47.386932,954600
2013-01-10,52.360001,52.610001,52.150002,52.410000,47.623184,1124600
2013-01-11,52.139999,52.580002,51.750000,52.570000,47.768566,1108700
2013-01-14,52.529999,52.599998,51.799999,52.520000,47.723137,751800
2013-01-15,52.349998,52.860001,52.110001,52.810001,47.986645,1100200
2013-01-16,50.310001,51.389999,49.270000,49.779999,45.233383,4488400
2013-01-17,49.919998,50.250000,49.360001,50.049999,45.478729,3605000
2013-01-18,50.290001,50.470001,49.759998,50.250000,45.660469,2038400
2013-01-22,50.099998,50.700001,50.099998,50.660000,46.033016,1412200
2013-01-23,50.500000,50.700001,50.130001,50.570000,45.951237,994600
2013-01-24,50.570000,51.259998,50.570000,50.880001,46.232929,1358500
2013-01-25,50.919998,51.360001,50.570000,51.320000,46.632736,1126100
2013-01-28,51.500000,51.830002,51.169998,51.540001,46.832645,1713500
2013-01-29,51.290001,51.919998,51.180000,51.770000,47.041645,1339800
2013-01-30,51.630001,52.270000,51.439999,51.970001,47.223377,1449600
2013-01-31,52.049999,52.099998,51.450001,51.480000,46.778122,1243100
2013-02-01,51.779999,52.220001,51.549999,52.049999,47.296070,1180400
2013-02-04,51.680000,51.849998,51.230000,51.279999,46.596390,1049400
2013-02-05,51.490002,51.939999,51.360001,51.740002,47.014378,905500
2013-02-06,51.380001,52.400002,51.250000,52.389999,47.605007,1429200
2013-02-07,52.459999,52.740002,51.980000,52.580002,47.777657,1763000
2013-02-08,52.639999,52.759998,52.470001,52.700001,47.886696,925200
2013-02-11,52.689999,52.830002,52.330002,52.689999,47.877605,759300
2013-02-12,52.820000,53.130001,52.639999,52.930000,48.095692,1661400
2013-02-13,52.950001,53.480000,52.849998,53.220001,48.359203,842200
2013-02-14,52.919998,53.180000,52.700001,53.090000,48.241070,1232900
2013-02-15,53.209999,53.730000,52.900002,53.470001,48.586372,1688300
2013-02-19,53.630001,53.959999,53.320000,53.910000,48.986183,1118300
2013-02-20,53.810001,53.939999,53.189999,53.259998,48.395554,1036700
2013-02-21,53.200001,53.200001,52.389999,52.520000,47.723137,955200
2013-02-22,52.799999,53.250000,52.770000,53.230000,48.368290,775300
2013-02-25,53.490002,53.689999,52.169998,52.180000,47.414188,1187900
2013-02-26,52.430000,52.750000,51.930000,52.480000,47.686783,920100
2013-02-27,52.540001,53.380001,52.410000,53.290001,48.422802,834200
2013-02-28,53.119999,53.529999,52.820000,53.189999,48.331936,1018500
2013-03-01,53.049999,53.419998,52.480000,53.279999,48.413723,766700
2013-03-04,53.340000,53.880001,53.160000,53.840000,48.922581,838200
2013-03-05,54.000000,54.830002,54.000000,54.369999,49.404167,1248400
2013-03-06,54.220001,54.560001,53.900002,54.049999,49.385891,1125800
2013-03-07,54.090000,54.459999,53.840000,54.410000,49.714832,702400
2013-03-08,54.759998,54.990002,54.439999,54.930000,50.189953,953900
2013-03-11,54.750000,55.110001,54.540001,55.099998,50.345276,924100
2013-03-12,55.040001,55.090000,54.669998,54.790001,50.062042,714300
2013-03-13,54.869999,54.959999,54.450001,54.849998,50.116859,901200
2013-03-14,55.009998,55.450001,54.910000,55.189999,50.427517,995200
2013-03-15,55.270000,55.500000,54.500000,54.549999,49.842751,2951000
2013-03-18,54.150002,54.619999,53.830002,54.250000,49.568638,1179800
2013-03-19,54.500000,54.500000,53.540001,53.990002,49.331074,1264300
2013-03-20,54.430000,54.759998,54.000000,54.549999,49.842751,1092500
2013-03-21,54.139999,54.290001,53.540001,53.810001,49.166603,1725900
2013-03-22,53.889999,54.840000,53.669998,54.770000,50.043770,1286800
2013-03-25,55.040001,55.139999,53.910000,54.419998,49.723969,1099400
2013-03-26,54.779999,54.919998,54.230000,54.860001,50.125999,977400
2013-03-27,54.439999,54.799999,54.189999,54.650002,49.934109,860600
2013-03-28,54.639999,54.639999,54.240002,54.560001,49.851887,812100
2013-04-01,54.380001,54.930000,54.240002,54.380001,49.687416,929300
2013-04-02,54.500000,55.130001,54.330002,54.779999,50.052898,1281500
2013-04-03,54.830002,54.930000,53.980000,54.240002,49.559494,2635800
2013-04-04,54.240002,54.660000,54.070000,54.340000,49.650867,686900
2013-04-05,53.619999,53.830002,53.160000,53.759998,49.120911,972200
2013-04-08,53.639999,54.619999,53.560001,54.580002,49.870159,1136000
2013-04-09,54.610001,55.040001,54.570000,54.750000,50.025490,918200
2013-04-10,54.820000,55.939999,54.610001,55.630001,50.829548,1172400
2013-04-11,55.860001,56.660000,55.360001,56.090000,51.249851,1292600
2013-04-12,55.689999,56.049999,55.439999,55.639999,50.838688,993300
2013-04-15,55.500000,55.730000,53.799999,53.810001,49.166603,1503400
2013-04-16,53.200001,54.180000,52.250000,53.400002,48.791996,2874500
2013-04-17,52.869999,53.459999,52.180000,52.730000,48.179806,1550100
2013-04-18,52.930000,52.990002,51.930000,51.990002,47.503658,1727600
2013-04-19,52.340000,52.549999,51.959999,52.500000,47.969646,1498400
2013-04-22,52.540001,52.740002,51.900002,52.349998,47.832581,1570300
2013-04-23,52.759998,52.970001,52.230000,52.860001,48.298576,1395000
2013-04-24,52.770000,52.980000,52.480000,52.910000,48.344269,1390800
2013-04-25,53.000000,53.560001,52.919998,53.119999,48.536148,1180800
2013-04-26,53.060001,53.480000,52.540001,52.889999,48.325985,904500
2013-04-29,53.220001,53.419998,52.939999,53.340000,48.737167,1156900
2013-04-30,53.340000,53.990002,53.240002,53.919998,49.267109,1220400
2013-05-01,53.880001,53.980000,53.130001,53.180000,48.590961,1186200
2013-05-02,53.230000,53.770000,53.040001,53.209999,48.618382,1037600
2013-05-03,53.590000,53.939999,53.529999,53.599998,48.974720,1682400
2013-05-06,53.509998,54.020000,53.480000,53.840000,49.194012,1620900
2013-05-07,53.990002,54.330002,53.830002,54.200001,49.522949,999800
2013-05-08,54.139999,54.490002,53.950001,54.380001,49.687416,825500
2013-05-09,54.490002,54.630001,54.250000,54.540001,49.833607,1046500
2013-05-10,54.669998,54.669998,54.110001,54.430000,49.733101,1650000
2013-05-13,54.459999,55.610001,54.310001,55.110001,50.354416,1943400
2013-05-14,55.259998,56.759998,55.139999,56.669998,51.779804,1724500
2013-05-15,56.470001,57.189999,56.320000,57.060001,52.136154,1321400
2013-05-16,56.869999,57.810001,56.869999,57.180000,52.245796,1418400
2013-05-17,57.430000,58.369999,57.310001,58.270000,53.241737,1291300
2013-05-20,57.860001,58.660000,57.669998,58.230000,53.205193,1315200
2013-05-21,58.400002,58.570000,57.889999,57.959999,52.958492,1386800
2013-05-22,58.130001,58.529999,57.490002,57.599998,52.629555,1081500
2013-05-23,57.389999,57.709999,56.770000,57.110001,52.181835,1284000
2013-05-24,57.000000,57.459999,56.799999,57.310001,52.364567,950000
2013-05-28,58.080002,59.230000,57.910000,58.840000,53.762558,2133600
2013-05-29,58.349998,59.330002,58.349998,58.570000,53.515846,1979800
2013-05-30,58.720001,59.209999,58.520000,58.840000,53.762558,1459800
2013-05-31,58.520000,59.200001,58.119999,58.150002,53.132095,2022600
2013-06-03,58.529999,58.619999,57.150002,58.380001,53.342247,1435300
2013-06-04,58.189999,58.610001,57.540001,57.810001,52.821434,1244100
2013-06-05,57.340000,57.560001,56.529999,56.689999,52.077339,1170500
2013-06-06,56.799999,57.470001,56.400002,57.450001,52.775501,1353500
2013-06-07,57.779999,58.279999,57.439999,58.230000,53.492039,949500
2013-06-10,58.400002,58.759998,58.119999,58.630001,53.859493,957400
2013-06-11,57.959999,58.529999,57.400002,57.490002,52.812248,1036800
2013-06-12,57.889999,57.980000,56.759998,56.799999,52.178391,870300
2013-06-13,56.560001,57.689999,56.509998,57.660000,52.968418,937100
2013-06-14,57.700001,57.730000,56.730000,57.119999,52.472355,837600
2013-06-17,57.590000,58.200001,57.349998,58.049999,53.326687,1466600
2013-06-18,58.110001,58.400002,57.840000,58.360001,53.611458,1262600
2013-06-19,58.209999,59.090000,57.820000,57.900002,53.188889,1996000
2013-06-20,57.470001,58.790001,57.340000,58.110001,53.381805,3001500
2013-06-21,58.689999,58.820000,57.509998,57.990002,53.271564,2570400
2013-06-24,57.540001,57.660000,56.790001,57.080002,52.435616,1599700
2013-06-25,57.529999,57.980000,57.080002,57.150002,52.499905,2699300
2013-06-26,57.639999,57.790001,57.200001,57.299999,52.637714,2040800
2013-06-27,57.740002,58.360001,57.650002,58.310001,53.565529,1667200
2013-06-28,58.020000,58.570000,57.509998,57.900002,53.188889,2903700
2013-07-01,58.130001,59.650002,58.130001,58.759998,53.978901,1397300
2013-07-02,58.459999,59.189999,58.080002,58.630001,53.859493,1315300
2013-07-03,58.299999,58.849998,58.040001,58.830002,54.043213,367000
2013-07-05,59.340000,60.380001,59.099998,60.340000,55.430355,1094500
2013-07-08,60.520000,60.669998,60.040001,60.599998,55.669189,852900
2013-07-09,61.009998,61.189999,60.369999,61.130001,56.156071,1354100
2013-07-10,61.000000,61.360001,60.779999,61.160000,56.183636,1036300
2013-07-11,61.740002,61.840000,60.590000,60.889999,55.935608,1116200
2013-07-12,60.889999,61.529999,60.889999,61.509998,56.505150,782700
2013-07-15,61.650002,61.790001,61.340000,61.730000,56.707245,597000
2013-07-16,62.020000,62.020000,60.689999,60.750000,55.806988,1309600
2013-07-17,59.380001,60.099998,58.520000,59.410000,54.576015,2670900
2013-07-18,58.939999,59.389999,58.130001,59.130001,54.318806,3038700
2013-07-19,59.490002,59.490002,58.619999,59.139999,54.327988,2083500
2013-07-22,58.930000,59.630001,58.820000,59.419998,54.585213,1072900
2013-07-23,59.560001,60.439999,59.490002,60.110001,55.219070,1858500
2013-07-24,60.150002,60.150002,58.980000,59.110001,54.300434,1155700
2013-07-25,58.860001,59.480000,58.709999,59.150002,54.337170,1164500
2013-07-26,58.639999,59.000000,58.490002,58.959999,54.162647,784700
2013-07-29,58.599998,59.340000,58.259998,58.389999,53.639008,789100
2013-07-30,58.680000,58.849998,58.150002,58.290001,53.547150,815100
2013-07-31,58.619999,59.220001,58.310001,58.540001,53.776810,1155600
2013-08-01,58.970001,59.660000,58.599998,59.509998,54.667889,943700
2013-08-02,59.200001,59.490002,59.110001,59.209999,54.392292,757800
2013-08-05,59.049999,59.090000,58.380001,58.500000,53.740059,1018900
2013-08-06,58.459999,58.660000,58.000000,58.340000,53.593090,1201300
2013-08-07,58.259998,58.340000,57.599998,57.639999,52.950043,877400
2013-08-08,58.099998,58.230000,57.220001,57.680000,52.986778,823300
2013-08-09,57.709999,58.080002,57.430000,57.860001,53.152145,816900
2013-08-12,57.459999,57.810001,56.799999,57.060001,52.417236,1056200
2013-08-13,57.090000,57.830002,56.970001,57.570000,52.885738,654000
2013-08-14,57.290001,57.869999,57.020000,57.320000,52.656078,657800
2013-08-15,56.959999,57.090000,56.349998,56.599998,51.994663,807200
2013-08-16,56.459999,57.169998,56.380001,56.619999,52.013039,583800
2013-08-19,56.549999,57.000000,56.020000,56.040001,51.480225,821000
2013-08-20,56.099998,56.590000,55.790001,56.500000,51.902794,842400
2013-08-21,56.200001,56.490002,55.759998,56.040001,51.480225,866200
2013-08-22,56.070000,57.119999,55.990002,57.060001,52.417236,479200
2013-08-23,57.400002,57.400002,56.799999,57.029999,52.389675,548200
2013-08-26,57.040001,57.160000,56.369999,56.369999,51.783379,615700
2013-08-27,55.590000,56.020000,54.590000,54.770000,50.313564,1177100
2013-08-28,54.860001,55.290001,54.709999,54.990002,50.515663,757600
2013-08-29,54.759998,55.500000,54.750000,55.099998,50.616707,722300
2013-08-30,55.169998,55.660000,54.599998,54.869999,50.405426,682100
2013-09-03,55.380001,55.950001,54.820000,55.200001,50.708580,1418800
2013-09-04,54.700001,55.860001,54.189999,55.500000,51.272106,1258000
2013-09-05,55.410000,55.919998,55.410000,55.470001,51.244396,989100
2013-09-06,55.599998,55.889999,54.599998,55.470001,51.244396,1639800
2013-09-09,55.570000,55.770000,55.320000,55.599998,51.364487,1200200
2013-09-10,55.959999,56.299999,55.830002,56.020000,51.752502,1141100
2013-09-11,56.040001,56.299999,55.340000,55.410000,51.188957,1419900
2013-09-12,55.310001,55.430000,54.900002,55.009998,50.819427,1323100
2013-09-13,55.009998,55.250000,54.740002,54.810001,50.634666,1030400
2013-09-16,55.490002,55.560001,55.000000,55.299999,51.087349,1354300
2013-09-17,55.439999,55.619999,55.049999,55.610001,51.373730,1155800
2013-09-18,55.689999,56.820000,55.480000,56.009998,51.743256,1810400
2013-09-19,55.990002,56.349998,55.090000,56.020000,51.752502,1772500
2013-09-20,56.310001,56.450001,55.529999,55.639999,51.401432,3166400
2013-09-23,55.330002,55.480000,54.770000,55.209999,51.004192,1290800
2013-09-24,55.400002,55.720001,54.980000,55.090000,50.893341,1565400
2013-09-25,55.009998,55.990002,54.740002,55.520000,51.290585,1384200
2013-09-26,55.509998,55.880001,54.950001,55.290001,51.078102,958700
2013-09-27,54.900002,55.119999,54.520000,54.779999,50.606960,1007500
2013-09-30,54.209999,54.529999,53.919998,54.380001,50.237423,1159200
2013-10-01,54.439999,54.980000,54.310001,54.730000,50.560760,924500
2013-10-02,54.230000,54.290001,53.590000,53.680000,49.590748,1320800
2013-10-03,53.380001,53.660000,52.660000,53.150002,49.101128,2644200
2013-10-04,53.250000,53.860001,53.040001,53.630001,49.544563,1316700
2013-10-07,53.119999,53.520000,52.930000,53.130001,49.082657,1027500
2013-10-08,52.980000,53.200001,52.400002,52.410000,48.417496,1372200
2013-10-09,52.590000,53.189999,52.529999,52.990002,48.953316,1391600
2013-10-10,53.560001,54.740002,53.410000,54.730000,50.560760,1568100
2013-10-11,54.290001,55.000000,54.119999,54.790001,50.616196,706500
2013-10-14,54.439999,55.320000,54.250000,55.250000,51.041145,1102200
2013-10-15,55.020000,55.250000,54.180000,54.480000,50.329819,1785600
2013-10-16,55.169998,56.930000,54.810001,55.040001,50.847149,4019900
2013-10-17,54.959999,56.580002,54.790001,56.509998,52.205173,1788000
2013-10-18,56.910000,56.980000,56.070000,56.520000,52.214405,1239600
2013-10-21,53.860001,56.639999,53.860001,56.360001,52.066589,849900
2013-10-22,56.450001,56.450001,55.610001,55.959999,51.697056,1487800
2013-10-23,55.570000,56.020000,55.150002,55.529999,51.299824,1342100
2013-10-24,55.720001,56.099998,55.400002,56.009998,51.743256,930100
2013-10-25,55.959999,56.599998,55.810001,56.400002,52.103554,961600
2013-10-28,56.540001,57.150002,56.360001,56.849998,52.519268,1350000
2013-10-29,57.009998,57.270000,56.630001,57.180000,52.824123,947500
2013-10-30,57.180000,57.689999,56.939999,57.099998,52.750221,921000
2013-10-31,57.189999,57.240002,56.389999,56.419998,52.122025,1151400
2013-11-01,56.380001,56.709999,56.209999,56.580002,52.269829,1096000
2013-11-04,56.349998,56.750000,56.250000,56.650002,52.334507,1009700
2013-11-05,56.639999,57.189999,56.200001,57.139999,52.787170,1039700
2013-11-06,57.540001,57.540001,56.880001,57.180000,52.824123,747900
2013-11-07,57.439999,57.650002,56.200001,56.230000,51.946487,932900
2013-11-08,56.119999,58.419998,56.040001,58.400002,53.951183,1195500
2013-11-11,58.560001,58.560001,57.910000,58.099998,53.674038,675500
2013-11-12,57.910000,58.099998,57.430000,57.700001,53.304516,704900
2013-11-13,56.430000,57.770000,56.430000,57.639999,53.249088,1003800
2013-11-14,57.529999,57.939999,57.139999,57.200001,52.842602,1377900
2013-11-15,57.230000,57.700001,56.830002,57.150002,52.796421,1235200
2013-11-18,57.169998,57.500000,56.889999,56.990002,52.648605,856800
2013-11-19,56.790001,57.430000,56.419998,57.240002,52.879562,1596200
2013-11-20,57.189999,57.840000,57.130001,57.400002,53.027367,1088600
2013-11-21,57.599998,58.040001,57.400002,57.939999,53.526237,722500
2013-11-22,58.090000,58.099998,57.570000,58.099998,53.674038,930100
2013-11-25,58.090000,58.740002,57.790001,58.590000,54.126717,964400
2013-11-26,58.560001,58.990002,58.459999,58.660000,54.191387,1094100
2013-11-27,58.709999,59.000000,58.439999,58.939999,54.450054,701900
2013-11-29,58.990002,59.400002,58.689999,58.990002,54.496239,646200
2013-12-02,58.910000,59.529999,58.480000,58.700001,54.228336,944700
2013-12-03,58.340000,58.830002,57.980000,58.349998,53.905003,1252800
2013-12-04,57.790001,58.500000,57.439999,57.869999,53.747105,918700
2013-12-05,57.740002,58.139999,57.689999,57.750000,53.635658,997000
2013-12-06,58.400002,58.919998,58.320000,58.750000,54.564411,970000
2013-12-09,59.000000,59.220001,58.740002,58.950001,54.750164,887800
2013-12-10,58.590000,59.099998,58.230000,58.270000,54.118610,1102200
2013-12-11,58.119999,58.259998,57.150002,57.169998,53.096973,1702200
2013-12-12,57.290001,57.549999,56.660000,57.139999,53.069122,1279300
2013-12-13,58.279999,58.279999,57.139999,57.580002,53.477772,1616800
2013-12-16,57.959999,58.389999,57.680000,57.820000,53.700672,1535600
2013-12-17,57.709999,57.980000,57.189999,57.500000,53.403469,1024600
2013-12-18,57.470001,59.400002,57.299999,59.369999,55.140236,1691100
2013-12-19,59.090000,59.430000,58.709999,59.279999,55.056660,1209400
2013-12-20,59.639999,60.939999,59.450001,60.810001,56.477650,3895700
2013-12-23,60.590000,61.369999,60.570000,61.290001,56.923454,1446400
2013-12-24,61.110001,61.400002,60.860001,61.299999,56.932739,454400
2013-12-26,61.580002,61.820000,61.270000,61.709999,57.313530,688200
2013-12-27,61.599998,61.669998,61.180000,61.450001,57.072052,755700
2013-12-30,61.570000,61.810001,61.549999,61.720001,57.322823,854700
2013-12-31,61.700001,62.000000,61.660000,61.889999,57.480705,709000
2014-01-02,61.759998,61.950001,60.669998,60.889999,56.551945,1011100
2014-01-03,61.200001,61.599998,60.990002,61.299999,56.932739,873100
2014-01-06,61.470001,61.790001,60.580002,60.919998,56.579815,1518500
2014-01-07,61.110001,61.910000,60.770000,61.700001,57.304249,1155700
2014-01-08,61.570000,62.139999,61.250000,62.020000,57.601448,2320900
2014-01-09,62.160000,62.380001,61.290001,61.490002,57.109203,909400
2014-01-10,61.060001,61.490002,60.849998,61.119999,56.765568,862100
2014-01-13,61.040001,61.230000,60.259998,60.430000,56.124725,1025700
2014-01-14,60.650002,60.970001,60.419998,60.599998,56.282619,1118500
2014-01-15,60.939999,61.389999,60.810001,61.200001,56.839870,1330400
2014-01-16,61.040001,61.349998,60.730000,61.049999,56.700558,1080100
2014-01-17,61.189999,61.330002,60.330002,60.709999,56.384773,1569000
2014-01-21,61.160000,61.590000,60.400002,60.610001,56.291901,1524900
2014-01-22,61.779999,63.000000,60.759998,62.610001,58.149410,4200500
2014-01-23,62.759998,62.950001,61.750000,62.599998,58.140121,1983600
2014-01-24,61.160000,62.180000,61.090000,61.130001,56.774857,1936000
2014-01-27,61.240002,61.490002,60.509998,60.549999,56.236168,1435600
2014-01-28,60.389999,61.080002,60.320000,60.759998,56.431210,1447800
2014-01-29,60.320000,61.169998,60.240002,60.700001,56.375481,1561500
2014-01-30,61.090000,61.340000,60.419998,61.119999,56.765568,955200
2014-01-31,60.279999,60.779999,59.830002,60.220001,55.929680,1259900
2014-02-03,60.299999,60.400002,58.310001,58.400002,54.239346,1452200
2014-02-04,58.599998,59.930000,58.310001,59.779999,55.521042,1509900
2014-02-05,59.650002,59.980000,59.130001,59.160000,54.945202,937600
2014-02-06,59.220001,59.950001,58.980000,59.750000,55.493168,794800
2014-02-07,60.000000,60.930000,59.799999,60.730000,56.403347,960200
2014-02-10,60.720001,60.889999,60.380001,60.849998,56.514801,555800
2014-02-11,60.799999,61.990002,60.419998,61.770000,57.369251,838900
2014-02-12,61.810001,62.389999,61.610001,61.869999,57.462132,1155500
2014-02-13,61.529999,62.110001,61.360001,62.040001,57.620018,895600
2014-02-14,61.889999,62.389999,61.750000,62.250000,57.815048,769300
2014-02-18,62.000000,62.459999,61.580002,62.220001,57.787201,787800
2014-02-19,61.860001,62.340000,61.400002,61.430000,57.053478,1066200
2014-02-20,61.540001,61.970001,60.980000,61.540001,57.155647,926900
2014-02-21,61.669998,62.290001,61.119999,61.900002,57.489998,860200
2014-02-24,61.830002,62.840000,61.830002,62.450001,58.000809,947800
2014-02-25,62.529999,62.529999,61.759998,61.860001,57.452847,676100
2014-02-26,62.009998,62.160000,61.270000,61.720001,57.322823,869800
2014-02-27,61.480000,62.189999,61.470001,62.180000,57.750046,839800
2014-02-28,62.049999,62.490002,61.549999,61.849998,57.443562,1547700
2014-03-03,61.430000,62.000000,60.779999,61.330002,56.960602,1185400
2014-03-04,62.009998,62.380001,61.810001,62.290001,57.852215,990800
2014-03-05,61.669998,62.150002,61.590000,62.130001,57.992229,710800
2014-03-06,62.369999,63.000000,62.070000,62.820000,58.636261,812800
2014-03-07,62.959999,64.260002,62.900002,64.019997,59.756351,1548600
2014-03-10,63.849998,64.400002,63.549999,64.120003,59.849701,781300
2014-03-11,63.009998,63.880001,62.910000,63.139999,58.934956,726400
2014-03-12,62.669998,63.020000,62.340000,62.700001,58.524261,728900
2014-03-13,63.000000,63.000000,61.709999,61.799999,57.684196,1013500
2014-03-14,61.910000,62.279999,61.650002,62.040001,57.908215,906200
2014-03-17,62.500000,62.990002,62.320000,62.750000,58.570934,646400
2014-03-18,62.700001,63.160000,62.450001,63.080002,58.878956,984500
2014-03-19,63.119999,64.010002,62.689999,63.919998,59.663006,1403300
2014-03-20,63.669998,66.099998,63.430000,65.580002,61.212467,2496800
2014-03-21,66.470001,67.169998,65.669998,65.769997,61.389793,2363000
2014-03-24,65.970001,66.410004,65.029999,65.650002,61.277798,1438700
2014-03-25,66.089996,66.360001,64.839996,65.309998,60.960426,1020100
2014-03-26,65.750000,65.790001,64.650002,64.669998,60.363060,852200
2014-03-27,64.660004,64.930000,63.680000,64.320000,60.036377,1297000
2014-03-28,64.610001,65.400002,64.320000,64.910004,60.587082,760900
2014-03-31,65.440002,65.760002,64.940002,65.559998,61.193783,787000
2014-04-01,65.779999,65.980003,65.290001,65.750000,61.371128,833300
2014-04-02,65.709999,65.839996,65.339996,65.639999,61.268456,2180000
2014-04-03,65.900002,65.940002,65.190002,65.470001,61.109783,1543100
2014-04-04,65.769997,65.860001,64.010002,64.160004,59.887024,1541100
2014-04-07,64.199997,64.360001,62.570000,62.830002,58.645607,1726200
2014-04-08,62.790001,63.250000,62.099998,62.580002,58.412254,1887800
2014-04-09,62.840000,62.900002,62.270000,62.779999,58.598930,1105500
2014-04-10,62.869999,62.880001,61.400002,61.560001,57.460186,1620900
2014-04-11,60.970001,61.290001,60.580002,60.590000,56.554794,1282400
2014-04-14,61.369999,61.619999,60.619999,61.220001,57.142822,1495000
2014-04-15,58.380001,60.160000,58.299999,59.630001,55.658722,3196600
2014-04-16,60.529999,60.580002,58.549999,59.040001,55.108013,3107200
2014-04-17,58.919998,59.770000,58.849998,59.389999,55.434704,1923200
2014-04-21,59.650002,60.180000,59.480000,59.910000,55.920067,1354300
2014-04-22,59.689999,60.700001,59.189999,60.290001,56.274769,1181100
2014-04-23,60.150002,61.020000,60.150002,60.840000,56.788132,1142000
2014-04-24,61.189999,61.230000,60.200001,60.240002,56.228092,1378000
2014-04-25,60.049999,60.180000,59.389999,59.470001,55.509373,1432700
2014-04-28,59.630001,59.689999,58.689999,59.200001,55.257359,1400900
2014-04-29,59.610001,60.279999,59.400002,60.020000,56.022747,859100
2014-04-30,59.849998,60.410000,58.619999,60.250000,56.237431,917200
2014-05-01,60.270000,60.939999,59.869999,60.060001,56.060081,932100
2014-05-02,59.970001,61.270000,58.610001,60.490002,56.461449,787900
2014-05-05,60.040001,60.330002,59.619999,60.150002,56.144085,421700
2014-05-06,59.820000,60.049999,59.380001,59.439999,55.481377,806400
2014-05-07,59.770000,60.709999,59.310001,60.639999,56.601460,803400
2014-05-08,60.720001,61.630001,59.880001,61.040001,56.974812,1212100
2014-05-09,61.320000,61.700001,60.450001,61.110001,57.040154,981900
2014-05-12,61.259998,61.830002,61.209999,61.759998,57.646866,601300
2014-05-13,61.700001,61.919998,61.430000,61.720001,57.609531,765000
2014-05-14,61.680000,61.750000,60.720001,60.880001,56.825478,731900
2014-05-15,60.790001,61.009998,58.720001,59.619999,55.649391,1621800
2014-05-16,59.759998,59.970001,58.990002,59.810001,55.826736,1078100
2014-05-19,59.580002,60.250000,59.580002,60.080002,56.078747,746600
2014-05-20,59.980000,60.369999,59.419998,59.570000,55.602715,599600
2014-05-21,59.849998,60.259998,59.610001,59.880001,55.892071,811300
2014-05-22,59.860001,60.490002,59.759998,60.330002,56.312099,603800
2014-05-23,60.250000,60.509998,60.009998,60.360001,56.340099,677200
2014-05-27,60.580002,61.110001,60.470001,60.840000,56.788132,874400
2014-05-28,60.959999,61.150002,60.430000,60.779999,56.732121,832200
2014-05-29,60.869999,60.939999,60.209999,60.490002,56.461449,712400
2014-05-30,60.500000,60.630001,60.240002,60.400002,56.377449,794400
2014-06-02,60.459999,60.880001,60.200001,60.830002,56.778801,440800
2014-06-03,60.570000,60.980000,60.500000,60.939999,56.881466,561400
2014-06-04,60.540001,61.369999,60.520000,61.290001,57.519646,666800
2014-06-05,61.340000,61.840000,60.959999,61.630001,57.838726,503300
2014-06-06,61.919998,62.490002,61.730000,62.209999,58.383041,887400
2014-06-09,62.070000,62.889999,62.070000,62.639999,58.786598,799200
2014-06-10,62.369999,62.759998,62.270000,62.689999,58.833515,455500
2014-06-11,62.340000,62.369999,61.980000,62.099998,58.279808,431400
2014-06-12,62.150002,62.619999,61.790001,62.200001,58.373665,778100
2014-06-13,62.299999,62.770000,61.980000,62.209999,58.383041,639100
2014-06-16,62.020000,62.560001,61.650002,62.250000,58.420586,999900
2014-06-17,61.970001,64.970001,61.810001,63.889999,59.959698,2330800
2014-06-18,63.830002,64.720001,63.430000,64.389999,60.428936,2219500
2014-06-19,64.540001,64.570000,63.720001,64.120003,60.175556,1019100
2014-06-20,64.510002,64.510002,63.830002,64.290001,60.335094,1743100
2014-06-23,64.160004,64.470001,63.750000,64.110001,60.166164,777500
2014-06-24,63.900002,64.620003,63.779999,63.880001,59.950314,1001200
2014-06-25,63.630001,64.199997,63.320000,64.150002,60.203705,666100
2014-06-26,64.040001,64.190002,63.090000,64.070000,60.128620,720400
2014-06-27,63.910000,64.519997,63.689999,64.449997,60.485245,943600
2014-06-30,64.470001,64.900002,64.110001,64.209999,60.260006,1246300
2014-07-01,64.510002,64.989998,64.230003,64.500000,60.532169,1080100
2014-07-02,64.309998,64.919998,63.980000,64.059998,60.119236,991700
2014-07-03,64.389999,65.279999,64.139999,64.889999,60.898186,654200
2014-07-07,64.599998,64.830002,64.080002,64.800003,60.813721,627200
2014-07-08,64.519997,64.559998,63.840000,64.120003,60.175556,615400
2014-07-09,64.480003,64.709999,63.759998,64.019997,60.081699,974100
2014-07-10,63.540001,64.050003,63.110001,63.830002,59.903397,626800
2014-07-11,63.830002,64.489998,63.360001,64.410004,60.447708,853200
2014-07-14,64.949997,65.230003,64.230003,64.430000,60.466484,1163800
2014-07-15,64.470001,65.199997,64.330002,64.480003,60.513412,1520800
2014-07-16,64.900002,65.739998,63.919998,64.480003,60.513412,1505900
2014-07-17,64.150002,64.680000,63.900002,64.339996,60.382011,1414800
2014-07-18,64.699997,65.190002,64.269997,65.019997,61.020187,1294000
2014-07-21,64.559998,65.529999,64.559998,65.489998,61.461269,1126600
2014-07-22,65.500000,66.190002,65.410004,66.070000,62.005600,1460500
2014-07-23,66.010002,66.629997,65.760002,66.389999,62.305912,1442000
2014-07-24,66.400002,67.260002,66.370003,67.110001,62.981621,1115600
2014-07-25,67.110001,67.370003,66.949997,67.129997,63.000378,1143800
2014-07-28,67.150002,67.449997,66.809998,67.180000,63.047306,1049900
2014-07-29,66.629997,67.699997,66.629997,67.110001,62.981621,993500
2014-07-30,67.500000,68.110001,66.839996,67.879997,63.704235,1368100
2014-07-31,67.639999,67.919998,66.889999,66.889999,62.775150,1460200
2014-08-01,66.800003,66.940002,65.989998,66.139999,62.071285,1293200
2014-08-04,66.139999,66.639999,65.930000,66.500000,62.409130,1049300
2014-08-05,66.120003,66.500000,65.449997,65.680000,61.639591,814500
2014-08-06,65.529999,66.620003,65.410004,65.900002,61.846050,1118000
2014-08-07,66.239998,66.470001,65.449997,65.690002,61.648975,2076100
2014-08-08,65.690002,66.209999,65.470001,66.129997,62.061897,1361400
2014-08-11,66.169998,66.379997,65.940002,66.250000,62.174522,1316900
2014-08-12,66.209999,66.470001,66.120003,66.440002,62.352837,1345300
2014-08-13,64.059998,66.849998,64.059998,66.779999,62.671909,1001200
2014-08-14,66.760002,67.129997,66.370003,66.980003,62.859619,875600
2014-08-15,67.160004,67.279999,66.250000,66.589996,62.493607,999000
2014-08-18,67.120003,67.379997,66.370003,67.150002,63.019150,810300
2014-08-19,67.230003,67.449997,66.779999,66.959999,62.840839,1348700
2014-08-20,66.949997,67.379997,66.599998,67.230003,63.094234,1269200
2014-08-21,67.199997,68.000000,67.199997,67.989998,63.807480,1233500
2014-08-22,67.760002,68.680000,66.480003,68.260002,64.060875,1312700
2014-08-25,68.440002,69.160004,68.419998,68.940002,64.699036,1710300
2014-08-26,69.019997,69.089996,68.690002,68.940002,64.699036,664600
2014-08-27,68.800003,69.139999,68.680000,68.970001,64.727203,921300
2014-08-28,68.849998,68.889999,68.449997,68.800003,64.567650,822500
2014-08-29,69.000000,69.440002,68.699997,69.349998,65.083817,1091500
2014-09-02,69.540001,69.870003,69.110001,69.489998,65.215210,1776100
2014-09-03,69.620003,69.769997,69.150002,69.400002,65.441498,1304800
2014-09-04,69.620003,69.879997,69.010002,69.070000,65.130341,1146500
2014-09-05,68.849998,69.440002,68.660004,69.120003,65.177490,1181600
2014-09-08,68.769997,68.949997,68.230003,68.620003,64.706017,1923100
2014-09-09,68.610001,68.639999,67.989998,68.269997,64.375969,861800
2014-09-10,68.430000,69.099998,68.290001,68.849998,64.922890,988700
2014-09-11,68.639999,69.139999,68.480003,69.070000,65.130341,819200
2014-09-12,69.110001,69.800003,68.959999,69.550003,65.582962,1099000
2014-09-15,69.339996,69.529999,69.019997,69.339996,65.384933,1029900
2014-09-16,69.300003,69.580002,68.970001,69.180000,65.234070,1040400
2014-09-17,69.209999,70.389999,68.930000,69.900002,65.913002,1220400
2014-09-18,70.040001,70.839996,69.889999,70.330002,66.318466,1582300
2014-09-19,70.599998,70.650002,69.629997,69.629997,65.658386,1568000
2014-09-22,69.320000,69.820000,69.269997,69.529999,65.564102,1104800
2014-09-23,69.660004,69.830002,69.010002,69.050003,65.111473,1455600
2014-09-24,68.680000,69.269997,68.360001,69.209999,65.262337,1060400
2014-09-25,69.139999,69.709999,68.000000,68.080002,64.196800,1076200
2014-09-26,68.580002,68.790001,68.010002,68.650002,64.734299,723400
2014-09-29,67.989998,68.449997,67.620003,68.230003,64.338272,764200
2014-09-30,68.410004,68.570000,67.690002,68.029999,64.149651,1117500
2014-10-01,68.099998,68.099998,67.139999,67.260002,63.423573,856600
2014-10-02,67.220001,67.610001,66.830002,67.370003,63.527313,674400
2014-10-03,67.739998,68.349998,67.580002,68.120003,64.234535,572900
2014-10-06,68.559998,68.699997,67.709999,68.220001,64.328819,706600
2014-10-07,67.820000,68.070000,66.639999,66.660004,62.857811,945100
2014-10-08,66.779999,67.419998,66.290001,67.379997,63.536743,1318500
2014-10-09,67.589996,67.589996,65.419998,65.440002,61.707394,1740100
2014-10-10,65.550003,66.199997,64.519997,64.550003,60.868156,1280900
2014-10-13,64.650002,64.980003,63.680000,63.799999,60.160934,1098800
2014-10-14,64.040001,64.830002,63.650002,63.790001,60.151501,960800
2014-10-15,62.970001,63.900002,61.259998,62.590000,59.019951,2222400
2014-10-16,61.389999,63.310001,60.779999,62.759998,59.180256,1644900
2014-10-17,64.809998,64.809998,62.970001,63.299999,59.689453,1807600
2014-10-20,63.950001,64.699997,62.970001,63.610001,59.981770,1220600
2014-10-21,64.000000,65.529999,63.970001,65.470001,61.735676,1743700
2014-10-22,62.070000,64.629997,61.490002,61.900002,58.369312,3593800
2014-10-23,62.160000,63.099998,62.119999,62.860001,59.274544,2278100
2014-10-24,62.779999,63.680000,62.619999,63.639999,60.010052,1456900
2014-10-27,63.630001,63.700001,63.119999,63.639999,60.010052,1279800
2014-10-28,64.209999,64.330002,62.349998,64.180000,60.519260,1554200
2014-10-29,64.199997,65.160004,63.980000,65.099998,61.386784,1856200
2014-10-30,64.730003,65.500000,64.589996,65.230003,61.509365,1287000
2014-10-31,66.139999,66.559998,65.690002,66.300003,62.518345,1530200
2014-11-03,66.230003,66.510002,65.660004,65.790001,62.037418,1376100
2014-11-04,65.830002,66.120003,65.199997,65.910004,62.150574,873500
2014-11-05,66.379997,66.500000,65.779999,66.290001,62.508892,944800
2014-11-06,66.440002,66.900002,66.190002,66.830002,63.018105,819500
2014-11-07,66.690002,67.160004,66.239998,66.900002,63.084106,732600
2014-11-10,66.000000,67.269997,66.000000,67.230003,63.395294,674600
2014-11-11,67.110001,67.760002,66.500000,67.580002,63.725323,805400
2014-11-12,67.440002,68.080002,67.160004,67.860001,63.989361,798600
2014-11-13,68.000000,68.199997,67.190002,67.519997,63.668743,817600
2014-11-14,67.279999,68.040001,67.150002,67.790001,63.923336,1057000
2014-11-17,67.669998,67.849998,67.470001,67.830002,63.961075,1049600
2014-11-18,67.940002,68.419998,67.489998,68.120003,64.234535,967900
2014-11-19,67.980003,68.309998,67.540001,68.139999,64.253387,765000
2014-11-20,67.550003,68.430000,67.389999,68.309998,64.413681,789200
2014-11-21,69.150002,69.150002,67.709999,67.919998,64.045929,1536500
2014-11-24,67.959999,68.440002,67.519997,67.739998,63.876198,1265200
2014-11-25,68.000000,68.000000,67.599998,67.849998,63.979923,1137200
2014-11-26,67.949997,68.139999,67.489998,67.610001,63.753624,951800
2014-11-28,67.760002,67.989998,67.489998,67.730003,63.866783,393800
2014-12-01,67.489998,67.699997,66.410004,66.779999,62.970951,818300
2014-12-02,67.019997,67.809998,65.190002,67.669998,63.810207,674800
2014-12-03,67.239998,67.860001,67.010002,67.839996,64.283981,715400
2014-12-04,67.599998,68.000000,67.320000,67.529999,63.990234,729900
2014-12-05,67.989998,68.900002,67.849998,68.360001,64.776733,942200
2014-12-08,68.339996,69.000000,67.889999,68.669998,65.070480,675500
2014-12-09,67.830002,68.559998,67.519997,68.379997,64.795685,563700
2014-12-10,68.000000,68.790001,67.050003,67.089996,63.573292,797200
2014-12-11,67.449997,68.190002,66.760002,66.860001,63.355362,885200
2014-12-12,66.260002,67.089996,65.900002,65.900002,62.445679,1082100
2014-12-15,66.199997,66.400002,64.879997,65.650002,62.208775,865600
2014-12-16,65.510002,66.540001,64.720001,64.730003,61.337017,867600
2014-12-17,64.879997,66.419998,64.760002,66.360001,62.881554,1010300
2014-12-18,67.190002,68.029999,67.070000,68.029999,64.464012,1153800
2014-12-19,68.010002,68.489998,67.120003,67.300003,63.772285,2985100
2014-12-22,67.430000,67.930000,67.139999,67.860001,64.302940,716900
2014-12-23,68.180000,68.849998,67.959999,68.699997,65.098892,605300
2014-12-24,68.839996,68.849998,68.269997,68.330002,64.748291,292600
2014-12-26,68.650002,68.669998,68.150002,68.150002,64.577728,386700
2014-12-29,68.000000,68.870003,67.919998,68.309998,64.729340,459900
2014-12-30,68.120003,68.400002,67.970001,68.080002,64.511406,375100
2014-12-31,68.360001,68.750000,67.389999,67.400002,63.867043,639800
2015-01-02,67.680000,67.949997,66.790001,67.550003,64.009178,676000
2015-01-05,67.010002,67.150002,64.989998,65.070000,61.659176,1420400
2015-01-06,65.220001,65.349998,63.009998,63.240002,59.925110,1520100
2015-01-07,63.779999,64.419998,63.330002,64.260002,60.891640,798600
2015-01-08,64.750000,65.500000,64.750000,65.260002,61.839230,801300
2015-01-09,65.199997,65.389999,64.099998,64.110001,60.749500,1045300
2015-01-12,64.139999,64.419998,63.070000,63.340000,60.019867,1098200
2015-01-13,63.970001,64.550003,62.950001,63.459999,60.133579,1121200
2015-01-14,62.599998,63.180000,61.330002,62.250000,58.986992,1339200
2015-01-15,62.279999,62.610001,61.480000,61.790001,58.551113,1219800
2015-01-16,61.639999,62.320000,61.099998,62.299999,59.034374,1223900
2015-01-20,62.450001,62.810001,61.709999,62.439999,59.167038,1422200
2015-01-21,67.389999,68.139999,65.739998,66.320000,62.843658,3359200
2015-01-22,66.480003,68.620003,66.239998,68.000000,64.435608,2236800
2015-01-23,67.660004,68.290001,66.820000,66.879997,63.374298,1856700
2015-01-26,66.839996,67.620003,66.379997,67.610001,64.066048,947400
2015-01-27,66.959999,67.440002,66.239998,66.309998,62.834183,1286200
2015-01-28,66.639999,66.730003,64.839996,64.839996,61.441238,1524600
2015-01-29,64.730003,66.449997,64.489998,66.410004,62.928944,1399200
2015-01-30,65.519997,66.669998,64.320000,65.379997,61.952938,1570900
2015-02-02,65.949997,66.669998,65.459999,66.610001,63.118454,1249100
2015-02-03,66.820000,68.250000,66.820000,68.139999,64.568268,1324400
2015-02-04,67.860001,68.750000,67.559998,67.750000,64.198700,1255900
2015-02-05,67.839996,68.879997,67.690002,68.510002,64.918861,981600
2015-02-06,68.849998,70.419998,68.510002,69.610001,65.961197,1487500
2015-02-09,69.150002,69.589996,68.820000,68.940002,65.326317,709600
2015-02-10,69.269997,70.010002,69.099998,69.900002,66.236015,1338000
2015-02-11,69.870003,70.919998,69.620003,70.580002,66.880348,1321500
2015-02-12,70.599998,71.010002,70.139999,70.589996,66.889832,1490300
2015-02-13,70.519997,70.889999,69.730003,70.080002,66.406570,1370300
2015-02-17,69.849998,70.279999,69.779999,70.209999,66.529747,927100
2015-02-18,70.099998,70.309998,68.889999,69.180000,65.553734,996300
2015-02-19,69.110001,69.639999,68.930000,69.629997,65.980156,1452100
2015-02-20,69.309998,70.209999,68.870003,70.080002,66.406570,1393000
2015-02-23,69.889999,70.150002,69.400002,70.139999,66.463417,1099700
2015-02-24,70.180000,71.839996,70.099998,71.089996,67.363625,1523300
2015-02-25,70.940002,71.279999,70.610001,71.110001,67.382584,886500
2015-02-26,71.160004,71.370003,69.910004,70.180000,66.501335,1488400
2015-02-27,69.959999,70.379997,69.820000,69.830002,66.169678,1086400
2015-03-02,70.080002,70.589996,69.680000,70.510002,66.814041,654800
2015-03-03,70.440002,70.699997,69.720001,70.169998,66.491852,835600
2015-03-04,69.419998,69.739998,68.980003,69.370003,66.044380,746500
2015-03-05,69.349998,69.720001,69.010002,69.480003,66.149101,546500
2015-03-06,69.150002,71.750000,68.730003,70.360001,66.986916,1776500
2015-03-09,70.459999,70.739998,69.870003,70.510002,67.129745,970800
2015-03-10,69.589996,70.010002,69.260002,69.379997,66.053902,1240300
2015-03-11,69.419998,70.080002,69.339996,69.820000,66.472809,844900
2015-03-12,70.489998,71.360001,70.050003,70.900002,67.501038,1089200
2015-03-13,70.739998,70.970001,70.019997,70.870003,67.472481,795700
2015-03-16,71.129997,71.900002,70.849998,71.870003,68.424538,705100
2015-03-17,71.680000,72.169998,71.190002,72.089996,68.633980,1073100
2015-03-18,72.099998,72.720001,70.809998,71.309998,67.891380,1906700
2015-03-19,71.029999,71.519997,70.309998,70.930000,67.529610,1094700
2015-03-20,71.120003,71.620003,70.709999,71.349998,67.929459,1396700
2015-03-23,71.470001,71.680000,70.629997,70.720001,67.329666,844200
2015-03-24,70.550003,70.690002,69.610001,69.629997,66.291924,1113900
2015-03-25,69.660004,69.660004,68.500000,68.849998,65.549316,1271500
2015-03-26,68.629997,69.940002,68.169998,69.620003,66.282394,1569800
2015-03-27,69.470001,69.559998,68.870003,69.330002,66.006310,688800
2015-03-30,69.919998,70.339996,69.550003,69.930000,66.577538,739800
2015-03-31,69.639999,70.160004,69.050003,69.650002,66.310966,1036100
2015-04-01,69.360001,70.239998,68.879997,70.050003,66.691803,1315200
2015-04-02,69.879997,70.800003,69.709999,70.699997,67.310623,987000
2015-04-06,70.139999,70.709999,69.540001,70.440002,67.063103,921800
2015-04-07,70.480003,71.180000,70.070000,71.000000,67.596230,940200
2015-04-08,70.970001,71.419998,70.709999,71.180000,67.767601,766800
2015-04-09,71.309998,71.309998,70.519997,71.209999,67.796158,891600
2015-04-10,71.250000,71.339996,70.660004,70.860001,67.462952,1147600
2015-04-13,70.860001,71.709999,70.610001,71.459999,68.034195,1245200
2015-04-14,71.290001,71.519997,70.769997,71.339996,67.919937,726100
2015-04-15,71.330002,71.540001,71.099998,71.150002,67.739052,1370000
2015-04-16,70.949997,71.110001,70.419998,71.010002,67.605759,867700
2015-04-17,70.400002,70.760002,69.620003,69.830002,66.482330,1362900
2015-04-20,70.500000,70.620003,70.059998,70.230003,66.863159,1133300
2015-04-21,72.410004,72.540001,71.120003,71.889999,68.443573,2140000
2015-04-22,72.260002,73.870003,71.930000,73.849998,70.309608,2138800
2015-04-23,73.790001,74.269997,73.000000,73.790001,70.252487,1735800
2015-04-24,73.699997,74.010002,72.360001,73.099998,69.595566,1426500
2015-04-27,73.050003,73.690002,72.889999,73.010002,69.509888,1624100
2015-04-28,72.949997,73.690002,72.760002,73.540001,70.014473,857300
2015-04-29,73.110001,74.230003,72.900002,73.739998,70.204880,1155000
2015-04-30,73.099998,73.949997,72.900002,73.150002,69.643166,1194600
2015-05-01,73.639999,73.930000,73.300003,73.699997,70.166786,989300
2015-05-04,73.699997,74.660004,73.680000,74.550003,70.976067,715200
2015-05-05,74.089996,75.269997,73.839996,74.559998,70.985573,2111200
2015-05-06,74.510002,74.769997,73.709999,74.230003,70.671402,1019400
2015-05-07,74.349998,74.820000,74.120003,74.639999,71.061745,993300
2015-05-08,75.000000,75.360001,74.779999,75.250000,71.642487,1090600
2015-05-11,75.260002,75.849998,74.970001,75.050003,71.452080,906800
2015-05-12,74.610001,75.059998,74.279999,74.639999,71.061745,1043900
2015-05-13,74.480003,75.019997,74.430000,74.730003,71.147438,1434300
2015-05-14,74.830002,75.169998,74.379997,75.010002,71.414001,1169900
2015-05-15,75.230003,75.239998,74.169998,74.720001,71.137901,1069400
2015-05-18,74.919998,75.779999,74.769997,75.699997,72.070923,853200
2015-05-19,76.000000,76.629997,75.800003,76.150002,72.499344,1251000
2015-05-20,76.080002,76.519997,75.809998,76.160004,72.508873,708100
2015-05-21,75.900002,76.339996,75.769997,76.029999,72.385094,947500
2015-05-22,76.059998,76.160004,75.529999,75.559998,71.937637,814600
2015-05-26,75.389999,75.500000,74.529999,74.790001,71.204544,992900
2015-05-27,74.809998,75.669998,74.680000,75.510002,71.890030,1112300
2015-05-28,75.389999,75.739998,75.150002,75.650002,72.023323,810900
2015-05-29,75.650002,75.650002,74.540001,74.550003,70.976067,1095500
2015-06-01,74.790001,75.190002,73.980003,74.250000,70.690437,1226500
2015-06-02,74.169998,74.540001,73.769997,74.400002,70.833244,1535100
2015-06-03,74.419998,75.410004,74.410004,75.099998,71.847328,768200
2015-06-04,74.739998,75.080002,73.860001,74.269997,71.053276,833500
2015-06-05,74.720001,75.750000,74.690002,75.250000,71.990837,1133300
2015-06-08,75.139999,75.959999,75.089996,75.660004,72.383087,1508700
2015-06-09,75.510002,76.059998,75.209999,75.879997,72.593552,977000
2015-06-10,76.300003,77.510002,76.139999,77.260002,73.913788,1245400
2015-06-11,77.349998,77.629997,77.120003,77.500000,74.143387,865600
2015-06-12,77.470001,77.709999,76.970001,77.589996,74.229492,1451300
2015-06-15,76.949997,77.599998,76.629997,77.239998,73.894646,1195700
2015-06-16,76.930000,77.599998,76.930000,77.330002,73.980751,685000
2015-06-17,77.550003,77.769997,76.830002,76.879997,73.550247,1152300
2015-06-18,77.370003,77.820000,76.480003,77.699997,74.334732,1442800
2015-06-19,77.339996,77.860001,77.169998,77.559998,74.200783,1728000
2015-06-22,78.000000,78.580002,77.809998,78.209999,74.822639,979700
2015-06-23,78.449997,78.879997,78.000000,78.400002,75.004410,856800
2015-06-24,78.339996,78.610001,77.580002,77.709999,74.344284,964300
2015-06-25,78.099998,78.400002,77.370003,77.690002,74.325157,899500
2015-06-26,78.059998,78.849998,77.730003,78.639999,75.234009,2107400
2015-06-29,77.680000,77.989998,76.139999,76.279999,72.976227,1419300
2015-06-30,77.000000,77.440002,76.080002,76.459999,73.148430,1265100
2015-07-01,77.360001,77.570000,76.519997,76.949997,73.617203,909200
2015-07-02,77.070000,77.739998,75.690002,76.680000,73.358894,1145000
2015-07-06,75.989998,76.180000,75.489998,75.989998,72.698784,742600
2015-07-07,76.199997,76.360001,74.419998,75.870003,72.583984,803100
2015-07-08,75.309998,75.519997,73.919998,74.050003,70.842819,1398900
2015-07-09,74.809998,75.589996,74.459999,74.739998,71.502922,988700
2015-07-10,75.639999,76.720001,75.330002,76.379997,73.071892,1989700
2015-07-13,76.629997,77.300003,76.430000,77.160004,73.818108,922700
2015-07-14,76.870003,77.379997,76.610001,77.239998,73.894646,1108200
2015-07-15,77.580002,77.970001,77.089996,77.709999,74.344284,845500
2015-07-16,78.239998,78.750000,77.919998,78.660004,75.253159,882900
2015-07-17,78.440002,78.779999,77.529999,77.919998,74.545189,947000
2015-07-20,78.209999,78.669998,77.919998,78.339996,74.947006,867600
2015-07-21,78.260002,78.910004,77.610001,78.050003,74.669556,1441300
2015-07-22,77.260002,78.900002,77.129997,77.970001,74.593033,2117400
2015-07-23,78.300003,79.250000,77.650002,78.000000,74.621742,1870300
2015-07-24,77.989998,78.089996,76.849998,76.970001,73.636337,997000
2015-07-27,76.809998,76.839996,75.620003,75.769997,72.488304,1045400
2015-07-28,76.349998,76.650002,75.720001,76.500000,73.186699,984700
2015-07-29,76.419998,77.050003,76.260002,76.750000,73.425865,830200
2015-07-30,76.720001,77.389999,76.510002,77.260002,73.913788,878400
2015-07-31,77.849998,77.870003,76.379997,76.489998,73.177132,883900
2015-08-03,76.769997,77.019997,75.980003,76.620003,73.301506,623900
2015-08-04,76.519997,77.349998,76.199997,77.199997,73.856369,1097100
2015-08-05,77.699997,78.180000,77.099998,77.209999,73.865944,1005100
2015-08-06,77.459999,77.849998,76.889999,77.150002,73.808548,747900
2015-08-07,77.360001,77.879997,76.900002,77.660004,74.296455,895200
2015-08-10,78.260002,78.699997,78.029999,78.529999,75.128784,693300
2015-08-11,77.980003,78.070000,77.290001,77.669998,74.306023,744500
2015-08-12,76.739998,76.739998,75.160004,76.599998,73.282364,1125000
2015-08-13,76.790001,77.430000,76.449997,76.989998,73.655479,603200
2015-08-14,76.839996,77.739998,76.839996,77.699997,74.334732,665700
2015-08-17,77.239998,77.970001,76.849998,77.629997,74.267746,639900
2015-08-18,77.419998,77.980003,77.290001,77.599998,74.239052,602100
2015-08-19,77.169998,78.209999,76.860001,77.339996,73.990311,1479900
2015-08-20,76.779999,76.809998,75.019997,75.029999,71.780365,1024000
2015-08-21,74.459999,74.610001,72.519997,72.519997,69.379066,1563700
2015-08-24,69.029999,70.349998,66.680000,67.160004,64.251228,4231400
2015-08-25,68.980003,69.739998,65.169998,65.250000,62.423950,2943800
2015-08-26,67.180000,69.199997,65.669998,68.019997,65.073982,2281800
2015-08-27,68.919998,70.279999,68.919998,70.070000,67.035187,1623100
2015-08-28,69.519997,70.190002,69.099998,70.139999,67.102165,1025600
2015-08-31,69.589996,70.129997,68.870003,69.839996,66.815140,1726800
2015-09-01,67.959999,68.570000,67.260002,68.000000,65.054848,1901400
2015-09-02,68.860001,69.820000,67.800003,68.930000,66.295540,1239300
2015-09-03,69.099998,70.400002,69.000000,69.430000,66.776436,1126300
2015-09-04,68.389999,68.760002,67.839996,68.279999,65.670380,1159500
2015-09-08,69.730003,70.620003,69.040001,70.550003,67.853622,1184600
2015-09-09,71.139999,71.750000,69.519997,69.669998,67.007248,962600
2015-09-10,69.360001,70.250000,68.790001,69.900002,67.228477,1483300
2015-09-11,69.470001,70.059998,69.000000,70.029999,67.353500,630900
2015-09-14,69.989998,70.330002,69.709999,70.019997,67.343880,1077000
2015-09-15,70.139999,70.970001,69.870003,70.790001,68.084450,715700
2015-09-16,70.629997,70.900002,69.650002,70.790001,68.084450,852400
2015-09-17,70.940002,71.800003,69.209999,69.419998,66.766808,1786200
2015-09-18,68.449997,68.449997,66.910004,67.129997,64.564339,2697300
2015-09-21,67.769997,68.459999,67.320000,68.389999,65.776176,1430900
2015-09-22,67.239998,67.889999,66.790001,67.339996,64.766296,1106500
2015-09-23,67.349998,68.050003,66.459999,67.489998,64.910576,1172700
2015-09-24,66.980003,67.269997,66.050003,67.120003,64.554718,1225800
2015-09-25,67.930000,69.449997,67.889999,69.050003,66.410957,1982800
2015-09-28,68.480003,68.860001,67.000000,67.150002,64.583572,1848100
2015-09-29,67.269997,67.410004,66.550003,67.250000,64.679741,937600
2015-09-30,68.040001,68.250000,67.330002,68.160004,65.554977,1096000
2015-10-01,68.139999,68.779999,67.440002,68.209999,65.603058,1180700
2015-10-02,67.080002,67.410004,64.769997,67.389999,64.814400,1989100
2015-10-05,67.949997,68.940002,67.779999,68.779999,66.151268,1379100
2015-10-06,68.610001,68.769997,68.019997,68.349998,65.737701,672700
2015-10-07,68.750000,69.230003,68.160004,69.000000,66.362877,843100
2015-10-08,68.510002,69.320000,68.410004,69.120003,66.478287,1155200
2015-10-09,69.059998,69.389999,67.959999,68.480003,65.862747,823900
2015-10-12,68.540001,68.959999,68.160004,68.800003,66.170502,635300
2015-10-13,68.940002,69.000000,68.180000,68.440002,65.824272,890700
2015-10-14,68.000000,68.059998,67.050003,67.680000,65.093315,1400500
2015-10-15,68.029999,69.459999,68.000000,69.449997,66.795670,1670600
2015-10-16,69.730003,69.839996,68.940002,69.110001,66.468666,1441100
2015-10-19,68.709999,69.080002,68.260002,68.339996,65.728088,1487200
2015-10-20,68.599998,69.849998,68.599998,69.570000,66.911079,1780800
2015-10-21,68.019997,69.480003,66.309998,66.550003,64.006508,2947300
2015-10-22,66.529999,68.769997,66.519997,68.099998,65.497253,2684800
2015-10-23,68.599998,69.180000,67.690002,69.169998,66.526367,1770900
2015-10-26,69.300003,69.550003,68.529999,68.900002,66.266685,852100
2015-10-27,68.580002,69.449997,68.279999,68.930000,66.295540,969600
2015-10-28,68.489998,71.690002,68.489998,71.440002,68.709618,1875700
2015-10-29,71.489998,72.089996,70.760002,71.019997,68.305664,1572500
2015-10-30,70.970001,71.480003,70.260002,70.389999,67.699738,1662000
2015-11-02,70.800003,71.550003,70.599998,71.290001,68.565346,976600
2015-11-03,70.889999,72.059998,70.889999,71.730003,68.988525,955000
2015-11-04,71.750000,72.459999,71.540001,72.169998,69.411713,1058800
2015-11-05,72.389999,73.400002,72.059998,73.279999,70.479294,1470000
2015-11-06,74.400002,75.919998,74.120003,74.970001,72.104706,1730200
2015-11-09,75.000000,75.430000,73.669998,74.040001,71.210243,995800
2015-11-10,73.940002,74.830002,73.389999,74.820000,71.960426,1637500
2015-11-11,74.959999,75.470001,74.650002,74.949997,72.085457,998900
2015-11-12,74.309998,74.680000,73.930000,73.949997,71.123665,1230700
2015-11-13,73.910004,74.519997,73.059998,73.230003,70.431206,1396600
2015-11-16,73.110001,74.010002,72.610001,74.010002,71.181381,1392300
2015-11-17,74.099998,74.790001,73.730003,73.980003,71.152534,757600
2015-11-18,74.480003,75.830002,74.120003,75.760002,72.864494,1205400
2015-11-19,75.580002,75.900002,75.010002,75.400002,72.518265,720100
2015-11-20,75.940002,76.110001,75.129997,75.639999,72.749092,903000
2015-11-23,75.430000,75.879997,74.900002,75.199997,72.325905,955300
2015-11-24,74.680000,75.540001,74.300003,75.099998,72.229729,1208000
2015-11-25,75.410004,75.809998,74.720001,75.000000,72.133553,1267300
2015-11-27,75.110001,75.669998,74.800003,75.540001,72.652916,630200
2015-11-30,75.519997,75.580002,74.870003,74.940002,72.075844,1450800
2015-12-01,75.449997,75.620003,74.639999,75.019997,72.152779,1842200
2015-12-02,74.879997,75.139999,74.099998,74.199997,71.708229,1539500
2015-12-03,74.440002,74.599998,72.489998,72.769997,70.326248,1844100
2015-12-04,73.440002,75.650002,72.639999,75.529999,72.993576,1653600
2015-12-07,75.400002,75.449997,74.059998,74.610001,72.104469,819000
2015-12-08,75.489998,75.769997,73.989998,74.320000,71.824203,1967300
2015-12-09,73.680000,74.290001,72.089996,72.480003,70.045990,1684800
2015-12-10,72.320000,73.250000,72.040001,72.129997,69.707741,1574200
2015-12-11,71.029999,71.459999,69.730003,70.110001,67.755592,1400000
2015-12-14,70.389999,70.830002,68.500000,70.029999,67.678276,2127100
2015-12-15,70.750000,73.279999,70.660004,72.680000,70.239281,1647500
2015-12-16,73.720001,74.589996,72.639999,74.050003,71.563271,1853700
2015-12-17,74.540001,74.540001,71.860001,71.970001,69.553116,1314800
2015-12-18,70.820000,71.440002,69.980003,70.059998,67.707268,2750600
2015-12-21,70.570000,71.440002,70.529999,71.150002,68.760651,769700
2015-12-22,71.809998,72.720001,70.959999,72.040001,69.620766,946600
2015-12-23,72.330002,73.160004,72.239998,73.099998,70.645157,750400
2015-12-24,72.800003,73.389999,72.739998,72.959999,70.509872,382800
2015-12-28,72.779999,72.949997,72.220001,72.900002,70.451889,672000
2015-12-29,73.430000,74.139999,73.160004,73.580002,71.109055,647500
2015-12-30,73.320000,73.820000,72.820000,72.830002,70.384239,590200
2015-12-31,72.550003,73.180000,72.080002,72.089996,69.669083,985000
2016-01-04,70.290001,70.900002,69.660004,70.589996,68.219460,1782500
2016-01-05,70.860001,71.129997,70.169998,70.690002,68.316101,863800
2016-01-06,69.190002,69.580002,68.690002,69.010002,66.692513,1186600
2016-01-07,67.370003,68.199997,66.809998,67.180000,64.923981,1355300
2016-01-08,68.010002,68.010002,65.839996,65.930000,63.715954,1275300
2016-01-11,66.680000,67.599998,65.120003,65.889999,63.677307,1148900
2016-01-12,66.769997,66.830002,65.330002,66.309998,64.083191,1332700
2016-01-13,66.580002,66.860001,64.599998,64.750000,62.575573,2183100
2016-01-14,65.389999,66.550003,64.180000,65.739998,63.532345,1501700
2016-01-15,63.950001,65.769997,63.430000,63.779999,61.638157,2596700
2016-01-19,64.879997,65.379997,63.480000,63.930000,61.783123,2274400
2016-01-20,63.000000,63.000000,60.180000,61.430000,59.367073,4026700
2016-01-21,62.040001,62.270000,58.980000,59.009998,57.028339,3804400
2016-01-22,60.590000,61.020000,59.689999,60.419998,58.390991,3475300
2016-01-25,59.939999,60.279999,58.740002,58.790001,56.815727,2032000
2016-01-26,59.119999,60.439999,58.860001,59.849998,57.840126,2372600
2016-01-27,59.910000,61.820000,59.340000,59.810001,57.801476,2061800
2016-01-28,60.299999,60.810001,58.840000,59.770000,57.762821,1655300
2016-01-29,60.119999,62.080002,59.330002,62.080002,59.995243,1834700
2016-02-01,61.570000,62.020000,60.889999,61.250000,59.193123,2099400
2016-02-02,60.650002,61.880001,58.790001,59.240002,57.250618,2126700
2016-02-03,59.880001,59.930000,57.450001,59.459999,57.463226,1689500
2016-02-04,59.209999,60.470001,59.200001,60.340000,58.313671,1548000
2016-02-05,60.200001,60.860001,59.840000,60.020000,58.004425,2103000
2016-02-08,59.049999,60.450001,56.970001,57.720001,55.781662,2718800
2016-02-09,57.080002,58.360001,56.320000,57.990002,56.042595,2295200
2016-02-10,58.549999,59.049999,56.869999,56.900002,54.989201,2075700
2016-02-11,55.220001,55.930000,54.380001,54.500000,52.669792,3778100
2016-02-12,55.810001,56.939999,54.770000,56.849998,54.940876,2089000
2016-02-16,57.869999,58.830002,57.320000,58.250000,56.293861,2177000
2016-02-17,58.950001,60.349998,58.950001,59.610001,57.608192,1705100
2016-02-18,59.810001,59.810001,58.470001,59.080002,57.095993,1587200
2016-02-19,58.610001,59.580002,58.070000,59.380001,57.385918,1118100
2016-02-22,60.090000,61.150002,60.090000,60.900002,58.854877,1217100
2016-02-23,60.540001,60.570000,58.970001,59.740002,57.733826,1654600
2016-02-24,58.590000,58.849998,56.779999,58.720001,56.748085,1707000
2016-02-25,58.770000,59.610001,58.259998,59.520000,57.521214,1284700
2016-02-26,60.000000,61.139999,59.330002,60.240002,58.217037,1718700
2016-02-29,60.060001,60.520000,59.369999,59.380001,57.385918,1075500
2016-03-01,60.040001,62.660000,60.040001,62.500000,60.401134,1841500
2016-03-02,61.919998,63.259998,61.590000,63.230000,61.460640,2184000
2016-03-03,63.040001,64.669998,62.049999,64.430000,62.627064,1997400
2016-03-04,65.089996,66.019997,64.860001,65.660004,63.822643,2079900
2016-03-07,64.809998,66.180000,64.660004,65.889999,64.046204,1591000
2016-03-08,65.010002,65.440002,63.490002,63.959999,62.170212,1809100
2016-03-09,64.180000,64.750000,63.340000,63.639999,61.859165,1081800
2016-03-10,64.379997,64.559998,62.660000,63.599998,61.820278,1390600
2016-03-11,64.470001,65.750000,63.450001,65.709999,63.871250,1124100
2016-03-14,65.419998,65.790001,64.790001,65.449997,63.618515,1058300
2016-03-15,64.849998,65.019997,63.869999,65.000000,63.181110,1013100
2016-03-16,64.709999,65.559998,63.939999,64.690002,62.879784,1007900
2016-03-17,64.639999,65.330002,63.849998,65.160004,63.336639,1176500
2016-03-18,65.470001,66.540001,64.160004,66.040001,64.192001,1733600
2016-03-21,65.830002,66.690002,65.529999,66.129997,64.279480,642600
2016-03-22,65.660004,66.470001,65.339996,66.110001,64.260048,648900
2016-03-23,65.900002,66.099998,65.410004,65.629997,63.793480,627900
2016-03-24,65.010002,65.220001,64.269997,65.220001,63.394955,681300
2016-03-28,65.510002,65.930000,64.739998,65.059998,63.239437,877200
2016-03-29,64.650002,64.970001,63.500000,64.970001,63.151951,1268600
2016-03-30,65.739998,66.230003,65.250000,65.480003,63.647678,782500
2016-03-31,65.400002,65.959999,65.000000,65.169998,63.346348,891500
2016-04-01,64.519997,65.949997,64.089996,65.849998,64.007317,934400
2016-04-04,65.870003,66.529999,65.190002,65.680000,63.842091,927500
2016-04-05,64.910004,65.389999,64.129997,64.559998,62.753414,930600
2016-04-06,64.180000,65.269997,64.059998,65.180000,63.356075,1131600
2016-04-07,64.489998,64.489998,62.669998,63.020000,61.256516,1402800
2016-04-08,63.689999,64.279999,62.970001,63.259998,61.489796,953200
2016-04-11,63.669998,64.680000,63.490002,63.880001,62.092449,920700
2016-04-12,64.080002,65.250000,63.990002,65.160004,63.336639,909300
2016-04-13,65.620003,67.660004,65.239998,67.610001,65.718071,1204700
2016-04-14,65.790001,69.029999,65.790001,67.980003,66.077721,2131500
2016-04-15,67.930000,68.190002,67.040001,67.580002,65.688911,896000
2016-04-18,67.489998,68.459999,67.029999,68.290001,66.379044,1392600
2016-04-19,69.050003,71.900002,68.690002,71.839996,69.829704,2271700
2016-04-20,71.169998,72.430000,70.660004,72.250000,70.228233,1924600
2016-04-21,72.169998,73.000000,71.470001,71.779999,69.771385,2347800
2016-04-22,71.660004,72.800003,71.550003,72.360001,70.335152,1780500
2016-04-25,72.169998,72.250000,71.120003,71.669998,69.664459,1741500
2016-04-26,71.989998,72.559998,71.809998,72.470001,70.442070,1335300
2016-04-27,72.180000,73.000000,71.879997,72.269997,70.247673,1733900
2016-04-28,71.690002,72.510002,71.309998,71.610001,69.606148,1225500
2016-04-29,71.220001,71.720001,70.410004,71.080002,69.090973,1673700
2016-05-02,71.750000,71.959999,70.769997,71.860001,69.849152,1004700
2016-05-03,70.650002,70.650002,69.190002,70.279999,68.313354,1339000
2016-05-04,69.529999,70.080002,68.779999,69.330002,67.389938,1490100
2016-05-05,69.639999,69.970001,68.800003,68.989998,67.059456,1332500
2016-05-06,68.290001,69.290001,68.040001,69.019997,67.088608,1456000
2016-05-09,68.980003,69.379997,68.430000,68.720001,66.797012,1168800
2016-05-10,69.150002,70.320000,69.150002,70.279999,68.313354,950800
2016-05-11,70.120003,70.669998,69.389999,69.419998,67.477425,1215300
2016-05-12,69.959999,70.589996,68.940002,69.459999,67.516296,1064000
2016-05-13,69.309998,70.190002,68.260002,68.470001,66.554001,1151500
2016-05-16,68.660004,69.410004,68.559998,68.989998,67.059456,696600
2016-05-17,68.699997,69.720001,68.209999,68.930000,67.001129,1065000
2016-05-18,68.959999,71.550003,68.580002,71.529999,69.528381,1607500
2016-05-19,71.750000,71.800003,70.000000,71.000000,69.013214,1922100
2016-05-20,71.349998,72.389999,71.349998,71.879997,69.868591,1368000
2016-05-23,71.730003,72.449997,70.879997,71.320000,69.324257,1020000
2016-05-24,71.959999,73.000000,71.669998,72.629997,70.597595,1106000
2016-05-25,73.000000,74.209999,72.690002,74.059998,71.987579,1506700
2016-05-26,73.889999,74.160004,73.330002,73.769997,71.705696,1272100
2016-05-27,74.000000,74.290001,73.559998,74.239998,72.162552,1031600
2016-05-31,74.639999,74.860001,73.779999,74.099998,72.026466,1413300
2016-06-01,72.779999,74.089996,72.589996,74.019997,72.299957,869300
2016-06-02,73.570000,74.360001,73.449997,74.349998,72.622284,838400
2016-06-03,72.839996,72.989998,71.110001,72.320000,70.639465,2163500
2016-06-06,72.519997,73.709999,72.349998,73.309998,71.606453,1085100
2016-06-07,73.489998,73.489998,72.550003,72.610001,70.922729,805300
2016-06-08,72.489998,73.070000,72.330002,72.680000,70.991089,895500
2016-06-09,72.239998,72.500000,71.300003,71.870003,70.199921,1190600
2016-06-10,71.010002,71.500000,70.629997,70.980003,69.330605,1528300
2016-06-13,70.570000,71.519997,70.489998,70.669998,69.027802,1028800
2016-06-14,70.459999,71.080002,69.080002,69.430000,67.816628,901100
2016-06-15,69.570000,70.820000,69.440002,69.730003,68.109642,1190800
2016-06-16,68.900002,69.330002,68.150002,69.279999,67.670105,1410400
2016-06-17,69.330002,69.970001,68.849998,69.279999,67.670105,1305800
2016-06-20,70.730003,71.050003,69.449997,69.489998,67.875229,1299600
2016-06-21,69.580002,69.949997,69.190002,69.529999,67.914291,1130200
2016-06-22,69.779999,70.150002,69.330002,69.389999,67.777542,1039300
2016-06-23,70.389999,71.540001,70.180000,71.540001,69.877586,1225900
2016-06-24,68.430000,68.430000,65.470001,65.500000,63.977940,3729500
2016-06-27,64.730003,65.000000,61.320000,61.669998,60.236938,2063600
2016-06-28,62.840000,63.639999,61.770000,63.570000,62.092793,2125600
2016-06-29,64.360001,65.500000,63.660000,65.269997,63.753281,2037300
2016-06-30,64.739998,66.300003,64.309998,66.260002,64.720291,2474500
2016-07-01,65.760002,66.269997,65.199997,65.230003,63.714222,1254200
2016-07-05,64.580002,64.680000,62.939999,63.549999,62.073257,1293100
2016-07-06,62.770000,63.529999,61.860001,63.470001,61.995117,1329900
2016-07-07,62.959999,64.489998,62.779999,63.520000,62.043957,1426800
2016-07-08,64.489998,65.400002,64.169998,64.529999,63.030476,1420700
2016-07-11,65.440002,66.000000,64.750000,65.029999,63.518864,1037000
2016-07-12,65.790001,66.480003,65.790001,66.290001,64.749588,1134400
2016-07-13,66.120003,66.570000,65.500000,65.870003,64.339348,1183300
2016-07-14,67.190002,67.529999,66.669998,66.779999,65.228203,975800
2016-07-15,67.320000,67.370003,66.570000,67.019997,65.462616,964900
2016-07-18,67.150002,67.639999,67.089996,67.419998,65.853325,784100
2016-07-19,67.370003,67.370003,66.580002,67.110001,65.550529,2290900
2016-07-20,67.750000,67.750000,65.150002,66.470001,64.925415,2774700
2016-07-21,67.040001,67.459999,66.459999,66.730003,65.179367,1950800
2016-07-22,67.019997,67.190002,66.599998,67.080002,65.521225,924200
2016-07-25,66.839996,67.230003,66.739998,67.110001,65.550529,833700
2016-07-26,66.949997,68.120003,66.949997,68.080002,66.497993,1449000
2016-07-27,68.400002,69.279999,68.239998,68.480003,66.888702,1558900
2016-07-28,68.099998,68.309998,67.529999,67.739998,66.165894,1142700
2016-07-29,67.379997,67.779999,67.059998,67.589996,66.019363,835200
2016-08-01,67.570000,68.010002,66.910004,67.089996,65.530991,747200
2016-08-02,66.820000,67.250000,65.919998,66.209999,64.671432,826300
2016-08-03,66.349998,67.190002,66.349998,67.010002,65.452858,853900
2016-08-04,66.860001,67.169998,66.599998,66.779999,65.228203,835100
2016-08-05,67.519997,69.160004,67.160004,69.139999,67.533356,837800
2016-08-08,69.300003,69.720001,68.970001,69.199997,67.591957,544700
2016-08-09,69.099998,69.820000,69.070000,69.190002,67.582199,645400
2016-08-10,69.010002,69.480003,68.230003,68.360001,66.771484,618600
2016-08-11,68.440002,68.830002,68.150002,68.629997,67.035210,515100
2016-08-12,67.919998,67.970001,67.510002,67.830002,66.253799,941700
2016-08-15,68.040001,68.500000,68.000000,68.339996,66.751953,899600
2016-08-16,67.900002,68.610001,67.779999,68.180000,66.595665,892000
2016-08-17,68.000000,68.480003,67.989998,68.320000,66.732414,958100
2016-08-18,68.379997,68.550003,68.070000,68.279999,66.693344,661100
2016-08-19,68.360001,68.820000,68.029999,68.570000,66.976601,839500
2016-08-22,68.220001,68.720001,68.089996,68.629997,67.035210,724500
2016-08-23,68.989998,69.239998,68.559998,68.669998,67.074287,620000
2016-08-24,68.709999,69.029999,68.190002,68.379997,66.791016,576700
2016-08-25,68.400002,68.839996,67.510002,68.830002,67.230560,626600
2016-08-26,68.889999,69.580002,68.779999,69.349998,67.738472,888000
2016-08-29,69.410004,70.150002,69.410004,69.889999,68.265938,825500
2016-08-30,69.800003,70.820000,69.790001,70.820000,69.174324,861900
2016-08-31,70.400002,71.150002,69.970001,70.589996,69.321625,1832700
2016-09-01,70.970001,71.660004,69.790001,70.410004,69.144859,1293900
2016-09-02,70.540001,71.040001,70.269997,70.650002,69.380547,780700
2016-09-06,70.779999,70.790001,69.540001,69.860001,68.604744,866000
2016-09-07,69.610001,70.199997,69.430000,69.690002,68.437798,729000
2016-09-08,69.809998,70.110001,69.510002,69.830002,68.575279,1025700
2016-09-09,69.790001,70.230003,68.949997,68.949997,67.711082,1149200
2016-09-12,68.860001,69.940002,68.330002,69.720001,68.467262,1211600
2016-09-13,68.910004,69.589996,68.250000,68.779999,67.544151,835700
2016-09-14,68.589996,68.900002,68.059998,68.459999,67.229897,1156000
2016-09-15,68.489998,69.510002,68.300003,69.379997,68.133369,637100
2016-09-16,68.709999,68.779999,68.110001,68.360001,67.131691,1273000
2016-09-19,68.660004,69.459999,68.269997,68.510002,67.278999,868400
2016-09-20,68.919998,69.349998,68.559998,68.629997,67.396843,527700
2016-09-21,68.849998,69.400002,68.620003,69.160004,67.917328,677000
2016-09-22,69.760002,69.820000,68.989998,69.400002,68.153000,795600
2016-09-23,69.389999,69.540001,68.949997,69.309998,68.064621,993000
2016-09-26,68.730003,68.730003,67.440002,67.459999,66.247864,1077100
2016-09-27,67.199997,67.680000,66.599998,67.550003,66.336250,1004100
2016-09-28,67.889999,67.889999,67.050003,67.589996,66.375519,1170900
2016-09-29,67.800003,68.269997,66.400002,66.699997,65.501526,1036300
2016-09-30,67.160004,68.279999,66.830002,67.989998,66.768333,1631300
2016-10-03,67.730003,68.449997,67.639999,68.150002,66.925476,940600
2016-10-04,67.709999,69.989998,67.580002,69.830002,68.575279,1985100
2016-10-05,70.250000,72.089996,70.050003,71.900002,70.608093,1686500
2016-10-06,71.790001,72.080002,71.309998,72.040001,70.745575,1188100
2016-10-07,72.040001,72.080002,71.309998,71.949997,70.657188,1168100
2016-10-10,72.349998,72.739998,72.000000,72.070000,70.775024,642500
2016-10-11,71.879997,72.040001,70.599998,71.070000,69.792999,887700
2016-10-12,71.160004,71.699997,70.779999,71.110001,69.832283,639500
2016-10-13,70.349998,70.349998,68.779999,69.809998,68.555649,994000
2016-10-14,70.570000,71.300003,70.309998,70.589996,69.321625,951800
2016-10-17,70.800003,71.629997,70.010002,70.269997,69.007370,935600
2016-10-18,71.199997,71.360001,70.839996,70.949997,69.675156,809300
2016-10-19,69.930000,71.589996,69.459999,71.129997,69.851913,1697000
2016-10-20,71.139999,71.980003,70.889999,70.980003,69.704620,1044600
2016-10-21,70.269997,71.019997,70.000000,70.980003,69.704620,1652300
2016-10-24,71.459999,71.650002,70.940002,70.980003,69.704620,885600
2016-10-25,70.970001,71.279999,70.269997,70.320000,69.056480,1124600
2016-10-26,70.120003,71.589996,69.919998,71.459999,70.175995,927600
2016-10-27,71.949997,72.769997,71.320000,72.400002,71.099106,1915800
2016-10-28,72.709999,72.790001,71.769997,72.400002,71.099106,1394500
2016-10-31,72.720001,72.910004,72.370003,72.419998,71.118736,1170900
2016-11-01,72.879997,72.930000,72.110001,72.720001,71.413353,1513200
2016-11-02,72.440002,72.500000,71.620003,72.019997,70.725922,1060600
2016-11-03,72.349998,73.160004,72.110001,72.379997,71.079460,1060200
2016-11-04,72.580002,72.879997,71.940002,72.080002,70.784851,953500
2016-11-07,73.559998,74.000000,72.910004,74.000000,72.670357,1538500
2016-11-08,73.870003,74.449997,73.160004,73.980003,72.650719,1154300
2016-11-09,74.970001,77.279999,74.320000,77.150002,75.763756,2389800
2016-11-10,77.489998,79.779999,76.870003,78.519997,77.109131,3109600
2016-11-11,78.120003,80.010002,78.059998,79.879997,78.444695,2266000
2016-11-14,80.620003,82.910004,80.209999,82.820000,81.331871,3620100
2016-11-15,82.239998,83.089996,80.669998,82.970001,81.479179,2310400
2016-11-16,81.980003,82.339996,80.550003,81.040001,79.583855,1561300
2016-11-17,81.099998,81.970001,80.930000,81.500000,80.035591,1472400
2016-11-18,81.639999,82.150002,81.330002,81.500000,80.035591,1300100
2016-11-21,81.709999,82.279999,81.010002,81.889999,80.418587,1150100
2016-11-22,82.129997,82.129997,81.199997,81.910004,80.438225,1033200
2016-11-23,82.230003,82.589996,81.000000,82.019997,80.546249,1191500
2016-11-25,82.250000,82.500000,81.769997,82.150002,80.673912,471200
2016-11-28,81.540001,82.120003,80.489998,80.589996,79.141937,1326900
2016-11-29,80.860001,81.680000,80.860001,81.139999,79.682060,1181200
2016-11-30,81.750000,82.900002,81.320000,82.150002,81.053505,1475800
2016-12-01,82.559998,85.970001,81.620003,85.419998,84.279861,2831400
2016-12-02,84.959999,85.550003,83.769997,84.510002,83.382004,1719000
2016-12-05,85.050003,86.190002,84.949997,85.400002,84.260132,1576000
2016-12-06,85.589996,86.400002,85.000000,86.379997,85.227043,991300
2016-12-07,86.330002,89.389999,86.330002,89.309998,88.117935,3020400
2016-12-08,88.809998,90.529999,88.389999,89.769997,88.571793,1841900
2016-12-09,89.370003,89.500000,88.709999,89.370003,88.177139,1833500
2016-12-12,89.419998,89.959999,88.089996,88.809998,87.624611,1441300
2016-12-13,88.779999,89.570000,88.040001,89.000000,87.812080,2055800
2016-12-14,88.349998,90.400002,87.510002,88.500000,87.318748,2419200
2016-12-15,88.900002,90.959999,88.400002,90.059998,88.857933,1801500
2016-12-16,90.300003,90.500000,88.339996,88.459999,87.279289,2295900
2016-12-19,88.540001,88.970001,87.470001,88.669998,87.486473,874100
2016-12-20,89.330002,90.690002,88.910004,90.150002,88.946724,1203800
2016-12-21,89.660004,90.269997,89.000000,90.080002,88.877663,877300
2016-12-22,90.279999,90.419998,89.269997,89.699997,88.502731,866300
2016-12-23,89.660004,89.660004,88.809998,89.529999,88.334999,434100
2016-12-27,89.519997,89.980003,88.440002,89.839996,88.640862,393000
2016-12-28,90.339996,90.489998,89.050003,89.209999,88.019264,661400
2016-12-29,89.209999,89.599998,87.860001,88.629997,87.447014,773400
2016-12-30,89.070000,89.250000,88.389999,89.050003,87.861404,770300
2017-01-03,90.339996,90.500000,88.949997,89.639999,88.443527,1445300
2017-01-04,89.989998,90.680000,88.889999,90.489998,89.282188,1338300
2017-01-05,90.379997,90.849998,89.000000,90.099998,88.897392,1261500
2017-01-06,90.440002,90.930000,89.589996,89.839996,88.640862,1203200
2017-01-09,89.470001,90.209999,88.739998,89.029999,87.841675,830200
2017-01-10,89.239998,90.379997,88.559998,89.269997,88.078476,1053200
2017-01-11,89.220001,90.040001,88.860001,90.019997,88.818451,959800
2017-01-12,89.639999,89.879997,88.449997,89.790001,88.591530,689600
2017-01-13,90.150002,91.139999,89.910004,90.190002,88.986191,862600
2017-01-17,89.660004,89.820000,88.029999,88.150002,86.973427,1550100
2017-01-18,83.540001,84.900002,82.480003,83.989998,82.868950,3433400
2017-01-19,84.099998,84.449997,83.370003,83.519997,82.405220,1872600
2017-01-20,83.800003,84.339996,82.760002,83.360001,82.247353,1757100
2017-01-23,83.059998,83.910004,82.459999,82.669998,81.566566,1215400
2017-01-24,83.019997,83.970001,82.330002,83.489998,82.375618,1247100
2017-01-25,84.160004,84.529999,82.870003,84.070000,82.947884,1544000
2017-01-26,84.209999,84.410004,83.120003,83.949997,82.829475,1228400
2017-01-27,84.000000,84.010002,83.099998,83.680000,82.563080,845600
2017-01-30,83.320000,83.589996,81.919998,83.150002,82.040169,897700
2017-01-31,82.830002,83.870003,82.570000,82.959999,81.852692,1335000
2017-02-01,83.760002,84.430000,83.040001,83.309998,82.198013,1258900
2017-02-02,82.610001,83.269997,81.959999,82.820000,81.714561,793400
2017-02-03,83.870003,84.589996,83.599998,84.400002,83.273476,1108900
2017-02-06,84.099998,84.779999,83.989998,84.550003,83.421471,1304800
2017-02-07,84.739998,84.779999,84.050003,84.360001,83.234009,1138300
2017-02-08,83.709999,84.160004,83.209999,84.000000,82.878815,1069900
2017-02-09,84.250000,85.580002,83.699997,85.510002,84.368660,1283400
2017-02-10,85.809998,86.040001,85.269997,85.370003,84.230530,1135400
2017-02-13,85.739998,86.870003,85.739998,86.279999,85.128380,721500
2017-02-14,86.379997,87.870003,86.139999,87.580002,86.411034,1250800
2017-02-15,87.830002,88.839996,86.550003,88.660004,87.476616,952600
2017-02-16,88.599998,88.989998,87.089996,87.339996,86.174225,1132800
2017-02-17,86.599998,87.589996,85.940002,87.199997,86.036095,913600
2017-02-21,87.620003,88.360001,87.320000,88.059998,86.884621,723100
2017-02-22,87.419998,87.949997,87.050003,87.500000,86.332100,605000
2017-02-23,87.900002,87.930000,86.980003,87.690002,86.519562,591200
2017-02-24,86.849998,87.190002,85.440002,87.050003,85.888107,768100
2017-02-27,87.180000,87.589996,86.940002,87.529999,86.361694,528400
2017-02-28,87.080002,87.540001,86.690002,87.349998,86.184097,1011300
2017-03-01,88.769997,90.220001,88.760002,89.410004,88.602051,1299700
2017-03-02,89.440002,89.440002,88.269997,88.339996,87.541718,879300
2017-03-03,88.410004,89.010002,87.889999,88.709999,87.908379,934300
2017-03-06,88.059998,88.300003,87.440002,87.709999,86.917412,1033900
2017-03-07,87.809998,88.760002,87.400002,88.389999,87.591270,973500
2017-03-08,89.300003,90.199997,88.709999,88.919998,88.116478,1432900
2017-03-09,89.440002,89.989998,89.080002,89.400002,88.592148,1223500
2017-03-10,90.000000,90.150002,88.779999,89.300003,88.493050,831600
2017-03-13,89.230003,90.019997,88.550003,89.809998,88.998436,1048300
2017-03-14,89.540001,89.980003,88.750000,89.720001,88.909248,804100
2017-03-15,90.150002,90.160004,89.400002,89.529999,88.720963,1220900
2017-03-16,89.940002,90.669998,89.580002,89.989998,89.176804,876700
2017-03-17,90.110001,90.269997,88.580002,88.680000,87.878647,1956200
2017-03-20,88.519997,88.870003,87.790001,88.019997,87.224609,1217200
2017-03-21,88.419998,88.750000,86.190002,86.330002,85.549881,2777200
2017-03-22,85.930000,86.839996,84.930000,86.570000,85.787720,1599300
2017-03-23,86.739998,87.769997,86.019997,86.739998,85.956169,1008500
2017-03-24,86.760002,87.610001,85.089996,85.750000,84.975121,1297100
2017-03-27,84.440002,85.389999,83.169998,85.070000,84.301270,1255600
2017-03-28,84.919998,86.480003,84.410004,86.190002,85.411148,1411300
2017-03-29,85.820000,86.459999,85.699997,86.120003,85.341782,750200
2017-03-30,86.000000,87.459999,85.870003,87.190002,86.402115,975500
2017-03-31,87.010002,87.190002,86.360001,86.580002,85.797623,854300
2017-04-03,86.470001,87.410004,84.970001,86.220001,85.440872,952300
2017-04-04,86.029999,86.610001,85.639999,86.279999,85.500328,697400
2017-04-05,87.010002,87.739998,85.680000,85.750000,84.975121,1388000
2017-04-06,85.910004,86.440002,84.959999,86.400002,85.619255,928000
2017-04-07,85.830002,86.769997,85.410004,86.089996,85.312050,717400
2017-04-10,85.930000,86.629997,85.320000,85.519997,84.747200,761500
2017-04-11,86.120003,86.669998,85.019997,86.639999,85.857079,1441700
2017-04-12,86.669998,86.669998,85.150002,85.769997,84.994942,849800
2017-04-13,85.330002,86.599998,85.000000,85.029999,84.261627,703600
2017-04-17,85.150002,86.570000,84.930000,86.419998,85.639061,752300
2017-04-18,85.720001,86.379997,85.220001,85.760002,84.985031,762400
2017-04-19,86.320000,86.620003,85.760002,86.010002,85.232773,579600
2017-04-20,86.309998,87.620003,85.849998,87.449997,86.659760,1133100
2017-04-21,87.190002,87.790001,86.620003,87.360001,86.570580,1053200
2017-04-24,89.570000,89.900002,87.739998,89.379997,88.572319,1225600
2017-04-25,89.910004,91.779999,88.940002,90.580002,89.761475,2062500
2017-04-26,90.279999,92.180000,90.279999,91.680000,90.851540,1324700
2017-04-27,91.599998,92.290001,91.070000,91.519997,90.692978,1155000
2017-04-28,91.519997,91.730003,89.959999,90.000000,89.186714,1216000
2017-05-01,90.489998,90.699997,89.669998,90.129997,89.315544,1007100
2017-05-02,90.349998,90.430000,89.290001,89.620003,88.810150,1171800
2017-05-03,89.279999,90.309998,89.180000,90.209999,89.394821,1028300
2017-05-04,90.709999,91.320000,90.169998,90.540001,89.721840,984300
2017-05-05,91.000000,91.000000,90.139999,90.529999,89.711929,1038900
2017-05-08,90.660004,91.000000,90.379997,90.930000,90.108315,932800
2017-05-09,91.019997,91.599998,90.629997,90.790001,89.969582,912700
2017-05-10,90.650002,91.059998,90.419998,90.809998,89.989395,762200
2017-05-11,90.360001,90.900002,89.669998,90.309998,89.493912,569800
2017-05-12,89.669998,89.739998,88.940002,89.660004,88.849800,764500
2017-05-15,89.699997,90.769997,89.699997,90.150002,89.335365,744300
2017-05-16,90.129997,90.769997,89.849998,90.599998,89.781296,907700
2017-05-17,89.330002,89.510002,85.410004,85.760002,84.985031,1740300
2017-05-18,85.699997,87.349998,85.660004,86.739998,85.956169,1281900
2017-05-19,86.900002,87.599998,86.669998,86.940002,86.154373,1088100
2017-05-22,87.290001,87.879997,86.930000,87.680000,86.887680,939100
2017-05-23,87.790001,88.970001,87.250000,88.599998,87.799370,791400
2017-05-24,88.699997,88.839996,86.610001,88.410004,87.611084,669400
2017-05-25,88.779999,89.169998,87.900002,88.279999,87.482262,751800
2017-05-26,88.330002,88.949997,88.150002,88.690002,87.888557,882400
2017-05-30,88.389999,89.000000,87.220001,88.099998,87.303886,816200
2017-05-31,87.809998,87.820000,85.889999,87.440002,87.025215,1317900
2017-06-01,87.760002,89.160004,86.809998,89.000000,88.577820,1115400
2017-06-02,88.139999,89.019997,87.809998,88.510002,88.090141,1343000
2017-06-05,88.769997,89.449997,88.720001,88.730003,88.309097,933200
2017-06-06,87.970001,88.379997,87.089996,87.620003,87.204369,1038000
2017-06-07,87.720001,89.620003,87.589996,89.199997,88.776863,900700
2017-06-08,89.419998,91.019997,89.029999,90.089996,89.662643,1138600
2017-06-09,90.440002,91.830002,89.949997,91.750000,91.314774,1222300
2017-06-12,91.750000,92.559998,91.309998,91.910004,91.474014,1135300
2017-06-13,92.190002,93.029999,91.820000,92.730003,92.290123,1088600
2017-06-14,91.570000,93.720001,91.250000,93.360001,92.917137,1263900
2017-06-15,93.190002,94.269997,92.760002,93.889999,93.444618,882800
2017-06-16,94.120003,94.589996,93.519997,94.550003,94.101494,1525800
2017-06-19,94.989998,95.629997,94.750000,95.300003,94.847931,907500
2017-06-20,94.760002,95.389999,94.580002,94.639999,94.191063,593400
2017-06-21,94.750000,94.779999,94.110001,94.389999,93.942245,838600
2017-06-22,94.029999,94.739998,93.800003,94.339996,93.892479,801300
2017-06-23,94.790001,95.019997,93.639999,94.010002,93.564056,1143900
2017-06-26,94.209999,94.769997,93.599998,94.199997,93.753143,625600
2017-06-27,94.570000,95.750000,94.160004,95.419998,94.967361,1189000
2017-06-28,96.000000,97.699997,95.709999,96.660004,96.201485,1363900
2017-06-29,98.029999,98.720001,95.849998,97.000000,96.539864,1440100
2017-06-30,98.120003,98.120003,96.980003,97.209999,96.748871,1138000
2017-07-03,97.669998,99.300003,97.629997,98.389999,97.923271,614800
2017-07-05,98.879997,99.290001,97.949997,98.980003,98.510475,1175000
2017-07-06,98.989998,99.050003,97.269997,97.540001,97.077309,1403700
2017-07-07,98.080002,98.709999,97.410004,98.129997,97.664505,994100
2017-07-10,97.860001,99.050003,97.699997,98.550003,98.082520,863500
2017-07-11,98.410004,98.629997,97.610001,97.900002,97.435600,717900
2017-07-12,97.989998,98.080002,97.169998,97.980003,97.515221,828000
2017-07-13,98.209999,98.239998,97.500000,98.190002,97.724228,940100
2017-07-14,97.529999,98.440002,96.629997,98.110001,97.644600,545100
2017-07-17,98.019997,98.940002,97.230003,98.029999,97.564980,623700
2017-07-18,97.169998,97.940002,96.660004,97.370003,96.908112,1340500
2017-07-19,91.500000,92.500000,87.360001,89.209999,88.786819,5279900
2017-07-20,89.230003,89.529999,87.000000,87.500000,87.084930,4028500
2017-07-21,87.589996,87.959999,86.570000,87.839996,87.423317,2705800
2017-07-24,87.779999,88.480003,87.750000,87.900002,87.483032,1760200
2017-07-25,88.959999,89.440002,87.870003,88.150002,87.731850,1553700
2017-07-26,88.080002,88.370003,87.580002,87.900002,87.483032,1307900
2017-07-27,87.919998,88.430000,86.970001,87.660004,87.244179,1213200
2017-07-28,87.650002,87.889999,87.070000,87.260002,86.846069,946300
2017-07-31,87.330002,87.809998,86.959999,87.510002,87.094887,981800
2017-08-01,88.160004,88.199997,87.120003,88.110001,87.692039,1282300
2017-08-02,88.110001,88.400002,87.339996,88.110001,87.692039,1053400
2017-08-03,88.099998,88.370003,87.820000,87.980003,87.562660,1196900
2017-08-04,88.419998,89.500000,88.150002,88.989998,88.567863,1056800
2017-08-07,88.889999,89.190002,88.120003,88.290001,87.871185,645800
2017-08-08,87.919998,89.510002,87.720001,88.790001,88.368813,1042500
2017-08-09,88.239998,89.309998,88.099998,89.239998,88.816673,1271000
2017-08-10,88.940002,89.070000,87.089996,87.199997,86.786354,1845800
2017-08-11,87.599998,87.930000,86.760002,87.150002,86.736595,1043500
2017-08-14,88.110001,89.080002,87.919998,88.639999,88.219521,1213900
2017-08-15,89.250000,89.650002,88.669998,88.690002,88.269287,984300
2017-08-16,89.029999,89.800003,88.800003,89.480003,89.055542,1347200
2017-08-17,89.099998,89.239998,87.320000,87.430000,87.015266,1376100
2017-08-18,87.169998,88.349998,87.010002,87.930000,87.512894,1149000
2017-08-21,87.900002,88.139999,87.410004,87.870003,87.453178,729800
2017-08-22,88.099998,89.239998,87.870003,89.059998,88.637527,1285500
2017-08-23,88.480003,89.489998,88.470001,89.209999,88.786819,602800
2017-08-24,89.589996,89.940002,89.040001,89.750000,89.324257,1746500
2017-08-25,89.930000,90.510002,89.660004,89.730003,89.304359,1356300
2017-08-28,89.980003,90.150002,88.629997,88.959999,88.538002,617000
2017-08-29,88.050003,88.769997,87.809998,88.540001,88.120003,743200
2017-08-30,88.349998,88.699997,88.099998,88.309998,88.309998,709100
2017-08-31,88.370003,88.839996,88.120003,88.500000,88.500000,962100
2017-09-01,88.669998,89.419998,88.449997,88.959999,88.959999,640100
2017-09-05,88.320000,88.580002,86.320000,86.510002,86.510002,1341100
2017-09-06,87.050003,87.339996,85.690002,86.589996,86.589996,1274300
2017-09-07,86.860001,87.239998,85.820000,86.839996,86.839996,2000900
2017-09-08,87.459999,89.360001,87.010002,88.459999,88.459999,1392500
2017-09-11,89.269997,90.419998,88.709999,90.029999,90.029999,1292600
2017-09-12,90.459999,91.629997,90.120003,90.570000,90.570000,1237500
2017-09-13,89.209999,89.519997,86.949997,88.269997,88.269997,2401700
2017-09-14,87.949997,88.419998,87.620003,87.809998,87.809998,1507100
2017-09-15,87.739998,88.480003,87.360001,87.959999,87.959999,1338600
2017-09-18,88.309998,88.930000,88.029999,88.540001,88.540001,1001300
2017-09-19,88.769997,89.059998,88.339996,88.580002,88.580002,1026000
2017-09-20,88.870003,89.959999,88.300003,89.680000,89.680000,1053300
2017-09-21,89.480003,90.959999,89.410004,90.839996,90.839996,1325700
2017-09-22,90.440002,91.040001,90.120003,90.419998,90.419998,695300
2017-09-25,90.180000,90.349998,88.889999,89.389999,89.389999,868600
2017-09-26,89.419998,90.330002,89.050003,89.870003,89.870003,1179800
2017-09-27,90.769997,92.239998,90.769997,91.680000,91.680000,1084200
2017-09-28,91.820000,92.019997,91.279999,91.930000,91.930000,573400
2017-09-29,92.000000,92.639999,91.620003,91.930000,91.930000,545300
2017-10-02,91.809998,92.620003,91.570000,92.500000,92.500000,805600
2017-10-03,92.400002,92.430000,91.440002,92.389999,92.389999,1140500
2017-10-04,92.230003,92.620003,91.610001,91.660004,91.660004,764200
2017-10-05,91.860001,93.349998,91.750000,92.970001,92.970001,744700
2017-10-06,92.980003,94.010002,92.430000,93.269997,93.269997,1994500
2017-10-09,93.300003,93.410004,92.320000,92.650002,92.650002,685800
2017-10-10,93.050003,93.639999,92.580002,93.269997,93.269997,771400
2017-10-11,93.120003,93.839996,92.610001,93.730003,93.730003,945500
2017-10-12,93.949997,94.480003,93.269997,93.349998,93.349998,923900
2017-10-13,93.099998,93.610001,92.190002,92.989998,92.989998,1126500
2017-10-16,93.010002,93.230003,91.559998,91.919998,91.919998,1747400
2017-10-17,92.010002,92.250000,91.059998,91.099998,91.099998,2755800
2017-10-18,95.000000,96.410004,92.059998,94.580002,94.580002,5225000
2017-10-19,94.489998,96.089996,93.959999,94.980003,94.980003,1719500
2017-10-20,95.930000,96.199997,95.040001,95.269997,95.269997,1579100
2017-10-23,95.529999,95.949997,94.629997,95.410004,95.410004,985300
2017-10-24,95.849998,96.849998,95.419998,96.449997,96.449997,1114400
2017-10-25,96.580002,97.110001,93.470001,94.760002,94.760002,1310900
2017-10-26,95.070000,96.220001,93.010002,95.519997,95.519997,954300
2017-10-27,95.389999,95.739998,94.570000,94.709999,94.709999,1101300
2017-10-30,94.050003,95.370003,93.720001,94.650002,94.650002,818500
2017-10-31,94.440002,94.779999,93.379997,93.519997,93.519997,959800
2017-11-01,93.930000,94.650002,93.379997,93.410004,93.410004,859600
2017-11-02,93.239998,94.540001,93.199997,94.010002,94.010002,1418000
2017-11-03,93.879997,94.540001,93.410004,94.389999,94.389999,1074700
2017-11-06,94.000000,94.559998,94.000000,94.220001,94.220001,607900
2017-11-07,94.180000,94.720001,92.279999,92.410004,92.410004,752600
2017-11-08,92.470001,93.269997,91.849998,92.870003,92.870003,829100
2017-11-09,92.309998,93.129997,91.199997,92.160004,92.160004,550000
2017-11-10,92.080002,93.080002,91.669998,92.510002,92.510002,852500
2017-11-13,91.580002,92.660004,91.459999,92.459999,92.459999,878900
2017-11-14,92.250000,92.910004,91.980003,92.639999,92.639999,891300
2017-11-15,92.040001,93.540001,91.680000,93.279999,93.279999,1001100
2017-11-16,93.470001,94.669998,93.230003,93.709999,93.709999,1026000
2017-11-17,93.269997,94.650002,93.260002,94.070000,94.070000,1067100
